,Pre,Post,Innovation
0,I1_0,OUT_COMM_0,0
1,I1_0,OUT_COMM_1,1
2,I1_1,OUT_COMM_0,2
3,I1_1,OUT_COMM_1,3
4,I2_0,OUT_COMM_STATE_0,4
5,I2_1,OUT_COMM_STATE_0,5
6,I3_0,OUT_MOT_0,6
7,I3_1,OUT_MOT_0,7
8,OUT_COMM_1,OUT_COMM_1,8
9,OUT_COMM_0,OUT_COMM_STATE_0,9
10,I2_0,OUT_COMM_1,10
11,I1_1,OUT_MOT_0,11
12,I3_0,OUT_COMM_0,12
13,OUT_COMM_0,OUT_COMM_0,13
14,OUT_COMM_1,OUT_MOT_0,14
15,I2_1,OUT_COMM_1,15
16,OUT_MOT_0,OUT_COMM_STATE_0,16
17,OUT_MOT_0,OUT_COMM_1,17
18,OUT_COMM_0,OUT_MOT_0,18
19,I2_0,OUT_MOT_0,19
20,OUT_COMM_STATE_0,OUT_COMM_1,20
21,I3_0,OUT_COMM_1,21
22,Node_10,OUT_MOT_0,22
23,I3_1,Node_10,23
24,Node_11,OUT_MOT_0,24
25,I3_0,Node_11,25
26,Node_12,OUT_COMM_STATE_0,26
27,I2_0,Node_12,27
28,Node_13,OUT_COMM_0,28
29,I1_0,Node_13,29
30,Node_14,OUT_MOT_0,30
31,I3_1,Node_14,31
32,Node_15,OUT_COMM_STATE_0,32
33,I2_1,Node_15,33
34,Node_16,OUT_COMM_1,34
35,I1_0,Node_16,35
36,Node_17,OUT_COMM_1,36
37,I1_0,Node_17,37
38,Node_18,OUT_COMM_0,38
39,I1_0,Node_18,39
40,I3_1,OUT_COMM_0,40
41,I2_0,OUT_COMM_0,41
42,I2_1,OUT_MOT_0,42
43,OUT_COMM_STATE_0,OUT_COMM_STATE_0,43
44,I1_0,OUT_MOT_0,44
45,OUT_MOT_0,OUT_MOT_0,45
46,OUT_COMM_STATE_0,OUT_COMM_0,46
47,Node_19,OUT_COMM_STATE_0,47
48,I2_0,Node_19,48
49,Node_20,OUT_COMM_1,49
50,I1_1,Node_20,50
51,Node_21,OUT_MOT_0,51
52,I3_1,Node_21,52
53,Node_22,OUT_COMM_1,53
54,I1_0,Node_22,54
55,Node_23,OUT_MOT_0,55
56,I3_1,Node_23,56
57,Node_24,OUT_COMM_0,57
58,I1_1,Node_24,58
59,Node_25,OUT_MOT_0,59
60,I3_1,Node_25,60
61,Node_26,OUT_COMM_1,61
62,I3_0,Node_26,62
63,Node_27,OUT_MOT_0,63
64,I3_0,Node_27,64
65,Node_28,OUT_COMM_0,65
66,I1_1,Node_28,66
67,Node_29,OUT_COMM_0,67
68,I1_1,Node_29,68
69,OUT_COMM_1,OUT_COMM_STATE_0,69
70,I2_1,Node_19,70
71,Node_30,OUT_COMM_STATE_0,71
72,I2_1,Node_30,72
73,Node_31,OUT_COMM_1,73
74,I1_0,Node_31,74
75,Node_32,OUT_COMM_1,75
76,I1_1,Node_32,76
77,OUT_COMM_STATE_0,OUT_MOT_0,77
78,I3_1,OUT_COMM_STATE_0,78
79,I1_0,Node_27,79
80,I3_0,OUT_COMM_STATE_0,80
81,I2_1,OUT_COMM_0,81
82,I1_0,OUT_COMM_STATE_0,82
83,Node_33,OUT_COMM_1,83
84,I1_1,Node_33,84
85,Node_34,OUT_COMM_1,85
86,I3_0,Node_34,86
87,Node_35,OUT_COMM_0,87
88,I1_1,Node_35,88
89,Node_36,OUT_COMM_1,89
90,I1_0,Node_36,90
91,Node_37,OUT_COMM_0,91
92,I1_0,Node_37,92
93,Node_38,OUT_COMM_1,93
94,I1_0,Node_38,94
95,Node_39,OUT_MOT_0,95
96,I3_1,Node_39,96
97,Node_40,OUT_COMM_0,97
98,I1_1,Node_40,98
99,Node_41,OUT_COMM_0,99
100,I2_0,Node_41,100
101,Node_27,Node_27,101
102,OUT_COMM_0,OUT_COMM_1,102
103,OUT_MOT_0,OUT_COMM_0,103
104,OUT_COMM_0,Node_27,104
105,Node_42,OUT_COMM_0,105
106,I1_1,Node_42,106
107,Node_43,OUT_COMM_1,107
108,I1_1,Node_43,108
109,Node_44,OUT_MOT_0,109
110,I3_0,Node_44,110
111,Node_45,OUT_COMM_1,111
112,I1_1,Node_45,112
113,Node_46,OUT_COMM_0,113
114,I1_1,Node_46,114
115,Node_47,OUT_COMM_STATE_0,115
116,I2_1,Node_47,116
117,Node_48,Node_12,117
118,I2_0,Node_48,118
119,Node_49,OUT_COMM_STATE_0,119
120,I2_1,Node_49,120
121,I1_1,Node_34,121
122,Node_50,OUT_COMM_0,122
123,I1_1,Node_50,123
124,Node_51,OUT_COMM_1,124
125,I1_0,Node_51,125
126,Node_52,OUT_COMM_STATE_0,126
127,I2_1,Node_52,127
128,Node_53,OUT_MOT_0,128
129,I3_1,Node_53,129
130,Node_54,OUT_COMM_0,130
131,I1_1,Node_54,131
132,Node_34,OUT_COMM_0,132
133,I3_1,OUT_COMM_1,133
134,Node_55,OUT_COMM_1,134
135,I1_0,Node_55,135
136,Node_56,OUT_COMM_0,136
137,I1_0,Node_56,137
138,Node_57,OUT_MOT_0,138
139,Node_44,Node_57,139
140,Node_58,OUT_COMM_0,140
141,I1_0,Node_58,141
142,Node_59,OUT_COMM_1,142
143,I1_0,Node_59,143
144,Node_60,OUT_COMM_STATE_0,144
145,I2_1,Node_60,145
146,Node_61,OUT_MOT_0,146
147,I3_1,Node_61,147
148,Node_62,OUT_COMM_0,148
149,I1_0,Node_62,149
150,Node_63,OUT_COMM_0,150
151,I1_1,Node_63,151
152,I1_1,OUT_COMM_STATE_0,152
153,I3_1,Node_12,153
154,OUT_MOT_0,Node_12,154
155,Node_64,OUT_COMM_STATE_0,155
156,I2_1,Node_64,156
157,Node_65,OUT_COMM_0,157
158,I1_0,Node_65,158
159,Node_66,OUT_COMM_1,159
160,I1_0,Node_66,160
161,Node_67,OUT_COMM_0,161
162,I1_1,Node_67,162
163,Node_68,OUT_COMM_0,163
164,I1_0,Node_68,164
165,Node_69,OUT_COMM_1,165
166,OUT_COMM_STATE_0,Node_69,166
167,Node_70,OUT_MOT_0,167
168,I3_1,Node_70,168
169,Node_71,OUT_COMM_1,169
170,Node_34,Node_71,170
171,Node_71,OUT_MOT_0,171
172,Node_34,OUT_MOT_0,172
173,Node_27,OUT_COMM_1,173
174,Node_56,Node_56,174
175,I2_1,Node_12,175
176,Node_72,Node_27,176
177,I3_0,Node_72,177
178,Node_73,OUT_COMM_STATE_0,178
179,OUT_COMM_0,Node_73,179
180,Node_74,OUT_COMM_STATE_0,180
181,I2_1,Node_74,181
182,Node_75,OUT_COMM_STATE_0,182
183,OUT_COMM_0,Node_75,183
184,Node_76,OUT_COMM_0,184
185,I1_1,Node_76,185
186,Node_77,OUT_COMM_0,186
187,I1_0,Node_77,187
188,Node_78,Node_65,188
189,I1_0,Node_78,189
190,Node_79,OUT_MOT_0,190
191,I3_1,Node_79,191
192,Node_80,OUT_MOT_0,192
193,I3_1,Node_80,193
194,OUT_COMM_1,OUT_COMM_0,194
195,Node_27,OUT_COMM_0,195
196,OUT_MOT_0,Node_27,196
197,Node_81,OUT_MOT_0,197
198,I3_1,Node_81,198
199,Node_82,Node_34,199
200,I3_0,Node_82,200
201,Node_83,OUT_COMM_STATE_0,201
202,I2_1,Node_83,202
203,Node_84,OUT_MOT_0,203
204,I3_1,Node_84,204
205,Node_85,OUT_MOT_0,205
206,I3_1,Node_85,206
207,Node_86,OUT_MOT_0,207
208,I3_1,Node_86,208
209,Node_87,OUT_MOT_0,209
210,I3_1,Node_87,210
211,Node_88,OUT_COMM_1,211
212,I1_1,Node_88,212
213,OUT_COMM_STATE_0,Node_27,213
214,OUT_COMM_1,Node_27,214
215,I1_1,Node_27,215
216,Node_89,Node_27,216
217,I3_0,Node_89,217
218,Node_90,Node_76,218
219,I1_1,Node_90,219
220,Node_91,OUT_COMM_1,220
221,I1_1,Node_91,221
222,Node_92,OUT_MOT_0,222
223,I3_0,Node_92,223
224,Node_93,OUT_COMM_0,224
225,I1_1,Node_93,225
226,Node_94,OUT_COMM_0,226
227,I1_0,Node_94,227
228,Node_95,OUT_MOT_0,228
229,I3_1,Node_95,229
230,OUT_MOT_0,Node_76,230
231,OUT_COMM_STATE_0,Node_76,231
232,Node_96,OUT_MOT_0,232
233,Node_27,Node_96,233
234,Node_97,OUT_COMM_0,234
235,I1_1,Node_97,235
236,Node_98,OUT_COMM_STATE_0,236
237,I2_1,Node_98,237
238,Node_99,OUT_COMM_0,238
239,Node_76,Node_99,239
240,Node_100,OUT_COMM_STATE_0,240
241,I2_1,Node_100,241
242,Node_101,OUT_MOT_0,242
243,I3_1,Node_101,243
244,I2_0,Node_97,244
245,I2_1,Node_27,245
246,I2_0,Node_76,246
247,Node_102,Node_76,247
248,I1_1,Node_102,248
249,Node_103,OUT_MOT_0,249
250,I3_1,Node_103,250
251,Node_104,OUT_COMM_1,251
252,I1_1,Node_104,252
253,Node_105,OUT_COMM_STATE_0,253
254,I2_1,Node_105,254
255,Node_106,Node_76,255
256,I1_1,Node_106,256
257,Node_76,Node_76,257
258,Node_65,Node_65,258
259,Node_65,OUT_COMM_STATE_0,259
260,Node_107,OUT_COMM_1,260
261,I1_0,Node_107,261
262,Node_108,OUT_COMM_1,262
263,I1_0,Node_108,263
264,Node_109,OUT_COMM_0,264
265,I1_1,Node_109,265
266,Node_110,OUT_COMM_STATE_0,266
267,I2_1,Node_110,267
268,Node_111,OUT_MOT_0,268
269,I3_1,Node_111,269
270,Node_112,OUT_MOT_0,270
271,I3_1,Node_112,271
272,Node_113,OUT_COMM_STATE_0,272
273,I2_0,Node_113,273
274,Node_114,OUT_MOT_0,274
275,Node_27,Node_114,275
276,Node_115,OUT_MOT_0,276
277,Node_27,Node_115,277
278,Node_116,OUT_MOT_0,278
279,Node_27,Node_116,279
280,Node_117,Node_27,280
281,I3_0,Node_117,281
282,Node_118,OUT_MOT_0,282
283,I3_0,Node_118,283
284,Node_76,OUT_MOT_0,284
285,I3_1,Node_27,285
286,I3_1,Node_76,286
287,Node_119,OUT_COMM_STATE_0,287
288,I2_1,Node_119,288
289,Node_120,OUT_COMM_0,289
290,I1_0,Node_120,290
291,Node_121,Node_27,291
292,I3_0,Node_121,292
293,Node_122,OUT_COMM_STATE_0,293
294,I2_1,Node_122,294
295,Node_123,OUT_MOT_0,295
296,I3_0,Node_123,296
297,Node_124,Node_116,297
298,Node_27,Node_124,298
299,Node_125,OUT_MOT_0,299
300,I3_1,Node_125,300
301,Node_116,Node_65,301
302,Node_65,Node_27,302
303,Node_126,OUT_COMM_STATE_0,303
304,I2_1,Node_126,304
305,Node_127,OUT_COMM_0,305
306,Node_76,Node_127,306
307,Node_128,OUT_MOT_0,307
308,OUT_COMM_STATE_0,Node_128,308
309,Node_129,OUT_MOT_0,309
310,I3_1,Node_129,310
311,Node_130,OUT_COMM_1,311
312,I1_1,Node_130,312
313,Node_131,OUT_COMM_1,313
314,I1_1,Node_131,314
315,Node_132,Node_27,315
316,I3_0,Node_132,316
317,Node_133,OUT_MOT_0,317
318,Node_27,Node_133,318
319,Node_134,Node_27,319
320,I3_0,Node_134,320
321,Node_135,OUT_MOT_0,321
322,Node_27,Node_135,322
323,Node_136,OUT_MOT_0,323
324,Node_27,Node_136,324
325,Node_76,OUT_COMM_1,325
326,I3_0,Node_76,326
327,Node_101,Node_76,327
328,Node_129,OUT_COMM_0,328
329,Node_137,OUT_COMM_0,329
330,Node_76,Node_137,330
331,Node_138,OUT_MOT_0,331
332,I3_0,Node_138,332
333,Node_139,Node_27,333
334,OUT_COMM_0,Node_139,334
335,Node_140,OUT_MOT_0,335
336,Node_27,Node_140,336
337,Node_141,Node_76,337
338,I1_1,Node_141,338
339,Node_142,OUT_MOT_0,339
340,Node_101,Node_142,340
341,Node_143,OUT_COMM_STATE_0,341
342,I2_1,Node_143,342
343,Node_144,OUT_COMM_1,343
344,I1_1,Node_144,344
345,Node_145,OUT_COMM_0,345
346,Node_65,Node_145,346
347,Node_146,Node_27,347
348,I3_0,Node_146,348
349,Node_147,OUT_COMM_0,349
350,Node_65,Node_147,350
351,Node_148,OUT_MOT_0,351
352,Node_101,Node_148,352
353,Node_149,OUT_COMM_STATE_0,353
354,I2_1,Node_149,354
355,Node_150,OUT_COMM_0,355
356,Node_76,Node_150,356
357,Node_151,OUT_COMM_STATE_0,357
358,I2_0,Node_151,358
359,I1_0,Node_76,359
360,Node_152,Node_27,360
361,I3_0,Node_152,361
362,Node_153,OUT_MOT_0,362
363,Node_76,Node_153,363
364,Node_154,OUT_COMM_STATE_0,364
365,I2_1,Node_154,365
366,Node_155,OUT_MOT_0,366
367,I3_0,Node_155,367
368,Node_156,OUT_MOT_0,368
369,I3_1,Node_156,369
370,Node_157,OUT_COMM_1,370
371,I1_1,Node_157,371
372,Node_158,OUT_MOT_0,372
373,Node_27,Node_158,373
374,Node_159,OUT_COMM_1,374
375,I1_1,Node_159,375
376,Node_160,OUT_COMM_1,376
377,I1_1,Node_160,377
378,Node_161,OUT_MOT_0,378
379,Node_101,Node_161,379
380,I2_1,Node_101,380
381,Node_143,OUT_COMM_0,381
382,Node_162,OUT_COMM_1,382
383,I1_1,Node_162,383
384,Node_163,OUT_MOT_0,384
385,I3_0,Node_163,385
386,Node_164,OUT_MOT_0,386
387,I3_0,Node_164,387
388,Node_165,OUT_MOT_0,388
389,I3_0,Node_165,389
390,Node_166,Node_127,390
391,Node_76,Node_166,391
392,Node_167,OUT_COMM_0,392
393,I1_0,Node_167,393
394,Node_168,OUT_COMM_0,394
395,Node_76,Node_168,395
396,Node_169,OUT_COMM_0,396
397,I1_1,Node_169,397
398,Node_152,OUT_MOT_0,398
399,Node_27,Node_101,399
400,Node_170,Node_76,400
401,I3_0,Node_170,401
402,Node_171,Node_76,402
403,I3_0,Node_171,403
404,Node_172,OUT_MOT_0,404
405,I3_1,Node_172,405
406,Node_173,OUT_COMM_1,406
407,I1_0,Node_173,407
408,Node_174,OUT_MOT_0,408
409,I3_1,Node_174,409
410,Node_175,Node_76,410
411,I1_1,Node_175,411
412,Node_176,Node_76,412
413,I1_1,Node_176,413
414,Node_177,OUT_MOT_0,414
415,Node_27,Node_177,415
416,I2_0,Node_101,416
417,Node_101,OUT_COMM_1,417
418,OUT_COMM_0,Node_76,418
419,Node_178,OUT_COMM_STATE_0,419
420,I2_0,Node_178,420
421,Node_179,OUT_MOT_0,421
422,Node_27,Node_179,422
423,Node_180,OUT_MOT_0,423
424,I3_1,Node_180,424
425,Node_181,OUT_COMM_STATE_0,425
426,I2_1,Node_181,426
427,Node_182,OUT_MOT_0,427
428,I2_0,Node_182,428
429,Node_183,OUT_MOT_0,429
430,Node_27,Node_183,430
431,Node_184,Node_101,431
432,I3_1,Node_184,432
433,Node_185,Node_27,433
434,I3_0,Node_185,434
435,Node_76,Node_27,435
436,OUT_COMM_0,Node_101,436
437,Node_186,OUT_COMM_0,437
438,I1_1,Node_186,438
439,Node_187,OUT_COMM_1,439
440,I1_1,Node_187,440
441,Node_188,Node_27,441
442,Node_27,Node_188,442
443,Node_189,OUT_MOT_0,443
444,Node_27,Node_189,444
445,Node_190,OUT_COMM_1,445
446,I1_1,Node_190,446
447,Node_191,Node_76,447
448,I1_1,Node_191,448
449,Node_192,OUT_MOT_0,449
450,OUT_MOT_0,Node_192,450
451,Node_193,Node_76,451
452,I1_1,Node_193,452
453,Node_194,OUT_MOT_0,453
454,Node_27,Node_194,454
455,Node_195,OUT_MOT_0,455
456,Node_183,Node_195,456
457,OUT_COMM_1,Node_76,457
458,Node_76,OUT_COMM_STATE_0,458
459,Node_196,Node_101,459
460,I3_1,Node_196,460
461,Node_197,OUT_COMM_1,461
462,Node_190,Node_197,462
463,Node_198,Node_27,463
464,I3_0,Node_198,464
465,Node_199,OUT_COMM_0,465
466,Node_76,Node_199,466
467,Node_200,Node_101,467
468,I3_1,Node_200,468
469,Node_201,OUT_MOT_0,469
470,Node_101,Node_201,470
471,Node_202,Node_76,471
472,I1_1,Node_202,472
473,Node_203,OUT_COMM_1,473
474,I1_0,Node_203,474
475,Node_204,OUT_MOT_0,475
476,I3_1,Node_204,476
477,Node_205,OUT_MOT_0,477
478,Node_27,Node_205,478
479,Node_206,Node_27,479
480,I3_0,Node_206,480
481,Node_207,OUT_MOT_0,481
482,I3_0,Node_207,482
483,Node_27,Node_190,483
484,I1_0,Node_205,484
485,Node_208,OUT_COMM_STATE_0,485
486,I2_0,Node_208,486
487,Node_209,OUT_COMM_STATE_0,487
488,Node_181,Node_209,488
489,Node_210,OUT_COMM_0,489
490,I1_1,Node_210,490
491,Node_211,OUT_COMM_STATE_0,491
492,I2_1,Node_211,492
493,Node_212,OUT_COMM_0,493
494,I1_1,Node_212,494
495,Node_213,OUT_MOT_0,495
496,Node_27,Node_213,496
497,Node_214,Node_76,497
498,I1_1,Node_214,498
499,Node_215,Node_76,499
500,I1_1,Node_215,500
501,Node_216,Node_76,501
502,I1_1,Node_216,502
503,Node_217,Node_76,503
504,I3_0,Node_217,504
505,I2_0,Node_198,505
506,Node_218,Node_76,506
507,I1_1,Node_218,507
508,Node_219,OUT_MOT_0,508
509,Node_76,Node_219,509
510,Node_220,OUT_MOT_0,510
511,I3_0,Node_220,511
512,Node_221,OUT_MOT_0,512
513,I2_0,Node_221,513
514,Node_222,Node_101,514
515,I3_1,Node_222,515
516,Node_223,OUT_COMM_1,516
517,Node_104,Node_223,517
518,Node_224,OUT_COMM_STATE_0,518
519,I2_0,Node_224,519
520,Node_225,OUT_MOT_0,520
521,Node_76,Node_225,521
522,Node_226,Node_187,522
523,I1_1,Node_226,523
524,Node_227,OUT_COMM_0,524
525,I1_1,Node_227,525
526,OUT_COMM_STATE_0,Node_183,526
527,I1_0,Node_104,527
528,Node_101,Node_101,528
529,Node_228,OUT_MOT_0,529
530,OUT_MOT_0,Node_228,530
531,Node_229,Node_27,531
532,I3_0,Node_229,532
533,Node_230,OUT_COMM_0,533
534,Node_76,Node_230,534
535,Node_231,OUT_MOT_0,535
536,OUT_MOT_0,Node_231,536
537,Node_232,OUT_MOT_0,537
538,Node_27,Node_232,538
539,Node_233,OUT_MOT_0,539
540,Node_219,Node_233,540
541,Node_234,OUT_COMM_1,541
542,I1_1,Node_234,542
543,Node_235,OUT_MOT_0,543
544,OUT_MOT_0,Node_235,544
545,Node_236,OUT_COMM_0,545
546,Node_76,Node_236,546
547,Node_237,OUT_COMM_1,547
548,I1_1,Node_237,548
549,Node_238,OUT_COMM_0,549
550,Node_76,Node_238,550
551,Node_181,Node_27,551
552,I1_0,Node_198,552
553,Node_239,OUT_COMM_1,553
554,I1_1,Node_239,554
555,Node_240,OUT_MOT_0,555
556,I3_1,Node_240,556
557,Node_241,OUT_MOT_0,557
558,Node_76,Node_241,558
559,Node_242,Node_76,559
560,I1_1,Node_242,560
561,Node_243,OUT_MOT_0,561
562,OUT_MOT_0,Node_243,562
563,I3_0,Node_101,563
564,Node_27,Node_76,564
565,Node_244,OUT_COMM_1,565
566,I1_0,Node_244,566
567,Node_245,OUT_COMM_1,567
568,Node_27,Node_245,568
569,Node_246,Node_27,569
570,I3_0,Node_246,570
571,Node_247,OUT_MOT_0,571
572,I3_0,Node_247,572
573,Node_248,Node_190,573
574,I1_1,Node_248,574
575,Node_249,OUT_MOT_0,575
576,I3_0,Node_249,576
577,Node_250,OUT_MOT_0,577
578,OUT_MOT_0,Node_250,578
579,Node_251,Node_27,579
580,I3_0,Node_251,580
581,Node_252,OUT_COMM_0,581
582,I1_0,Node_252,582
583,Node_253,OUT_COMM_STATE_0,583
584,I2_0,Node_253,584
585,OUT_COMM_1,Node_190,585
586,Node_254,OUT_MOT_0,586
587,Node_27,Node_254,587
588,Node_255,OUT_MOT_0,588
589,Node_27,Node_255,589
590,Node_256,OUT_MOT_0,590
591,Node_76,Node_256,591
592,Node_257,OUT_COMM_0,592
593,Node_76,Node_257,593
594,Node_258,Node_27,594
595,I3_0,Node_258,595
596,Node_259,OUT_COMM_1,596
597,Node_76,Node_259,597
598,Node_190,OUT_COMM_STATE_0,598
599,Node_260,OUT_COMM_0,599
600,Node_257,Node_260,600
601,Node_261,OUT_COMM_STATE_0,601
602,I2_1,Node_261,602
603,Node_262,OUT_COMM_0,603
604,I1_1,Node_262,604
605,Node_263,Node_76,605
606,OUT_COMM_STATE_0,Node_263,606
607,Node_264,OUT_MOT_0,607
608,Node_76,Node_264,608
609,Node_265,OUT_COMM_STATE_0,609
610,I2_1,Node_265,610
611,Node_266,OUT_COMM_1,611
612,I1_0,Node_266,612
613,Node_267,OUT_MOT_0,613
614,OUT_MOT_0,Node_267,614
615,Node_268,OUT_COMM_0,615
616,Node_252,Node_268,616
617,Node_269,OUT_COMM_0,617
618,Node_252,Node_269,618
619,Node_270,OUT_MOT_0,619
620,Node_27,Node_270,620
621,Node_271,Node_252,621
622,I1_0,Node_271,622
623,Node_272,Node_257,623
624,Node_76,Node_272,624
625,Node_273,OUT_MOT_0,625
626,Node_27,Node_273,626
627,Node_274,OUT_COMM_0,627
628,I1_0,Node_274,628
629,Node_275,Node_76,629
630,I1_1,Node_275,630
631,Node_276,OUT_COMM_0,631
632,Node_252,Node_276,632
633,Node_277,Node_27,633
634,I2_1,Node_277,634
635,Node_278,OUT_MOT_0,635
636,Node_256,Node_278,636
637,I2_0,Node_252,637
638,Node_279,OUT_COMM_1,638
639,I1_0,Node_279,639
640,Node_280,Node_76,640
641,I1_1,Node_280,641
642,Node_281,OUT_MOT_0,642
643,Node_27,Node_281,643
644,Node_282,OUT_COMM_0,644
645,Node_276,Node_282,645
646,Node_283,Node_76,646
647,I1_1,Node_283,647
648,Node_284,OUT_MOT_0,648
649,Node_27,Node_284,649
650,Node_285,Node_27,650
651,I3_0,Node_285,651
652,Node_286,OUT_COMM_0,652
653,I1_0,Node_286,653
654,Node_287,OUT_COMM_STATE_0,654
655,I2_0,Node_287,655
656,Node_288,Node_252,656
657,I1_0,Node_288,657
658,Node_289,OUT_COMM_STATE_0,658
659,I2_0,Node_289,659
660,Node_290,OUT_COMM_STATE_0,660
661,I2_1,Node_290,661
662,I2_1,Node_76,662
663,OUT_COMM_0,Node_284,663
664,Node_291,OUT_MOT_0,664
665,Node_27,Node_291,665
666,Node_292,Node_252,666
667,I1_0,Node_292,667
668,Node_293,OUT_COMM_0,668
669,I1_1,Node_293,669
670,Node_294,OUT_COMM_0,670
671,Node_252,Node_294,671
672,Node_295,OUT_COMM_0,672
673,I1_1,Node_295,673
674,I3_1,Node_276,674
675,I1_0,Node_276,675
676,Node_276,Node_76,676
677,I3_0,Node_284,677
678,Node_296,OUT_COMM_0,678
679,I1_0,Node_296,679
680,Node_297,Node_282,680
681,Node_276,Node_297,681
682,Node_298,OUT_MOT_0,682
683,I3_1,Node_298,683
684,Node_299,OUT_MOT_0,684
685,I3_0,Node_299,685
686,Node_300,Node_27,686
687,I3_0,Node_300,687
688,Node_301,OUT_MOT_0,688
689,Node_76,Node_301,689
690,Node_302,OUT_COMM_0,690
691,I1_1,Node_302,691
692,Node_303,Node_27,692
693,I3_0,Node_303,693
694,Node_284,Node_27,694
695,OUT_MOT_0,Node_284,695
696,Node_304,OUT_MOT_0,696
697,I3_0,Node_304,697
698,Node_305,Node_76,698
699,I1_1,Node_305,699
700,Node_306,OUT_COMM_0,700
701,Node_76,Node_306,701
702,Node_307,OUT_COMM_STATE_0,702
703,I2_1,Node_307,703
704,Node_308,OUT_COMM_1,704
705,I1_1,Node_308,705
706,Node_309,OUT_COMM_0,706
707,I1_1,Node_309,707
708,Node_310,Node_286,708
709,I1_0,Node_310,709
710,Node_311,OUT_MOT_0,710
711,Node_27,Node_311,711
712,Node_312,OUT_MOT_0,712
713,Node_76,Node_312,713
714,Node_313,OUT_COMM_1,714
715,I1_0,Node_313,715
716,Node_314,OUT_COMM_0,716
717,I1_1,Node_314,717
718,Node_315,OUT_COMM_STATE_0,718
719,I2_1,Node_315,719
720,Node_282,OUT_COMM_STATE_0,720
721,Node_316,OUT_MOT_0,721
722,Node_76,Node_316,722
723,Node_317,OUT_COMM_0,723
724,I1_1,Node_317,724
725,Node_318,OUT_MOT_0,725
726,Node_284,Node_318,726
727,Node_319,OUT_MOT_0,727
728,OUT_MOT_0,Node_319,728
729,Node_320,OUT_COMM_STATE_0,729
730,I2_1,Node_320,730
731,Node_321,OUT_COMM_1,731
732,Node_313,Node_321,732
733,Node_322,OUT_MOT_0,733
734,I3_1,Node_322,734
735,Node_323,OUT_COMM_0,735
736,I3_1,Node_323,736
737,Node_324,OUT_MOT_0,737
738,I3_0,Node_324,738
739,Node_325,OUT_COMM_1,739
740,I1_1,Node_325,740
741,Node_326,OUT_MOT_0,741
742,Node_27,Node_326,742
743,Node_327,OUT_MOT_0,743
744,Node_76,Node_327,744
745,Node_328,OUT_COMM_STATE_0,745
746,I2_0,Node_328,746
747,Node_252,Node_252,747
748,Node_76,Node_276,748
749,Node_329,OUT_COMM_1,749
750,OUT_COMM_STATE_0,Node_329,750
751,Node_330,OUT_COMM_STATE_0,751
752,I2_1,Node_330,752
753,Node_331,Node_76,753
754,I1_1,Node_331,754
755,Node_332,Node_27,755
756,I3_0,Node_332,756
757,Node_333,Node_284,757
758,I3_0,Node_333,758
759,Node_334,OUT_MOT_0,759
760,I3_0,Node_334,760
761,Node_335,OUT_COMM_0,761
762,I1_0,Node_335,762
763,Node_336,Node_76,763
764,I1_1,Node_336,764
765,Node_337,OUT_MOT_0,765
766,OUT_MOT_0,Node_337,766
767,Node_338,OUT_COMM_1,767
768,I1_0,Node_338,768
769,Node_339,OUT_COMM_0,769
770,Node_76,Node_339,770
771,I2_0,Node_27,771
772,I3_1,Node_284,772
773,I2_0,Node_276,773
774,Node_340,Node_76,774
775,I1_1,Node_340,775
776,Node_341,Node_27,776
777,I1_1,Node_341,777
778,Node_342,Node_282,778
779,Node_276,Node_342,779
780,Node_343,Node_314,780
781,I1_1,Node_343,781
782,Node_344,Node_27,782
783,I3_0,Node_344,783
784,Node_345,Node_76,784
785,I1_1,Node_345,785
786,Node_311,Node_311,786
787,Node_276,OUT_COMM_STATE_0,787
788,Node_346,OUT_MOT_0,788
789,Node_27,Node_346,789
790,Node_347,OUT_MOT_0,790
791,I3_0,Node_347,791
792,Node_348,OUT_MOT_0,792
793,I3_0,Node_348,793
794,Node_349,OUT_MOT_0,794
795,Node_76,Node_349,795
796,Node_350,OUT_MOT_0,796
797,I2_0,Node_350,797
798,Node_351,Node_284,798
799,OUT_COMM_0,Node_351,799
800,Node_352,OUT_COMM_0,800
801,Node_76,Node_352,801
802,Node_353,OUT_MOT_0,802
803,I3_1,Node_353,803
804,Node_27,OUT_COMM_STATE_0,804
805,Node_27,Node_252,805
806,Node_286,OUT_MOT_0,806
807,Node_354,Node_76,807
808,I1_1,Node_354,808
809,Node_355,OUT_MOT_0,809
810,OUT_MOT_0,Node_355,810
811,Node_356,OUT_COMM_STATE_0,811
812,I2_1,Node_356,812
813,Node_357,OUT_COMM_STATE_0,813
814,I2_1,Node_357,814
815,Node_358,OUT_COMM_0,815
816,I1_0,Node_358,816
817,Node_359,OUT_COMM_0,817
818,Node_76,Node_359,818
819,Node_286,Node_286,819
820,I2_1,Node_286,820
821,Node_360,OUT_COMM_1,821
822,I1_1,Node_360,822
823,Node_361,Node_286,823
824,I2_1,Node_361,824
825,Node_362,OUT_MOT_0,825
826,I3_0,Node_362,826
827,Node_363,OUT_COMM_0,827
828,I1_1,Node_363,828
829,Node_364,OUT_MOT_0,829
830,I3_0,Node_364,830
831,I1_0,Node_284,831
832,Node_284,OUT_COMM_STATE_0,832
833,OUT_MOT_0,Node_363,833
834,Node_365,OUT_COMM_0,834
835,I1_0,Node_365,835
836,Node_366,OUT_COMM_0,836
837,Node_252,Node_366,837
838,Node_367,OUT_MOT_0,838
839,I3_0,Node_367,839
840,Node_368,OUT_MOT_0,840
841,Node_76,Node_368,841
842,Node_369,OUT_COMM_1,842
843,I1_1,Node_369,843
844,OUT_MOT_0,Node_282,844
845,OUT_MOT_0,Node_252,845
846,I1_1,Node_252,846
847,Node_370,OUT_COMM_STATE_0,847
848,I2_0,Node_370,848
849,Node_371,OUT_COMM_0,849
850,I1_0,Node_371,850
851,I3_0,Node_276,851
852,Node_372,OUT_COMM_STATE_0,852
853,I2_0,Node_372,853
854,Node_373,OUT_COMM_1,854
855,I1_1,Node_373,855
856,Node_374,Node_282,856
857,Node_276,Node_374,857
858,Node_375,OUT_COMM_0,858
859,I1_0,Node_375,859
860,Node_376,OUT_MOT_0,860
861,OUT_MOT_0,Node_376,861
862,Node_377,OUT_COMM_0,862
863,I1_0,Node_377,863
864,Node_378,OUT_COMM_1,864
865,I1_0,Node_378,865
866,OUT_MOT_0,Node_286,866
867,OUT_COMM_1,Node_282,867
868,I3_0,Node_252,868
869,Node_379,OUT_COMM_0,869
870,I3_1,Node_379,870
871,Node_380,Node_282,871
872,Node_276,Node_380,872
873,Node_381,Node_282,873
874,OUT_MOT_0,Node_381,874
875,Node_286,Node_27,875
876,Node_382,Node_276,876
877,Node_252,Node_382,877
878,Node_383,Node_284,878
879,Node_27,Node_383,879
880,Node_384,OUT_MOT_0,880
881,Node_27,Node_384,881
882,Node_385,Node_76,882
883,OUT_MOT_0,Node_385,883
884,Node_386,Node_286,884
885,I1_0,Node_386,885
886,Node_387,OUT_MOT_0,886
887,Node_284,Node_387,887
888,Node_388,OUT_COMM_STATE_0,888
889,I2_0,Node_388,889
890,Node_76,Node_282,890
891,Node_252,Node_76,891
892,I3_0,Node_282,892
893,OUT_COMM_0,Node_282,893
894,Node_389,OUT_COMM_0,894
895,Node_286,Node_389,895
896,Node_390,Node_76,896
897,I1_1,Node_390,897
898,Node_391,Node_284,898
899,I1_0,Node_391,899
900,Node_392,OUT_MOT_0,900
901,Node_27,Node_392,901
902,Node_393,OUT_MOT_0,902
903,I3_0,Node_393,903
904,Node_394,OUT_COMM_0,904
905,Node_276,Node_394,905
906,Node_395,Node_282,906
907,Node_276,Node_395,907
908,Node_276,OUT_MOT_0,908
909,OUT_COMM_STATE_0,Node_284,909
910,Node_396,OUT_MOT_0,910
911,Node_76,Node_396,911
912,Node_397,OUT_MOT_0,912
913,I3_0,Node_397,913
914,Node_398,Node_27,914
915,I3_0,Node_398,915
916,Node_399,OUT_MOT_0,916
917,Node_27,Node_399,917
918,Node_400,OUT_MOT_0,918
919,Node_27,Node_400,919
920,Node_401,OUT_COMM_STATE_0,920
921,I2_0,Node_401,921
922,Node_402,OUT_COMM_STATE_0,922
923,I2_0,Node_402,923
924,Node_403,OUT_COMM_0,924
925,Node_282,Node_403,925
926,Node_404,OUT_COMM_STATE_0,926
927,I2_1,Node_404,927
928,Node_405,OUT_COMM_0,928
929,I1_1,Node_405,929
930,Node_406,OUT_MOT_0,930
931,I3_0,Node_406,931
932,Node_407,Node_284,932
933,Node_27,Node_407,933
934,Node_401,Node_282,934
935,Node_284,Node_76,935
936,OUT_MOT_0,Node_276,936
937,Node_408,Node_27,937
938,I3_0,Node_408,938
939,Node_409,OUT_COMM_0,939
940,Node_76,Node_409,940
941,Node_410,OUT_COMM_0,941
942,I1_0,Node_410,942
943,Node_411,OUT_COMM_0,943
944,I1_0,Node_411,944
945,Node_412,OUT_COMM_0,945
946,I1_1,Node_412,946
947,Node_413,Node_252,947
948,I1_0,Node_413,948
949,Node_414,OUT_COMM_0,949
950,I1_0,Node_414,950
951,Node_415,Node_27,951
952,I3_0,Node_415,952
953,Node_402,Node_284,953
954,Node_27,Node_398,954
955,I3_1,Node_282,955
956,OUT_COMM_1,Node_415,956
957,Node_416,OUT_COMM_STATE_0,957
958,I2_1,Node_416,958
959,Node_417,OUT_MOT_0,959
960,I3_0,Node_417,960
961,Node_418,OUT_COMM_0,961
962,I1_1,Node_418,962
963,Node_419,OUT_COMM_1,963
964,I1_0,Node_419,964
965,Node_420,OUT_MOT_0,965
966,Node_76,Node_420,966
967,Node_421,OUT_MOT_0,967
968,Node_27,Node_421,968
969,Node_422,OUT_COMM_STATE_0,969
970,I2_0,Node_422,970
971,Node_423,Node_27,971
972,I1_0,Node_423,972
973,Node_424,OUT_MOT_0,973
974,I3_0,Node_424,974
975,Node_425,OUT_MOT_0,975
976,Node_27,Node_425,976
977,Node_426,OUT_MOT_0,977
978,I3_0,Node_426,978
979,Node_419,Node_419,979
980,OUT_COMM_STATE_0,Node_276,980
981,Node_421,Node_76,981
982,Node_427,OUT_COMM_1,982
983,I2_0,Node_427,983
984,Node_428,OUT_COMM_1,984
985,I2_0,Node_428,985
986,Node_429,OUT_COMM_STATE_0,986
987,I2_1,Node_429,987
988,Node_430,OUT_COMM_STATE_0,988
989,I2_1,Node_430,989
990,Node_431,OUT_MOT_0,990
991,I3_0,Node_431,991
992,Node_432,OUT_COMM_1,992
993,I1_1,Node_432,993
994,Node_433,Node_76,994
995,I1_1,Node_433,995
996,Node_434,OUT_MOT_0,996
997,OUT_MOT_0,Node_434,997
998,Node_435,OUT_MOT_0,998
999,OUT_MOT_0,Node_435,999
1000,Node_436,OUT_COMM_1,1000
1001,I1_0,Node_436,1001
1002,Node_437,OUT_MOT_0,1002
1003,Node_76,Node_437,1003
1004,I3_1,Node_428,1004
1005,Node_284,OUT_COMM_1,1005
1006,Node_438,OUT_MOT_0,1006
1007,Node_284,Node_438,1007
1008,Node_439,Node_284,1008
1009,Node_27,Node_439,1009
1010,Node_440,Node_76,1010
1011,I1_1,Node_440,1011
1012,Node_441,OUT_COMM_0,1012
1013,I1_1,Node_441,1013
1014,Node_442,OUT_COMM_1,1014
1015,I2_0,Node_442,1015
1016,Node_443,OUT_MOT_0,1016
1017,Node_76,Node_443,1017
1018,Node_444,OUT_MOT_0,1018
1019,OUT_MOT_0,Node_444,1019
1020,Node_445,OUT_COMM_0,1020
1021,I1_0,Node_445,1021
1022,Node_446,OUT_COMM_1,1022
1023,I1_0,Node_446,1023
1024,Node_447,OUT_MOT_0,1024
1025,I3_1,Node_447,1025
1026,Node_448,OUT_COMM_STATE_0,1026
1027,I2_1,Node_448,1027
1028,Node_449,Node_284,1028
1029,Node_27,Node_449,1029
1030,Node_450,OUT_MOT_0,1030
1031,Node_76,Node_450,1031
1032,OUT_COMM_1,Node_276,1032
1033,Node_451,OUT_COMM_STATE_0,1033
1034,I2_0,Node_451,1034
1035,Node_452,OUT_COMM_STATE_0,1035
1036,I2_0,Node_452,1036
1037,Node_453,OUT_COMM_0,1037
1038,Node_252,Node_453,1038
1039,Node_454,OUT_COMM_1,1039
1040,I1_1,Node_454,1040
1041,Node_455,OUT_COMM_STATE_0,1041
1042,I2_1,Node_455,1042
1043,Node_456,OUT_COMM_STATE_0,1043
1044,I2_1,Node_456,1044
1045,OUT_COMM_1,Node_252,1045
1046,I2_1,Node_252,1046
1047,I2_1,Node_284,1047
1048,Node_457,OUT_MOT_0,1048
1049,I3_0,Node_457,1049
1050,Node_458,Node_282,1050
1051,Node_276,Node_458,1051
1052,Node_459,Node_276,1052
1053,Node_252,Node_459,1053
1054,Node_460,OUT_MOT_0,1054
1055,I3_0,Node_460,1055
1056,Node_461,OUT_MOT_0,1056
1057,Node_284,Node_461,1057
1058,Node_462,OUT_COMM_0,1058
1059,Node_252,Node_462,1059
1060,Node_463,Node_282,1060
1061,Node_276,Node_463,1061
1062,Node_464,OUT_MOT_0,1062
1063,Node_76,Node_464,1063
1064,Node_465,OUT_MOT_0,1064
1065,Node_27,Node_465,1065
1066,Node_466,OUT_COMM_STATE_0,1066
1067,I2_1,Node_466,1067
1068,Node_467,OUT_MOT_0,1068
1069,I3_0,Node_467,1069
1070,Node_284,OUT_COMM_0,1070
1071,Node_468,Node_276,1071
1072,Node_252,Node_468,1072
1073,Node_469,Node_27,1073
1074,I3_0,Node_469,1074
1075,Node_470,OUT_COMM_1,1075
1076,I2_0,Node_470,1076
1077,Node_471,OUT_COMM_1,1077
1078,I1_0,Node_471,1078
1079,Node_252,Node_471,1079
1080,Node_472,Node_252,1080
1081,I1_0,Node_472,1081
1082,Node_473,OUT_MOT_0,1082
1083,I3_0,Node_473,1083
1084,Node_474,OUT_COMM_1,1084
1085,I2_0,Node_474,1085
1086,Node_284,Node_284,1086
1087,Node_475,OUT_COMM_1,1087
1088,I1_0,Node_475,1088
1089,Node_476,OUT_COMM_STATE_0,1089
1090,I2_1,Node_476,1090
1091,Node_477,OUT_COMM_0,1091
1092,Node_76,Node_477,1092
1093,Node_478,Node_284,1093
1094,Node_27,Node_478,1094
1095,Node_479,OUT_COMM_0,1095
1096,Node_76,Node_479,1096
1097,Node_480,Node_284,1097
1098,Node_27,Node_480,1098
1099,Node_481,OUT_MOT_0,1099
1100,OUT_MOT_0,Node_481,1100
1101,Node_482,OUT_MOT_0,1101
1102,Node_284,Node_482,1102
1103,Node_483,OUT_MOT_0,1103
1104,Node_27,Node_483,1104
1105,Node_484,Node_284,1105
1106,Node_27,Node_484,1106
1107,Node_485,OUT_COMM_STATE_0,1107
1108,I2_1,Node_485,1108
1109,Node_486,Node_76,1109
1110,I1_1,Node_486,1110
1111,OUT_COMM_1,Node_284,1111
1112,Node_487,OUT_COMM_1,1112
1113,I2_0,Node_487,1113
1114,Node_488,Node_284,1114
1115,Node_27,Node_488,1115
1116,Node_489,OUT_MOT_0,1116
1117,Node_27,Node_489,1117
1118,Node_490,OUT_COMM_0,1118
1119,I3_1,Node_490,1119
1120,Node_491,OUT_COMM_0,1120
1121,I1_0,Node_491,1121
1122,I3_1,Node_487,1122
1123,Node_492,OUT_COMM_STATE_0,1123
1124,I2_0,Node_492,1124
1125,Node_493,OUT_MOT_0,1125
1126,I3_0,Node_493,1126
1127,Node_494,OUT_COMM_1,1127
1128,Node_487,Node_494,1128
1129,Node_495,OUT_MOT_0,1129
1130,Node_76,Node_495,1130
1131,Node_496,OUT_MOT_0,1131
1132,Node_284,Node_496,1132
1133,Node_497,Node_27,1133
1134,I2_0,Node_497,1134
1135,Node_498,Node_27,1135
1136,I2_0,Node_498,1136
1137,Node_499,Node_284,1137
1138,Node_27,Node_499,1138
1139,Node_500,Node_27,1139
1140,I2_0,Node_500,1140
1141,Node_501,OUT_COMM_STATE_0,1141
1142,I2_0,Node_501,1142
1143,Node_502,Node_27,1143
1144,I2_0,Node_502,1144
1145,Node_503,OUT_COMM_1,1145
1146,I2_0,Node_503,1146
1147,Node_504,Node_284,1147
1148,Node_27,Node_504,1148
1149,Node_487,Node_27,1149
1150,OUT_COMM_0,Node_487,1150
1151,Node_505,OUT_MOT_0,1151
1152,I3_1,Node_505,1152
1153,Node_506,OUT_MOT_0,1153
1154,OUT_MOT_0,Node_506,1154
1155,Node_507,Node_76,1155
1156,I1_1,Node_507,1156
1157,Node_508,Node_27,1157
1158,I3_0,Node_508,1158
1159,Node_509,OUT_COMM_0,1159
1160,I1_1,Node_509,1160
1161,Node_510,OUT_MOT_0,1161
1162,I3_0,Node_510,1162
1163,Node_511,OUT_COMM_STATE_0,1163
1164,I2_0,Node_511,1164
1165,Node_512,OUT_COMM_0,1165
1166,Node_284,Node_512,1166
1167,Node_513,OUT_COMM_STATE_0,1167
1168,I2_1,Node_513,1168
1169,Node_514,OUT_MOT_0,1169
1170,Node_284,Node_514,1170
1171,Node_515,OUT_COMM_0,1171
1172,I1_0,Node_515,1172
1173,Node_494,Node_487,1173
1174,Node_487,OUT_COMM_0,1174
1175,Node_284,Node_487,1175
1176,Node_516,Node_487,1176
1177,I2_0,Node_516,1177
1178,Node_517,Node_284,1178
1179,Node_27,Node_517,1179
1180,Node_518,OUT_MOT_0,1180
1181,I3_0,Node_518,1181
1182,Node_519,Node_487,1182
1183,I2_0,Node_519,1183
1184,Node_520,OUT_COMM_1,1184
1185,I1_0,Node_520,1185
1186,Node_521,OUT_COMM_1,1186
1187,I1_0,Node_521,1187
1188,I3_0,Node_487,1188
1189,OUT_MOT_0,Node_494,1189
1190,Node_522,OUT_COMM_1,1190
1191,Node_494,Node_522,1191
1192,Node_523,OUT_MOT_0,1192
1193,I3_0,Node_523,1193
1194,Node_524,OUT_MOT_0,1194
1195,Node_76,Node_524,1195
1196,Node_525,Node_27,1196
1197,I3_0,Node_525,1197
1198,Node_526,OUT_COMM_STATE_0,1198
1199,I2_1,Node_526,1199
1200,Node_527,Node_76,1200
1201,I1_1,Node_527,1201
1202,Node_528,OUT_MOT_0,1202
1203,Node_284,Node_528,1203
1204,Node_284,Node_515,1204
1205,I1_1,Node_284,1205
1206,Node_529,OUT_MOT_0,1206
1207,I3_0,Node_529,1207
1208,Node_530,OUT_COMM_0,1208
1209,I1_1,Node_530,1209
1210,Node_531,Node_27,1210
1211,I2_0,Node_531,1211
1212,Node_532,Node_76,1212
1213,I1_1,Node_532,1213
1214,Node_533,OUT_COMM_0,1214
1215,I1_0,Node_533,1215
1216,Node_534,OUT_COMM_0,1216
1217,I1_1,Node_534,1217
1218,Node_535,Node_27,1218
1219,I2_0,Node_535,1219
1220,Node_536,Node_284,1220
1221,Node_27,Node_536,1221
1222,Node_537,OUT_MOT_0,1222
1223,Node_284,Node_537,1223
1224,Node_538,OUT_COMM_STATE_0,1224
1225,I2_0,Node_538,1225
1226,Node_539,Node_76,1226
1227,I1_1,Node_539,1227
1228,Node_487,OUT_COMM_STATE_0,1228
1229,Node_494,Node_27,1229
1230,OUT_COMM_0,Node_494,1230
1231,Node_540,OUT_COMM_0,1231
1232,I1_0,Node_540,1232
1233,Node_541,OUT_COMM_1,1233
1234,I1_0,Node_541,1234
1235,Node_542,OUT_COMM_STATE_0,1235
1236,I2_1,Node_542,1236
1237,Node_543,Node_76,1237
1238,I1_1,Node_543,1238
1239,Node_544,Node_487,1239
1240,I2_0,Node_544,1240
1241,Node_545,OUT_COMM_0,1241
1242,Node_76,Node_545,1242
1243,I2_1,Node_494,1243
1244,Node_541,OUT_COMM_STATE_0,1244
1245,Node_76,Node_284,1245
1246,OUT_COMM_1,Node_487,1246
1247,Node_515,OUT_COMM_STATE_0,1247
1248,Node_546,Node_284,1248
1249,Node_27,Node_546,1249
1250,Node_547,OUT_MOT_0,1250
1251,Node_284,Node_547,1251
1252,Node_548,Node_27,1252
1253,Node_508,Node_548,1253
1254,Node_549,OUT_MOT_0,1254
1255,I3_1,Node_549,1255
1256,Node_550,OUT_COMM_STATE_0,1256
1257,I2_0,Node_550,1257
1258,Node_551,OUT_MOT_0,1258
1259,Node_76,Node_551,1259
1260,I2_0,Node_522,1260
1261,Node_487,Node_487,1261
1262,I3_1,Node_494,1262
1263,I2_0,Node_284,1263
1264,Node_552,OUT_COMM_0,1264
1265,Node_487,Node_552,1265
1266,Node_553,OUT_MOT_0,1266
1267,Node_284,Node_553,1267
1268,Node_554,Node_284,1268
1269,Node_27,Node_554,1269
1270,Node_555,Node_541,1270
1271,I1_0,Node_555,1271
1272,Node_556,Node_494,1272
1273,Node_487,Node_556,1273
1274,Node_557,OUT_COMM_STATE_0,1274
1275,I2_0,Node_557,1275
1276,Node_494,OUT_COMM_STATE_0,1276
1277,Node_487,Node_508,1277
1278,Node_522,Node_487,1278
1279,I3_0,Node_494,1279
1280,Node_508,Node_494,1280
1281,Node_558,Node_76,1281
1282,I1_1,Node_558,1282
1283,Node_559,Node_284,1283
1284,Node_27,Node_559,1284
1285,Node_560,Node_27,1285
1286,I2_0,Node_560,1286
1287,Node_561,OUT_COMM_1,1287
1288,Node_494,Node_561,1288
1289,Node_562,OUT_COMM_0,1289
1290,I1_1,Node_562,1290
1291,Node_563,OUT_MOT_0,1291
1292,Node_27,Node_563,1292
1293,Node_564,Node_494,1293
1294,I3_0,Node_564,1294
1295,Node_565,OUT_MOT_0,1295
1296,Node_284,Node_565,1296
1297,Node_566,OUT_MOT_0,1297
1298,Node_76,Node_566,1298
1299,Node_567,Node_487,1299
1300,I2_0,Node_567,1300
1301,Node_494,Node_494,1301
1302,Node_76,Node_522,1302
1303,OUT_MOT_0,Node_487,1303
1304,I1_0,Node_487,1304
1305,Node_568,Node_27,1305
1306,I2_0,Node_568,1306
1307,Node_569,OUT_COMM_1,1307
1308,I1_1,Node_569,1308
1309,Node_570,Node_494,1309
1310,Node_487,Node_570,1310
1311,Node_571,Node_76,1311
1312,I1_1,Node_571,1312
1313,Node_572,OUT_MOT_0,1313
1314,Node_76,Node_572,1314
1315,Node_573,Node_494,1315
1316,Node_487,Node_573,1316
1317,I2_0,Node_494,1317
1318,Node_574,OUT_MOT_0,1318
1319,OUT_MOT_0,Node_574,1319
1320,Node_575,OUT_COMM_STATE_0,1320
1321,I2_0,Node_575,1321
1322,Node_576,Node_76,1322
1323,I1_1,Node_576,1323
1324,Node_577,OUT_MOT_0,1324
1325,Node_284,Node_577,1325
1326,Node_578,OUT_MOT_0,1326
1327,OUT_MOT_0,Node_578,1327
1328,I2_1,Node_487,1328
1329,I2_1,Node_508,1329
1330,Node_508,Node_76,1330
1331,Node_579,OUT_MOT_0,1331
1332,OUT_MOT_0,Node_579,1332
1333,Node_580,OUT_MOT_0,1333
1334,I3_1,Node_580,1334
1335,Node_581,OUT_MOT_0,1335
1336,I3_0,Node_581,1336
1337,Node_582,OUT_COMM_0,1337
1338,Node_76,Node_582,1338
1339,Node_583,Node_515,1339
1340,I1_0,Node_583,1340
1341,Node_584,OUT_COMM_STATE_0,1341
1342,I2_1,Node_584,1342
1343,Node_585,OUT_COMM_STATE_0,1343
1344,I2_1,Node_585,1344
1345,Node_586,Node_494,1345
1346,Node_487,Node_586,1346
1347,Node_587,OUT_MOT_0,1347
1348,Node_27,Node_587,1348
1349,Node_521,Node_487,1349
1350,Node_76,Node_521,1350
1351,Node_284,Node_522,1351
1352,Node_588,Node_494,1352
1353,Node_487,Node_588,1353
1354,Node_589,Node_494,1354
1355,Node_487,Node_589,1355
1356,Node_590,OUT_MOT_0,1356
1357,I3_0,Node_590,1357
1358,Node_591,OUT_MOT_0,1358
1359,OUT_MOT_0,Node_591,1359
1360,Node_592,OUT_MOT_0,1360
1361,OUT_MOT_0,Node_592,1361
1362,Node_593,OUT_COMM_0,1362
1363,Node_76,Node_593,1363
1364,Node_594,OUT_MOT_0,1364
1365,Node_284,Node_594,1365
1366,Node_595,OUT_COMM_0,1366
1367,I1_0,Node_595,1367
1368,Node_596,Node_27,1368
1369,I2_0,Node_596,1369
1370,OUT_COMM_0,Node_566,1370
1371,Node_566,OUT_COMM_1,1371
1372,I1_1,Node_487,1372
1373,Node_597,OUT_COMM_STATE_0,1373
1374,I2_1,Node_597,1374
1375,Node_598,OUT_COMM_0,1375
1376,I1_1,Node_598,1376
1377,Node_599,Node_27,1377
1378,I3_0,Node_599,1378
1379,Node_600,Node_27,1379
1380,I3_0,Node_600,1380
1381,Node_601,Node_284,1381
1382,Node_27,Node_601,1382
1383,Node_602,Node_487,1383
1384,I2_0,Node_602,1384
1385,Node_603,Node_494,1385
1386,Node_487,Node_603,1386
1387,Node_604,OUT_COMM_1,1387
1388,I1_1,Node_604,1388
1389,Node_76,Node_494,1389
1390,Node_532,Node_494,1390
1391,Node_605,OUT_COMM_1,1391
1392,I1_1,Node_605,1392
1393,Node_606,Node_27,1393
1394,I3_0,Node_606,1394
1395,Node_607,OUT_COMM_0,1395
1396,Node_76,Node_607,1396
1397,Node_608,OUT_MOT_0,1397
1398,OUT_MOT_0,Node_608,1398
1399,Node_609,OUT_COMM_STATE_0,1399
1400,I2_0,Node_609,1400
1401,Node_610,OUT_MOT_0,1401
1402,Node_284,Node_610,1402
1403,Node_611,OUT_COMM_1,1403
1404,I1_1,Node_611,1404
1405,Node_612,OUT_COMM_STATE_0,1405
1406,Node_487,Node_612,1406
1407,Node_613,OUT_MOT_0,1407
1408,Node_284,Node_613,1408
1409,I3_0,Node_608,1409
1410,Node_27,Node_487,1410
1411,OUT_COMM_STATE_0,Node_515,1411
1412,Node_487,Node_284,1412
1413,Node_614,OUT_MOT_0,1413
1414,Node_566,Node_614,1414
1415,Node_615,OUT_COMM_STATE_0,1415
1416,I2_1,Node_615,1416
1417,Node_616,OUT_COMM_0,1417
1418,I1_0,Node_616,1418
1419,Node_617,Node_532,1419
1420,I1_1,Node_617,1420
1421,Node_618,OUT_MOT_0,1421
1422,Node_284,Node_618,1422
1423,OUT_MOT_0,Node_580,1423
1424,I2_0,Node_508,1424
1425,I2_1,Node_521,1425
1426,Node_619,OUT_COMM_0,1426
1427,I1_0,Node_619,1427
1428,Node_620,OUT_MOT_0,1428
1429,Node_618,Node_620,1429
1430,Node_621,OUT_MOT_0,1430
1431,Node_76,Node_621,1431
1432,Node_622,OUT_MOT_0,1432
1433,I3_0,Node_622,1433
1434,Node_623,OUT_MOT_0,1434
1435,I3_0,Node_623,1435
1436,Node_624,OUT_MOT_0,1436
1437,OUT_MOT_0,Node_624,1437
1438,Node_625,OUT_MOT_0,1438
1439,I3_0,Node_625,1439
1440,Node_626,Node_589,1440
1441,Node_487,Node_626,1441
1442,Node_627,OUT_MOT_0,1442
1443,I3_1,Node_627,1443
1444,OUT_COMM_1,Node_598,1444
1445,Node_494,Node_284,1445
1446,Node_521,Node_494,1446
1447,Node_628,Node_76,1447
1448,I1_1,Node_628,1448
1449,Node_629,Node_27,1449
1450,I2_0,Node_629,1450
1451,Node_630,OUT_MOT_0,1451
1452,Node_284,Node_630,1452
1453,Node_631,Node_494,1453
1454,Node_589,Node_631,1454
1455,Node_632,Node_532,1455
1456,I1_1,Node_632,1456
1457,Node_633,OUT_COMM_STATE_0,1457
1458,I2_0,Node_633,1458
1459,Node_634,OUT_MOT_0,1459
1460,Node_27,Node_634,1460
1461,Node_635,Node_521,1461
1462,I1_0,Node_635,1462
1463,Node_636,OUT_COMM_STATE_0,1463
1464,I2_1,Node_636,1464
1465,I2_1,Node_580,1465
1466,OUT_COMM_0,Node_532,1466
1467,I3_0,Node_515,1467
1468,Node_637,OUT_MOT_0,1468
1469,OUT_MOT_0,Node_637,1469
1470,Node_638,OUT_COMM_1,1470
1471,Node_521,Node_638,1471
1472,Node_639,OUT_MOT_0,1472
1473,Node_580,Node_639,1473
1474,Node_640,Node_27,1474
1475,I3_0,Node_640,1475
1476,Node_641,OUT_MOT_0,1476
1477,I3_0,Node_641,1477
1478,Node_642,Node_27,1478
1479,I3_0,Node_642,1479
1480,Node_643,OUT_COMM_1,1480
1481,Node_487,Node_643,1481
1482,Node_644,Node_284,1482
1483,Node_27,Node_644,1483
1484,Node_645,Node_284,1484
1485,Node_27,Node_645,1485
1486,Node_521,OUT_COMM_0,1486
1487,OUT_MOT_0,Node_621,1487
1488,Node_515,Node_487,1488
1489,OUT_COMM_0,Node_580,1489
1490,Node_598,OUT_COMM_1,1490
1491,Node_646,OUT_COMM_STATE_0,1491
1492,I2_1,Node_646,1492
1493,Node_647,OUT_COMM_1,1493
1494,I1_1,Node_647,1494
1495,Node_648,Node_487,1495
1496,I2_0,Node_648,1496
1497,Node_649,OUT_MOT_0,1497
1498,Node_639,Node_649,1498
1499,Node_650,OUT_MOT_0,1499
1500,Node_284,Node_650,1500
1501,Node_651,OUT_COMM_0,1501
1502,Node_76,Node_651,1502
1503,Node_652,OUT_COMM_0,1503
1504,Node_515,Node_652,1504
1505,Node_653,OUT_COMM_1,1505
1506,Node_494,Node_653,1506
1507,I1_1,Node_580,1507
1508,Node_532,Node_284,1508
1509,Node_654,OUT_COMM_STATE_0,1509
1510,I2_0,Node_654,1510
1511,Node_655,OUT_MOT_0,1511
1512,Node_76,Node_655,1512
1513,Node_656,OUT_MOT_0,1513
1514,Node_580,Node_656,1514
1515,Node_657,Node_27,1515
1516,I2_0,Node_657,1516
1517,Node_658,Node_580,1517
1518,I3_1,Node_658,1518
1519,Node_659,Node_27,1519
1520,I3_0,Node_659,1520
1521,Node_660,OUT_MOT_0,1521
1522,Node_284,Node_660,1522
1523,Node_661,Node_76,1523
1524,Node_532,Node_661,1524
1525,Node_662,OUT_COMM_1,1525
1526,Node_521,Node_662,1526
1527,Node_663,OUT_COMM_1,1527
1528,Node_521,Node_663,1528
1529,Node_664,OUT_COMM_STATE_0,1529
1530,I2_0,Node_664,1530
1531,Node_665,OUT_MOT_0,1531
1532,I3_0,Node_665,1532
1533,Node_666,Node_27,1533
1534,I3_0,Node_666,1534
1535,Node_76,Node_515,1535
1536,Node_515,OUT_MOT_0,1536
1537,Node_667,Node_580,1537
1538,I1_1,Node_667,1538
1539,Node_668,Node_27,1539
1540,I2_0,Node_668,1540
1541,Node_669,OUT_MOT_0,1541
1542,I3_0,Node_669,1542
1543,Node_670,OUT_COMM_1,1543
1544,I2_0,Node_670,1544
1545,Node_671,Node_76,1545
1546,I1_1,Node_671,1546
1547,Node_672,OUT_MOT_0,1547
1548,I2_1,Node_672,1548
1549,Node_673,OUT_COMM_1,1549
1550,I2_0,Node_673,1550
1551,Node_674,Node_521,1551
1552,I1_0,Node_674,1552
1553,Node_675,Node_284,1553
1554,Node_27,Node_675,1554
1555,Node_676,Node_532,1555
1556,I1_1,Node_676,1556
1557,Node_580,OUT_COMM_STATE_0,1557
1558,OUT_COMM_0,Node_598,1558
1559,I1_0,Node_580,1559
1560,I3_1,Node_666,1560
1561,Node_677,Node_76,1561
1562,I1_1,Node_677,1562
1563,Node_678,OUT_COMM_0,1563
1564,Node_515,Node_678,1564
1565,Node_679,Node_76,1565
1566,I1_1,Node_679,1566
1567,Node_680,OUT_COMM_0,1567
1568,Node_76,Node_680,1568
1569,Node_681,OUT_COMM_1,1569
1570,I1_0,Node_681,1570
1571,Node_532,Node_27,1571
1572,OUT_COMM_1,Node_666,1572
1573,Node_682,OUT_COMM_STATE_0,1573
1574,I2_1,Node_682,1574
1575,Node_683,OUT_COMM_STATE_0,1575
1576,I2_1,Node_683,1576
1577,Node_684,OUT_MOT_0,1577
1578,I3_1,Node_684,1578
1579,Node_685,OUT_COMM_1,1579
1580,I1_1,Node_685,1580
1581,Node_686,OUT_COMM_STATE_0,1581
1582,I2_1,Node_686,1582
1583,Node_687,OUT_MOT_0,1583
1584,I3_0,Node_687,1584
1585,Node_688,Node_284,1585
1586,I2_1,Node_688,1586
1587,Node_689,Node_76,1587
1588,I1_1,Node_689,1588
1589,Node_690,Node_532,1589
1590,I1_1,Node_690,1590
1591,Node_691,OUT_COMM_1,1591
1592,I1_1,Node_691,1592
1593,Node_692,OUT_COMM_STATE_0,1593
1594,I2_1,Node_692,1594
1595,Node_693,OUT_MOT_0,1595
1596,Node_284,Node_693,1596
1597,Node_694,OUT_COMM_1,1597
1598,Node_521,Node_694,1598
1599,Node_695,OUT_MOT_0,1599
1600,I3_1,Node_695,1600
1601,Node_696,OUT_COMM_1,1601
1602,Node_487,Node_696,1602
1603,I3_0,Node_532,1603
1604,Node_697,OUT_COMM_0,1604
1605,I1_0,Node_697,1605
1606,Node_698,Node_284,1606
1607,I2_0,Node_698,1607
1608,Node_699,Node_494,1608
1609,Node_487,Node_699,1609
1610,Node_700,OUT_MOT_0,1610
1611,I3_0,Node_700,1611
1612,Node_701,Node_487,1612
1613,Node_284,Node_701,1613
1614,Node_702,OUT_MOT_0,1614
1615,Node_76,Node_702,1615
1616,Node_703,OUT_COMM_0,1616
1617,Node_76,Node_703,1617
1618,Node_704,OUT_MOT_0,1618
1619,Node_284,Node_704,1619
1620,Node_705,OUT_COMM_0,1620
1621,I1_0,Node_705,1621
1622,Node_706,OUT_MOT_0,1622
1623,Node_284,Node_706,1623
1624,Node_27,Node_521,1624
1625,Node_707,OUT_MOT_0,1625
1626,Node_76,Node_707,1626
1627,Node_708,OUT_COMM_1,1627
1628,I1_0,Node_708,1628
1629,Node_709,OUT_MOT_0,1629
1630,OUT_MOT_0,Node_709,1630
1631,Node_710,Node_580,1631
1632,Node_658,Node_710,1632
1633,Node_711,Node_658,1633
1634,I3_1,Node_711,1634
1635,Node_712,OUT_COMM_0,1635
1636,Node_515,Node_712,1636
1637,Node_713,OUT_COMM_0,1637
1638,I1_1,Node_713,1638
1639,Node_714,Node_76,1639
1640,I1_1,Node_714,1640
1641,Node_715,Node_76,1641
1642,I1_1,Node_715,1642
1643,Node_716,OUT_MOT_0,1643
1644,Node_76,Node_716,1644
1645,Node_717,Node_515,1645
1646,I1_0,Node_717,1646
1647,Node_532,OUT_MOT_0,1647
1648,Node_718,OUT_COMM_STATE_0,1648
1649,I2_0,Node_718,1649
1650,Node_719,OUT_COMM_1,1650
1651,Node_521,Node_719,1651
1652,Node_720,Node_487,1652
1653,I2_1,Node_720,1653
1654,Node_721,Node_27,1654
1655,I3_0,Node_721,1655
1656,Node_722,OUT_COMM_0,1656
1657,I1_0,Node_722,1657
1658,Node_723,Node_76,1658
1659,Node_532,Node_723,1659
1660,Node_724,Node_76,1660
1661,I1_1,Node_724,1661
1662,Node_725,OUT_COMM_0,1662
1663,Node_76,Node_725,1663
1664,Node_726,OUT_COMM_0,1664
1665,I1_1,Node_726,1665
1666,Node_727,Node_487,1666
1667,Node_284,Node_727,1667
1668,Node_532,OUT_COMM_1,1668
1669,Node_580,Node_515,1669
1670,I2_1,Node_532,1670
1671,I1_0,Node_494,1671
1672,Node_728,Node_494,1672
1673,Node_487,Node_728,1673
1674,Node_729,OUT_COMM_1,1674
1675,Node_487,Node_729,1675
1676,Node_730,OUT_COMM_1,1676
1677,Node_494,Node_730,1677
1678,Node_731,OUT_COMM_1,1678
1679,I1_1,Node_731,1679
1680,Node_732,Node_487,1680
1681,Node_284,Node_732,1681
1682,Node_733,OUT_COMM_0,1682
1683,I1_0,Node_733,1683
1684,Node_734,Node_27,1684
1685,I3_0,Node_734,1685
1686,Node_735,OUT_COMM_0,1686
1687,I1_1,Node_735,1687
1688,Node_736,Node_27,1688
1689,Node_284,Node_736,1689
1690,Node_737,Node_487,1690
1691,I2_0,Node_737,1691
1692,Node_738,OUT_COMM_STATE_0,1692
1693,I2_0,Node_738,1693
1694,Node_494,Node_729,1694
1695,Node_521,Node_521,1695
1696,Node_521,Node_284,1696
1697,Node_739,Node_76,1697
1698,I1_1,Node_739,1698
1699,Node_740,Node_76,1699
1700,Node_532,Node_740,1700
1701,Node_741,OUT_COMM_1,1701
1702,Node_521,Node_741,1702
1703,Node_742,OUT_MOT_0,1703
1704,OUT_MOT_0,Node_742,1704
1705,Node_743,Node_284,1705
1706,I2_0,Node_743,1706
1707,Node_744,Node_521,1707
1708,I1_0,Node_744,1708
1709,Node_745,OUT_MOT_0,1709
1710,I3_0,Node_745,1710
1711,Node_746,OUT_COMM_1,1711
1712,Node_494,Node_746,1712
1713,Node_747,OUT_COMM_1,1713
1714,Node_494,Node_747,1714
1715,Node_748,OUT_MOT_0,1715
1716,Node_284,Node_748,1716
1717,Node_521,Node_27,1717
1718,Node_76,Node_487,1718
1719,I1_0,Node_532,1719
1720,Node_494,Node_76,1720
1721,OUT_COMM_0,Node_521,1721
1722,Node_284,Node_532,1722
1723,Node_749,OUT_COMM_1,1723
1724,Node_521,Node_749,1724
1725,Node_750,Node_284,1725
1726,I2_0,Node_750,1726
1727,Node_751,Node_580,1727
1728,I3_1,Node_751,1728
1729,Node_752,OUT_COMM_STATE_0,1729
1730,I2_1,Node_752,1730
1731,Node_753,OUT_COMM_1,1731
1732,I2_0,Node_753,1732
1733,Node_754,Node_76,1733
1734,Node_532,Node_754,1734
1735,Node_750,Node_487,1735
1736,OUT_COMM_0,Node_744,1736
1737,Node_697,Node_284,1737
1738,Node_755,OUT_COMM_1,1738
1739,I1_0,Node_755,1739
1740,Node_756,OUT_COMM_1,1740
1741,I2_0,Node_756,1741
1742,Node_757,Node_487,1742
1743,Node_284,Node_757,1743
1744,Node_758,Node_27,1744
1745,I3_0,Node_758,1745
1746,Node_759,OUT_COMM_1,1746
1747,I1_0,Node_759,1747
1748,Node_760,OUT_COMM_1,1748
1749,Node_521,Node_760,1749
1750,Node_761,Node_580,1750
1751,Node_658,Node_761,1751
1752,Node_762,Node_532,1752
1753,I1_1,Node_762,1753
1754,Node_763,OUT_MOT_0,1754
1755,Node_76,Node_763,1755
1756,Node_764,OUT_MOT_0,1756
1757,Node_27,Node_764,1757
1758,I1_1,Node_494,1758
1759,Node_765,Node_76,1759
1760,Node_532,Node_765,1760
1761,Node_766,Node_284,1761
1762,I2_0,Node_766,1762
1763,Node_767,OUT_MOT_0,1763
1764,Node_76,Node_767,1764
1765,Node_768,OUT_MOT_0,1765
1766,Node_284,Node_768,1766
1767,Node_769,OUT_MOT_0,1767
1768,OUT_MOT_0,Node_769,1768
1769,Node_770,OUT_COMM_1,1769
1770,I2_0,Node_770,1770
1771,Node_771,OUT_MOT_0,1771
1772,Node_27,Node_771,1772
1773,Node_772,OUT_MOT_0,1773
1774,I3_0,Node_772,1774
1775,Node_773,Node_76,1775
1776,I1_1,Node_773,1776
1777,Node_774,Node_494,1777
1778,Node_487,Node_774,1778
1779,Node_284,Node_494,1779
1780,I2_0,Node_532,1780
1781,Node_775,Node_521,1781
1782,I1_0,Node_775,1782
1783,Node_776,Node_27,1783
1784,I3_0,Node_776,1784
1785,Node_777,OUT_COMM_1,1785
1786,I1_0,Node_777,1786
1787,I1_1,Node_720,1787
1788,Node_729,Node_27,1788
1789,I1_0,Node_747,1789
1790,Node_778,Node_494,1790
1791,Node_487,Node_778,1791
1792,Node_779,OUT_MOT_0,1792
1793,Node_284,Node_779,1793
1794,Node_780,Node_284,1794
1795,Node_487,Node_780,1795
1796,Node_781,Node_487,1796
1797,I2_1,Node_781,1797
1798,Node_782,OUT_COMM_STATE_0,1798
1799,I2_1,Node_782,1799
1800,Node_783,OUT_MOT_0,1800
1801,Node_284,Node_783,1801
1802,OUT_COMM_STATE_0,Node_494,1802
1803,Node_784,Node_27,1803
1804,I2_0,Node_784,1804
1805,Node_785,OUT_MOT_0,1805
1806,Node_284,Node_785,1806
1807,Node_786,Node_27,1807
1808,I2_0,Node_786,1808
1809,Node_787,OUT_MOT_0,1809
1810,I1_0,Node_787,1810
1811,Node_788,Node_781,1811
1812,I2_1,Node_788,1812
1813,Node_789,OUT_COMM_1,1813
1814,I3_1,Node_789,1814
1815,Node_790,OUT_COMM_0,1815
1816,I1_0,Node_790,1816
1817,Node_791,Node_532,1817
1818,I2_1,Node_791,1818
1819,Node_789,Node_521,1819
1820,OUT_MOT_0,Node_753,1820
1821,I3_0,Node_521,1821
1822,I2_0,Node_758,1822
1823,Node_792,OUT_COMM_STATE_0,1823
1824,I2_1,Node_792,1824
1825,Node_793,Node_532,1825
1826,I1_1,Node_793,1826
1827,Node_794,OUT_COMM_1,1827
1828,I2_0,Node_794,1828
1829,Node_795,OUT_MOT_0,1829
1830,OUT_MOT_0,Node_795,1830
1831,Node_796,OUT_COMM_1,1831
1832,I3_1,Node_796,1832
1833,Node_797,Node_753,1833
1834,I2_0,Node_797,1834
1835,Node_798,OUT_COMM_1,1835
1836,I1_0,Node_798,1836
1837,Node_799,Node_76,1837
1838,I1_1,Node_799,1838
1839,Node_532,Node_720,1839
1840,Node_27,Node_494,1840
1841,Node_729,Node_487,1841
1842,OUT_COMM_0,Node_729,1842
1843,Node_800,Node_776,1843
1844,I3_0,Node_800,1844
1845,Node_801,OUT_COMM_0,1845
1846,I1_0,Node_801,1846
1847,Node_802,OUT_COMM_STATE_0,1847
1848,I2_0,Node_802,1848
1849,Node_803,OUT_MOT_0,1849
1850,OUT_MOT_0,Node_803,1850
1851,Node_804,OUT_COMM_1,1851
1852,I1_1,Node_804,1852
1853,Node_805,OUT_COMM_1,1853
1854,Node_487,Node_805,1854
1855,I1_1,Node_521,1855
1856,Node_494,Node_521,1856
1857,Node_720,Node_521,1857
1858,I3_1,Node_750,1858
1859,Node_806,OUT_MOT_0,1859
1860,Node_284,Node_806,1860
1861,Node_807,Node_284,1861
1862,Node_487,Node_807,1862
1863,Node_808,OUT_MOT_0,1863
1864,I3_0,Node_808,1864
1865,Node_809,Node_521,1865
1866,I1_0,Node_809,1866
1867,Node_810,OUT_MOT_0,1867
1868,Node_76,Node_810,1868
1869,Node_811,OUT_MOT_0,1869
1870,OUT_MOT_0,Node_811,1870
1871,Node_812,Node_76,1871
1872,I1_1,Node_812,1872
1873,Node_813,Node_76,1873
1874,I1_1,Node_813,1874
1875,OUT_COMM_0,Node_777,1875
1876,Node_814,OUT_COMM_1,1876
1877,I1_1,Node_814,1877
1878,Node_815,Node_284,1878
1879,Node_750,Node_815,1879
1880,Node_816,OUT_COMM_0,1880
1881,I1_0,Node_816,1881
1882,Node_817,Node_532,1882
1883,I1_1,Node_817,1883
1884,Node_818,OUT_COMM_0,1884
1885,I1_0,Node_818,1885
1886,Node_819,OUT_COMM_0,1886
1887,I1_1,Node_819,1887
1888,Node_820,Node_487,1888
1889,I2_0,Node_820,1889
1890,Node_821,OUT_MOT_0,1890
1891,Node_76,Node_821,1891
1892,Node_822,Node_487,1892
1893,OUT_MOT_0,Node_822,1893
1894,Node_823,OUT_MOT_0,1894
1895,I3_1,Node_823,1895
1896,Node_824,OUT_MOT_0,1896
1897,OUT_MOT_0,Node_824,1897
1898,Node_825,OUT_COMM_STATE_0,1898
1899,I2_0,Node_825,1899
1900,Node_826,OUT_COMM_1,1900
1901,I1_1,Node_826,1901
1902,Node_827,Node_521,1902
1903,I1_0,Node_827,1903
1904,Node_828,Node_27,1904
1905,I2_0,Node_828,1905
1906,Node_829,OUT_COMM_STATE_0,1906
1907,I2_1,Node_829,1907
1908,Node_830,Node_284,1908
1909,I2_0,Node_830,1909
1910,I1_1,Node_776,1910
1911,I2_0,Node_777,1911
1912,OUT_COMM_1,Node_521,1912
1913,Node_494,Node_776,1913
1914,OUT_MOT_0,Node_777,1914
1915,Node_826,Node_826,1915
1916,Node_831,Node_720,1916
1917,Node_532,Node_831,1917
1918,Node_832,Node_76,1918
1919,Node_532,Node_832,1919
1920,Node_833,Node_521,1920
1921,I1_0,Node_833,1921
1922,Node_834,OUT_COMM_STATE_0,1922
1923,I2_1,Node_834,1923
1924,Node_835,Node_27,1924
1925,Node_776,Node_835,1925
1926,Node_836,OUT_MOT_0,1926
1927,Node_284,Node_836,1927
1928,Node_837,Node_720,1928
1929,I2_1,Node_837,1929
1930,Node_487,Node_822,1930
1931,Node_823,Node_823,1931
1932,Node_838,Node_532,1932
1933,I2_1,Node_838,1933
1934,Node_839,OUT_MOT_0,1934
1935,Node_284,Node_839,1935
1936,Node_840,Node_532,1936
1937,I1_1,Node_840,1937
1938,Node_841,Node_76,1938
1939,Node_532,Node_841,1939
1940,Node_842,OUT_MOT_0,1940
1941,Node_76,Node_842,1941
1942,Node_843,Node_521,1942
1943,I1_0,Node_843,1943
1944,Node_844,OUT_MOT_0,1944
1945,OUT_COMM_0,Node_844,1945
1946,Node_845,OUT_COMM_1,1946
1947,Node_494,Node_845,1947
1948,Node_846,Node_532,1948
1949,I1_1,Node_846,1949
1950,Node_847,OUT_MOT_0,1950
1951,Node_27,Node_847,1951
1952,Node_848,OUT_MOT_0,1952
1953,Node_284,Node_848,1953
1954,Node_849,OUT_COMM_0,1954
1955,I1_0,Node_849,1955
1956,Node_850,Node_76,1956
1957,I1_1,Node_850,1957
1958,Node_851,Node_487,1958
1959,Node_750,Node_851,1959
1960,Node_852,Node_284,1960
1961,Node_27,Node_852,1961
1962,Node_487,Node_777,1962
1963,Node_776,Node_758,1963
1964,Node_284,Node_777,1964
1965,Node_750,Node_532,1965
1966,OUT_COMM_STATE_0,Node_841,1966
1967,Node_853,OUT_MOT_0,1967
1968,I3_0,Node_853,1968
1969,Node_854,Node_532,1969
1970,I1_1,Node_854,1970
1971,Node_855,Node_776,1971
1972,I3_0,Node_855,1972
1973,Node_856,Node_76,1973
1974,I1_1,Node_856,1974
1975,Node_857,Node_521,1975
1976,I1_0,Node_857,1976
1977,Node_858,OUT_MOT_0,1977
1978,Node_76,Node_858,1978
1979,Node_859,Node_284,1979
1980,Node_487,Node_859,1980
1981,Node_860,Node_76,1981
1982,I1_1,Node_860,1982
1983,Node_27,Node_532,1983
1984,Node_284,Node_521,1984
1985,Node_861,OUT_COMM_1,1985
1986,Node_521,Node_861,1986
1987,Node_862,Node_284,1987
1988,Node_27,Node_862,1988
1989,Node_863,OUT_COMM_STATE_0,1989
1990,I2_1,Node_863,1990
1991,Node_864,Node_532,1991
1992,I1_1,Node_864,1992
1993,Node_865,Node_76,1993
1994,Node_532,Node_865,1994
1995,OUT_COMM_1,Node_494,1995
1996,Node_778,OUT_COMM_0,1996
1997,Node_866,Node_521,1997
1998,Node_521,Node_866,1998
1999,Node_867,Node_521,1999
2000,I1_0,Node_867,2000
2001,Node_868,Node_27,2001
2002,Node_776,Node_868,2002
2003,Node_869,OUT_MOT_0,2003
2004,OUT_MOT_0,Node_869,2004
2005,Node_870,Node_27,2005
2006,I2_0,Node_870,2006
2007,Node_871,Node_487,2007
2008,Node_750,Node_871,2008
2009,Node_872,OUT_MOT_0,2009
2010,Node_284,Node_872,2010
2011,Node_873,OUT_COMM_1,2011
2012,Node_777,Node_873,2012
2013,Node_822,OUT_COMM_1,2013
2014,Node_494,Node_532,2014
2015,Node_532,OUT_COMM_STATE_0,2015
2016,Node_874,OUT_MOT_0,2016
2017,I3_1,Node_874,2017
2018,Node_875,Node_27,2018
2019,I3_0,Node_875,2019
2020,Node_876,Node_494,2020
2021,I1_1,Node_876,2021
2022,Node_877,OUT_MOT_0,2022
2023,Node_27,Node_877,2023
2024,Node_878,OUT_COMM_1,2024
2025,Node_521,Node_878,2025
2026,Node_879,Node_777,2026
2027,I1_0,Node_879,2027
2028,Node_880,Node_284,2028
2029,Node_27,Node_880,2029
2030,I3_0,Node_777,2030
2031,Node_494,Node_868,2031
2032,Node_834,Node_284,2032
2033,I1_1,Node_822,2033
2034,Node_881,OUT_COMM_1,2034
2035,I1_1,Node_881,2035
2036,Node_882,Node_27,2036
2037,I2_0,Node_882,2037
2038,Node_883,OUT_COMM_1,2038
2039,Node_521,Node_883,2039
2040,Node_884,OUT_COMM_STATE_0,2040
2041,I2_0,Node_884,2041
2042,Node_885,OUT_MOT_0,2042
2043,I3_0,Node_885,2043
2044,Node_886,Node_532,2044
2045,I1_1,Node_886,2045
2046,Node_887,OUT_COMM_1,2046
2047,I2_0,Node_887,2047
2048,Node_888,Node_494,2048
2049,Node_487,Node_888,2049
2050,Node_889,Node_521,2050
2051,Node_521,Node_889,2051
2052,OUT_COMM_STATE_0,Node_532,2052
2053,Node_521,Node_822,2053
2054,OUT_COMM_STATE_0,Node_487,2054
2055,Node_750,OUT_COMM_0,2055
2056,Node_890,OUT_MOT_0,2056
2057,OUT_MOT_0,Node_890,2057
2058,Node_891,OUT_COMM_1,2058
2059,Node_521,Node_891,2059
2060,Node_892,OUT_MOT_0,2060
2061,Node_284,Node_892,2061
2062,Node_893,OUT_COMM_STATE_0,2062
2063,I2_1,Node_893,2063
2064,Node_894,OUT_COMM_0,2064
2065,I1_0,Node_894,2065
2066,Node_895,OUT_MOT_0,2066
2067,I3_0,Node_895,2067
2068,Node_777,OUT_COMM_0,2068
2069,Node_521,Node_777,2069
2070,Node_834,OUT_MOT_0,2070
2071,Node_822,OUT_COMM_STATE_0,2071
2072,Node_896,Node_76,2072
2073,I1_1,Node_896,2073
2074,Node_897,Node_284,2074
2075,Node_27,Node_897,2075
2076,Node_898,OUT_COMM_STATE_0,2076
2077,I2_0,Node_898,2077
2078,Node_899,Node_750,2078
2079,I2_0,Node_899,2079
2080,Node_900,Node_27,2080
2081,I2_0,Node_900,2081
2082,I1_1,Node_777,2082
2083,Node_76,Node_532,2083
2084,Node_532,Node_532,2084
2085,Node_494,OUT_COMM_0,2085
2086,Node_901,OUT_MOT_0,2086
2087,OUT_MOT_0,Node_901,2087
2088,Node_902,Node_76,2088
2089,Node_532,Node_902,2089
2090,Node_903,Node_521,2090
2091,I1_0,Node_903,2091
2092,Node_904,OUT_MOT_0,2092
2093,OUT_MOT_0,Node_904,2093
2094,Node_905,Node_521,2094
2095,I1_0,Node_905,2095
2096,Node_906,Node_777,2096
2097,Node_521,Node_906,2097
2098,Node_521,OUT_MOT_0,2098
2099,OUT_MOT_0,Node_532,2099
2100,I1_1,Node_834,2100
2101,Node_907,Node_521,2101
2102,I1_0,Node_907,2102
2103,Node_908,Node_76,2103
2104,I1_1,Node_908,2104
2105,Node_909,Node_27,2105
2106,I3_0,Node_909,2106
2107,Node_910,OUT_COMM_1,2107
2108,I1_0,Node_910,2108
2109,Node_911,Node_27,2109
2110,I2_0,Node_911,2110
2111,Node_912,Node_778,2111
2112,Node_487,Node_912,2112
2113,Node_777,OUT_COMM_STATE_0,2113
2114,Node_532,Node_487,2114
2115,Node_913,Node_284,2115
2116,Node_750,Node_913,2116
2117,Node_914,Node_777,2117
2118,I1_0,Node_914,2118
2119,Node_915,OUT_COMM_0,2119
2120,OUT_COMM_0,Node_915,2120
2121,Node_916,Node_487,2121
2122,I2_1,Node_916,2122
2123,Node_917,OUT_COMM_1,2123
2124,Node_910,Node_917,2124
2125,Node_918,OUT_MOT_0,2125
2126,OUT_COMM_STATE_0,Node_918,2126
2127,Node_919,OUT_COMM_0,2127
2128,OUT_COMM_0,Node_919,2128
2129,Node_920,Node_521,2129
2130,I1_0,Node_920,2130
2131,Node_921,OUT_COMM_STATE_0,2131
2132,I2_0,Node_921,2132
2133,Node_922,Node_76,2133
2134,I1_1,Node_922,2134
2135,Node_923,OUT_COMM_STATE_0,2135
2136,I2_0,Node_923,2136
2137,Node_924,Node_720,2137
2138,I2_1,Node_924,2138
2139,Node_925,OUT_COMM_0,2139
2140,I1_1,Node_925,2140
2141,Node_27,Node_834,2141
2142,Node_494,Node_720,2142
2143,OUT_COMM_0,Node_778,2143
2144,Node_532,OUT_COMM_0,2144
2145,Node_926,OUT_COMM_1,2145
2146,I2_0,Node_926,2146
2147,Node_927,Node_284,2147
2148,I2_0,Node_927,2148
2149,Node_928,OUT_COMM_0,2149
2150,Node_76,Node_928,2150
2151,Node_929,OUT_COMM_1,2151
2152,I1_1,Node_929,2152
2153,Node_930,OUT_MOT_0,2153
2154,Node_284,Node_930,2154
2155,Node_931,OUT_COMM_STATE_0,2155
2156,I2_0,Node_931,2156
2157,Node_932,Node_76,2157
2158,Node_532,Node_932,2158
2159,Node_933,Node_487,2159
2160,Node_750,Node_933,2160
2161,Node_934,Node_750,2161
2162,I2_0,Node_934,2162
2163,Node_935,OUT_COMM_1,2163
2164,Node_521,Node_935,2164
2165,Node_521,Node_532,2165
2166,OUT_MOT_0,Node_778,2166
2167,OUT_COMM_1,Node_750,2167
2168,Node_777,Node_777,2168
2169,Node_936,Node_834,2169
2170,I2_1,Node_936,2170
2171,Node_937,OUT_COMM_1,2171
2172,Node_284,Node_937,2172
2173,Node_938,Node_487,2173
2174,Node_750,Node_938,2174
2175,Node_939,Node_27,2175
2176,I2_0,Node_939,2176
2177,Node_940,Node_778,2177
2178,Node_912,Node_940,2178
2179,Node_941,OUT_MOT_0,2179
2180,Node_27,Node_941,2180
2181,Node_942,OUT_COMM_STATE_0,2181
2182,I2_0,Node_942,2182
2183,Node_943,Node_284,2183
2184,Node_487,Node_943,2184
2185,Node_944,OUT_COMM_STATE_0,2185
2186,OUT_COMM_1,Node_944,2186
2187,Node_945,Node_284,2187
2188,Node_27,Node_945,2188
2189,OUT_COMM_STATE_0,Node_777,2189
2190,Node_946,OUT_COMM_1,2190
2191,Node_487,Node_946,2191
2192,Node_947,OUT_COMM_1,2192
2193,Node_284,Node_947,2193
2194,Node_948,OUT_COMM_1,2194
2195,Node_494,Node_948,2195
2196,Node_949,Node_521,2196
2197,Node_521,Node_949,2197
2198,Node_950,Node_27,2198
2199,I2_0,Node_950,2199
2200,Node_951,OUT_COMM_STATE_0,2200
2201,I2_0,Node_951,2201
2202,Node_952,Node_76,2202
2203,Node_532,Node_952,2203
2204,Node_953,Node_284,2204
2205,Node_897,Node_953,2205
2206,OUT_COMM_0,Node_750,2206
2207,Node_27,Node_777,2207
2208,Node_494,Node_750,2208
2209,I3_1,Node_521,2209
2210,I1_1,Node_750,2210
2211,Node_954,Node_76,2211
2212,Node_532,Node_954,2212
2213,Node_955,Node_777,2213
2214,OUT_COMM_STATE_0,Node_955,2214
2215,Node_956,OUT_COMM_1,2215
2216,I2_0,Node_956,2216
2217,Node_778,Node_521,2217
2218,Node_957,Node_76,2218
2219,I1_0,Node_957,2219
2220,Node_958,Node_777,2220
2221,I1_0,Node_958,2221
2222,Node_959,OUT_COMM_STATE_0,2222
2223,I2_0,Node_959,2223
2224,Node_960,OUT_COMM_1,2224
2225,I1_1,Node_960,2225
2226,Node_961,Node_777,2226
2227,Node_955,Node_961,2227
2228,Node_962,OUT_COMM_1,2228
2229,I3_1,Node_962,2229
2230,Node_963,Node_284,2230
2231,Node_487,Node_963,2231
2232,Node_964,OUT_COMM_0,2232
2233,OUT_COMM_1,Node_964,2233
2234,Node_965,Node_27,2234
2235,I3_0,Node_965,2235
2236,Node_966,OUT_COMM_STATE_0,2236
2237,I2_0,Node_966,2237
2238,Node_494,Node_777,2238
2239,Node_822,Node_834,2239
2240,Node_487,OUT_MOT_0,2240
2241,I2_1,Node_750,2241
2242,Node_914,OUT_COMM_1,2242
2243,Node_967,Node_777,2243
2244,I1_0,Node_967,2244
2245,Node_968,Node_778,2245
2246,Node_487,Node_968,2246
2247,Node_969,OUT_MOT_0,2247
2248,I3_0,Node_969,2248
2249,Node_970,OUT_COMM_1,2249
2250,Node_494,Node_970,2250
2251,Node_521,OUT_COMM_STATE_0,2251
2252,Node_720,Node_720,2252
2253,Node_487,Node_532,2253
2254,Node_521,Node_76,2254
2255,Node_971,OUT_COMM_STATE_0,2255
2256,I2_0,Node_971,2256
2257,Node_972,Node_487,2257
2258,Node_750,Node_972,2258
2259,Node_973,OUT_MOT_0,2259
2260,I3_0,Node_973,2260
2261,Node_974,OUT_MOT_0,2261
2262,I1_0,Node_974,2262
2263,Node_975,Node_487,2263
2264,Node_720,Node_975,2264
2265,Node_976,Node_494,2265
2266,Node_487,Node_976,2266
2267,Node_977,Node_778,2267
2268,Node_487,Node_977,2268
2269,Node_978,OUT_COMM_0,2269
2270,Node_487,Node_978,2270
2271,Node_979,Node_27,2271
2272,I2_0,Node_979,2272
2273,Node_980,Node_284,2273
2274,Node_487,Node_980,2274
2275,Node_981,OUT_MOT_0,2275
2276,I3_0,Node_981,2276
2277,Node_982,Node_76,2277
2278,I1_1,Node_982,2278
2279,Node_983,Node_778,2279
2280,Node_487,Node_983,2280
2281,Node_984,Node_494,2281
2282,Node_778,Node_984,2282
2283,Node_985,Node_494,2283
2284,OUT_COMM_1,Node_985,2284
2285,Node_986,Node_720,2285
2286,I2_1,Node_986,2286
2287,Node_76,Node_778,2287
2288,I2_0,Node_720,2288
2289,OUT_COMM_STATE_0,Node_778,2289
2290,Node_284,Node_965,2290
2291,Node_987,Node_750,2291
2292,I2_0,Node_987,2292
2293,Node_988,OUT_MOT_0,2293
2294,I3_0,Node_988,2294
2295,Node_989,Node_494,2295
2296,OUT_COMM_1,Node_989,2296
2297,Node_990,OUT_COMM_1,2297
2298,Node_777,Node_990,2298
2299,Node_991,Node_777,2299
2300,I1_0,Node_991,2300
2301,Node_992,Node_284,2301
2302,Node_27,Node_992,2302
2303,Node_993,OUT_COMM_STATE_0,2303
2304,I2_0,Node_993,2304
2305,Node_994,Node_532,2305
2306,I2_1,Node_994,2306
2307,OUT_COMM_STATE_0,Node_521,2307
2308,Node_778,Node_778,2308
2309,Node_27,Node_720,2309
2310,Node_995,OUT_MOT_0,2310
2311,Node_27,Node_995,2311
2312,Node_996,OUT_COMM_1,2312
2313,I1_0,Node_996,2313
2314,Node_997,OUT_MOT_0,2314
2315,OUT_MOT_0,Node_997,2315
2316,Node_998,OUT_MOT_0,2316
2317,Node_27,Node_998,2317
2318,Node_750,Node_944,2318
2319,Node_777,OUT_MOT_0,2319
2320,Node_999,Node_27,2320
2321,I2_0,Node_999,2321
2322,Node_1000,Node_532,2322
2323,I1_1,Node_1000,2323
2324,Node_1001,Node_487,2324
2325,Node_750,Node_1001,2325
2326,Node_1002,Node_487,2326
2327,I2_0,Node_1002,2327
2328,Node_1003,Node_777,2328
2329,I1_0,Node_1003,2329
2330,Node_1004,Node_778,2330
2331,OUT_COMM_STATE_0,Node_1004,2331
2332,Node_494,Node_944,2332
2333,Node_995,Node_778,2333
2334,Node_494,OUT_MOT_0,2334
2335,Node_1005,OUT_MOT_0,2335
2336,Node_284,Node_1005,2336
2337,Node_1006,OUT_COMM_STATE_0,2337
2338,I2_1,Node_1006,2338
2339,Node_1007,Node_521,2339
2340,I1_0,Node_1007,2340
2341,Node_1008,Node_521,2341
2342,I1_0,Node_1008,2342
2343,Node_720,Node_995,2343
2344,Node_777,Node_284,2344
2345,I3_1,Node_777,2345
2346,I2_1,Node_1007,2346
2347,Node_1009,Node_532,2347
2348,I1_1,Node_1009,2348
2349,Node_1010,Node_494,2349
2350,Node_778,Node_1010,2350
2351,Node_1011,OUT_MOT_0,2351
2352,I3_0,Node_1011,2352
2353,Node_1012,OUT_COMM_0,2353
2354,I1_1,Node_1012,2354
2355,Node_1013,OUT_COMM_1,2355
2356,Node_777,Node_1013,2356
2357,Node_1014,Node_494,2357
2358,Node_487,Node_1014,2358
2359,Node_1015,Node_284,2359
2360,Node_487,Node_1015,2360
2361,Node_1016,Node_76,2361
2362,Node_532,Node_1016,2362
2363,Node_1017,Node_532,2363
2364,I1_1,Node_1017,2364
2365,Node_1018,Node_27,2365
2366,I2_0,Node_1018,2366
2367,Node_1019,OUT_COMM_1,2367
2368,Node_777,Node_1019,2368
2369,Node_1020,OUT_MOT_0,2369
2370,Node_27,Node_1020,2370
2371,Node_1021,Node_778,2371
2372,Node_76,Node_1021,2372
2373,Node_1022,OUT_MOT_0,2373
2374,Node_76,Node_1022,2374
2375,Node_1023,OUT_COMM_0,2375
2376,I1_0,Node_1023,2376
2377,Node_1024,Node_532,2377
2378,I2_1,Node_1024,2378
2379,I3_1,Node_720,2379
2380,Node_76,Node_1014,2380
2381,Node_777,Node_487,2381
2382,Node_284,Node_979,2382
2383,Node_1025,Node_494,2383
2384,Node_487,Node_1025,2384
2385,Node_1026,Node_284,2385
2386,I2_0,Node_1026,2386
2387,Node_1027,OUT_MOT_0,2387
2388,Node_995,Node_1027,2388
2389,Node_1028,Node_777,2389
2390,I1_0,Node_1028,2390
2391,Node_1029,OUT_COMM_0,2391
2392,Node_76,Node_1029,2392
2393,Node_1030,Node_750,2393
2394,I2_0,Node_1030,2394
2395,Node_1031,OUT_COMM_STATE_0,2395
2396,I2_1,Node_1031,2396
2397,Node_1032,Node_27,2397
2398,I3_0,Node_1032,2398
2399,Node_1033,Node_76,2399
2400,I1_1,Node_1033,2400
2401,Node_1034,Node_778,2401
2402,Node_487,Node_1034,2402
2403,Node_1035,OUT_MOT_0,2403
2404,Node_27,Node_1035,2404
2405,Node_1036,Node_750,2405
2406,I2_0,Node_1036,2406
2407,Node_1037,Node_76,2407
2408,Node_532,Node_1037,2408
2409,Node_1029,Node_76,2409
2410,Node_1038,Node_494,2410
2411,Node_778,Node_1038,2411
2412,Node_1039,OUT_MOT_0,2412
2413,OUT_MOT_0,Node_1039,2413
2414,Node_1040,OUT_COMM_0,2414
2415,Node_76,Node_1040,2415
2416,Node_1041,OUT_COMM_1,2416
2417,I1_0,Node_1041,2417
2418,Node_1042,Node_487,2418
2419,Node_750,Node_1042,2419
2420,Node_1043,OUT_MOT_0,2420
2421,I3_0,Node_1043,2421
2422,I2_1,Node_778,2422
2423,Node_777,Node_521,2423
2424,Node_1044,Node_487,2424
2425,Node_720,Node_1044,2425
2426,Node_1045,OUT_COMM_1,2426
2427,Node_487,Node_1045,2427
2428,Node_1046,Node_777,2428
2429,I1_0,Node_1046,2429
2430,Node_1047,Node_284,2430
2431,Node_27,Node_1047,2431
2432,Node_1048,OUT_MOT_0,2432
2433,OUT_MOT_0,Node_1048,2433
2434,Node_1049,Node_284,2434
2435,Node_27,Node_1049,2435
2436,Node_1050,Node_284,2436
2437,Node_487,Node_1050,2437
2438,Node_1051,Node_284,2438
2439,Node_1026,Node_1051,2439
2440,OUT_COMM_STATE_0,Node_720,2440
2441,Node_1052,Node_284,2441
2442,Node_750,Node_1052,2442
2443,Node_1053,Node_750,2443
2444,I2_0,Node_1053,2444
2445,Node_1054,Node_720,2445
2446,I2_1,Node_1054,2446
2447,Node_1055,OUT_COMM_1,2447
2448,Node_521,Node_1055,2448
2449,Node_750,Node_777,2449
2450,Node_1025,Node_487,2450
2451,Node_995,Node_76,2451
2452,I3_1,Node_979,2452
2453,Node_1056,Node_494,2453
2454,Node_487,Node_1056,2454
2455,Node_1057,Node_494,2455
2456,Node_1038,Node_1057,2456
2457,Node_1058,OUT_COMM_0,2457
2458,Node_487,Node_1058,2458
2459,Node_1059,Node_76,2459
2460,I1_1,Node_1059,2460
2461,Node_1060,OUT_COMM_0,2461
2462,Node_76,Node_1060,2462
2463,Node_1061,Node_979,2463
2464,I2_0,Node_1061,2464
2465,Node_1062,Node_487,2465
2466,I2_0,Node_1062,2466
2467,Node_1063,OUT_COMM_1,2467
2468,Node_777,Node_1063,2468
2469,Node_1064,OUT_COMM_STATE_0,2469
2470,I2_0,Node_1064,2470
2471,Node_1065,Node_284,2471
2472,I2_0,Node_1065,2472
2473,Node_1066,Node_494,2473
2474,OUT_COMM_0,Node_1066,2474
2475,Node_1067,OUT_COMM_1,2475
2476,Node_487,Node_1067,2476
2477,Node_521,Node_750,2477
2478,Node_777,Node_27,2478
2479,I2_1,Node_965,2479
2480,Node_1068,OUT_COMM_0,2480
2481,I1_1,Node_1068,2481
2482,Node_1069,OUT_COMM_STATE_0,2482
2483,I2_0,Node_1069,2483
2484,Node_1070,OUT_COMM_1,2484
2485,I2_0,Node_1070,2485
2486,Node_1071,Node_487,2486
2487,Node_750,Node_1071,2487
2488,Node_1072,Node_27,2488
2489,I2_0,Node_1072,2489
2490,Node_1073,OUT_COMM_0,2490
2491,I1_0,Node_1073,2491
2492,Node_1074,OUT_COMM_1,2492
2493,Node_521,Node_1074,2493
2494,Node_750,Node_494,2494
2495,Node_1075,OUT_COMM_1,2495
2496,Node_521,Node_1075,2496
2497,Node_1076,Node_284,2497
2498,I2_0,Node_1076,2498
2499,Node_1077,OUT_MOT_0,2499
2500,Node_284,Node_1077,2500
2501,Node_1078,Node_76,2501
2502,Node_532,Node_1078,2502
2503,Node_1079,Node_532,2503
2504,OUT_COMM_0,Node_1079,2504
2505,Node_1080,Node_76,2505
2506,I2_1,Node_1080,2506
2507,Node_1081,Node_521,2507
2508,I1_0,Node_1081,2508
2509,Node_1082,Node_1015,2509
2510,Node_487,Node_1082,2510
2511,Node_1083,OUT_MOT_0,2511
2512,Node_284,Node_1083,2512
2513,Node_1015,Node_1015,2513
2514,Node_777,Node_532,2514
2515,Node_521,Node_965,2515
2516,I2_1,Node_1015,2516
2517,Node_532,Node_979,2517
2518,Node_1084,Node_284,2518
2519,Node_487,Node_1084,2519
2520,Node_1085,Node_76,2520
2521,I1_1,Node_1085,2521
2522,Node_1086,Node_76,2522
2523,I2_1,Node_1086,2523
2524,Node_1087,Node_27,2524
2525,Node_979,Node_1087,2525
2526,Node_1088,OUT_COMM_0,2526
2527,I1_1,Node_1088,2527
2528,Node_1089,Node_487,2528
2529,I3_1,Node_1089,2529
2530,Node_777,Node_965,2530
2531,I2_0,Node_1020,2531
2532,Node_76,Node_777,2532
2533,Node_1090,Node_76,2533
2534,I2_1,Node_1090,2534
2535,Node_1091,Node_284,2535
2536,Node_750,Node_1091,2536
2537,Node_1092,Node_284,2537
2538,Node_487,Node_1092,2538
2539,Node_1093,Node_284,2539
2540,Node_487,Node_1093,2540
2541,Node_1094,Node_76,2541
2542,I1_1,Node_1094,2542
2543,Node_1095,Node_487,2543
2544,I3_1,Node_1095,2544
2545,Node_1096,Node_1015,2545
2546,Node_487,Node_1096,2546
2547,Node_1097,Node_965,2547
2548,Node_284,Node_1097,2548
2549,Node_1098,Node_965,2549
2550,I3_0,Node_1098,2550
2551,Node_1099,Node_965,2551
2552,Node_284,Node_1099,2552
2553,Node_1078,Node_777,2553
2554,OUT_COMM_STATE_0,Node_750,2554
2555,OUT_COMM_1,Node_1066,2555
2556,Node_1100,Node_965,2556
2557,Node_284,Node_1100,2557
2558,Node_1101,Node_487,2558
2559,I3_1,Node_1101,2559
2560,Node_1102,OUT_COMM_STATE_0,2560
2561,I2_0,Node_1102,2561
2562,Node_1103,Node_532,2562
2563,I1_1,Node_1103,2563
2564,Node_1104,OUT_COMM_1,2564
2565,I2_0,Node_1104,2565
2566,Node_1105,OUT_COMM_1,2566
2567,Node_494,Node_1105,2567
2568,Node_777,Node_979,2568
2569,Node_1106,OUT_COMM_1,2569
2570,Node_777,Node_1106,2570
2571,Node_1107,OUT_COMM_STATE_0,2571
2572,I2_0,Node_1107,2572
2573,Node_1108,OUT_MOT_0,2573
2574,OUT_MOT_0,Node_1108,2574
2575,Node_1109,Node_27,2575
2576,I3_0,Node_1109,2576
2577,Node_1110,OUT_COMM_1,2577
2578,Node_777,Node_1110,2578
2579,Node_1111,OUT_COMM_1,2579
2580,I1_1,Node_1111,2580
2581,Node_1112,OUT_COMM_STATE_0,2581
2582,I2_0,Node_1112,2582
2583,Node_1113,OUT_COMM_0,2583
2584,I1_0,Node_1113,2584
2585,Node_1114,OUT_COMM_1,2585
2586,Node_521,Node_1114,2586
2587,Node_1115,OUT_COMM_1,2587
2588,Node_777,Node_1115,2588
2589,Node_1116,Node_284,2589
2590,Node_1015,Node_1116,2590
2591,Node_1117,Node_487,2591
2592,Node_750,Node_1117,2592
2593,Node_1118,Node_750,2593
2594,I2_0,Node_1118,2594
2595,Node_1119,Node_76,2595
2596,I1_1,Node_1119,2596
2597,Node_1120,Node_76,2597
2598,Node_1078,Node_1120,2598
2599,Node_1121,OUT_COMM_1,2599
2600,Node_777,Node_1121,2600
2601,Node_1122,Node_965,2601
2602,Node_284,Node_1122,2602
2603,Node_1123,OUT_MOT_0,2603
2604,Node_284,Node_1123,2604
2605,Node_1124,Node_965,2605
2606,Node_284,Node_1124,2606
2607,Node_1115,Node_521,2607
2608,Node_1020,Node_750,2608
2609,I3_0,Node_750,2609
2610,Node_1095,Node_494,2610
2611,Node_487,Node_965,2611
2612,I2_0,Node_965,2612
2613,I1_0,Node_1066,2613
2614,OUT_MOT_0,Node_1079,2614
2615,Node_979,OUT_COMM_1,2615
2616,Node_76,Node_979,2616
2617,Node_1125,Node_1015,2617
2618,Node_487,Node_1125,2618
2619,Node_1126,OUT_MOT_0,2619
2620,I3_0,Node_1126,2620
2621,Node_1127,Node_284,2621
2622,I2_0,Node_1127,2622
2623,Node_1128,Node_76,2623
2624,I2_1,Node_1128,2624
2625,Node_1129,OUT_MOT_0,2625
2626,Node_27,Node_1129,2626
2627,Node_1130,OUT_MOT_0,2627
2628,Node_284,Node_1130,2628
2629,Node_1131,OUT_MOT_0,2629
2630,OUT_MOT_0,Node_1131,2630
2631,Node_1132,Node_494,2631
2632,OUT_COMM_0,Node_1132,2632
2633,Node_1015,Node_487,2633
2634,Node_521,Node_1117,2634
2635,Node_1020,OUT_COMM_STATE_0,2635
2636,Node_1133,Node_777,2636
2637,I1_0,Node_1133,2637
2638,Node_1134,Node_27,2638
2639,I2_0,Node_1134,2639
2640,Node_1135,Node_284,2640
2641,Node_487,Node_1135,2641
2642,Node_1136,Node_1078,2642
2643,Node_532,Node_1136,2643
2644,Node_1137,OUT_COMM_STATE_0,2644
2645,I2_1,Node_1137,2645
2646,Node_1138,Node_521,2646
2647,I1_0,Node_1138,2647
2648,Node_979,Node_532,2648
2649,Node_487,Node_76,2649
2650,OUT_MOT_0,Node_521,2650
2651,Node_750,OUT_COMM_1,2651
2652,Node_1117,Node_284,2652
2653,Node_1139,OUT_MOT_0,2653
2654,I3_0,Node_1139,2654
2655,Node_1140,Node_76,2655
2656,Node_532,Node_1140,2656
2657,Node_1141,Node_284,2657
2658,Node_487,Node_1141,2658
2659,Node_1142,OUT_MOT_0,2659
2660,I3_0,Node_1142,2660
2661,Node_1143,Node_1079,2661
2662,OUT_COMM_0,Node_1143,2662
2663,Node_1144,OUT_MOT_0,2663
2664,Node_27,Node_1144,2664
2665,Node_1145,OUT_COMM_1,2665
2666,I2_0,Node_1145,2666
2667,Node_965,Node_750,2667
2668,Node_76,Node_1020,2668
2669,I2_1,Node_777,2669
2670,Node_979,Node_777,2670
2671,Node_965,OUT_COMM_STATE_0,2671
2672,OUT_COMM_STATE_0,Node_1015,2672
2673,Node_1146,Node_965,2673
2674,I3_0,Node_1146,2674
2675,Node_1147,OUT_COMM_1,2675
2676,Node_487,Node_1147,2676
2677,Node_1148,Node_76,2677
2678,I1_1,Node_1148,2678
2679,Node_1149,Node_76,2679
2680,I1_1,Node_1149,2680
2681,Node_1150,Node_76,2681
2682,I1_1,Node_1150,2682
2683,Node_1151,OUT_COMM_1,2683
2684,I1_1,Node_1151,2684
2685,Node_1152,Node_487,2685
2686,Node_750,Node_1152,2686
2687,Node_1153,OUT_MOT_0,2687
2688,OUT_MOT_0,Node_1153,2688
2689,Node_1154,Node_1020,2689
2690,Node_27,Node_1154,2690
2691,Node_1155,OUT_MOT_0,2691
2692,Node_27,Node_1155,2692
2693,Node_1156,Node_532,2693
2694,OUT_COMM_STATE_0,Node_1156,2694
2695,Node_1157,Node_27,2695
2696,I2_0,Node_1157,2696
2697,Node_1158,Node_284,2697
2698,Node_750,Node_1158,2698
2699,Node_1159,Node_965,2699
2700,Node_284,Node_1159,2700
2701,Node_979,Node_1020,2701
2702,I2_1,Node_979,2702
2703,Node_1160,Node_76,2703
2704,Node_532,Node_1160,2704
2705,Node_1161,Node_532,2705
2706,I1_1,Node_1161,2706
2707,Node_1162,Node_27,2707
2708,I2_0,Node_1162,2708
2709,Node_1163,Node_750,2709
2710,I2_0,Node_1163,2710
2711,Node_1164,Node_750,2711
2712,I2_0,Node_1164,2712
2713,OUT_COMM_1,Node_1020,2713
2714,Node_1165,OUT_COMM_1,2714
2715,I1_0,Node_1165,2715
2716,Node_1166,Node_284,2716
2717,Node_750,Node_1166,2717
2718,Node_1167,OUT_MOT_0,2718
2719,Node_27,Node_1167,2719
2720,Node_1168,OUT_COMM_1,2720
2721,Node_494,Node_1168,2721
2722,Node_1169,Node_532,2722
2723,I3_0,Node_1169,2723
2724,Node_1170,Node_76,2724
2725,I1_1,Node_1170,2725
2726,Node_1171,OUT_MOT_0,2726
2727,OUT_MOT_0,Node_1171,2727
2728,Node_1172,OUT_MOT_0,2728
2729,Node_1020,Node_1172,2729
2730,Node_750,OUT_COMM_STATE_0,2730
2731,Node_487,Node_750,2731
2732,Node_979,Node_487,2732
2733,Node_1173,OUT_COMM_1,2733
2734,Node_521,Node_1173,2734
2735,Node_1174,Node_284,2735
2736,I2_0,Node_1174,2736
2737,Node_1175,Node_532,2737
2738,OUT_COMM_STATE_0,Node_1175,2738
2739,Node_1176,Node_532,2739
2740,Node_487,Node_1176,2740
2741,Node_1177,Node_284,2741
2742,Node_487,Node_1177,2742
2743,Node_1178,Node_76,2743
2744,I2_1,Node_1178,2744
2745,Node_1179,OUT_MOT_0,2745
2746,Node_1020,Node_1179,2746
2747,Node_1180,OUT_COMM_STATE_0,2747
2748,I2_1,Node_1180,2748
2749,Node_1181,OUT_MOT_0,2749
2750,I3_0,Node_1181,2750
2751,Node_750,Node_27,2751
2752,I3_1,Node_1020,2752
2753,Node_1182,Node_1020,2753
2754,Node_27,Node_1182,2754
2755,Node_1183,OUT_COMM_1,2755
2756,Node_494,Node_1183,2756
2757,Node_1184,Node_487,2757
2758,I2_0,Node_1184,2758
2759,Node_1185,Node_76,2759
2760,I2_1,Node_1185,2760
2761,Node_1186,OUT_COMM_1,2761
2762,I1_1,Node_1186,2762
2763,OUT_COMM_0,Node_965,2763
2764,Node_965,OUT_COMM_0,2764
2765,OUT_MOT_0,Node_979,2765
2766,Node_1187,Node_521,2766
2767,Node_27,Node_1187,2767
2768,Node_1188,Node_284,2768
2769,I2_0,Node_1188,2769
2770,Node_1189,Node_284,2770
2771,Node_487,Node_1189,2771
2772,Node_1190,Node_487,2772
2773,I3_1,Node_1190,2773
2774,Node_1191,Node_76,2774
2775,Node_532,Node_1191,2775
2776,Node_1192,OUT_MOT_0,2776
2777,OUT_MOT_0,Node_1192,2777
2778,Node_1193,Node_979,2778
2779,I2_0,Node_1193,2779
2780,Node_1194,Node_1020,2780
2781,Node_27,Node_1194,2781
2782,Node_1195,OUT_COMM_1,2782
2783,Node_521,Node_1195,2783
2784,Node_965,Node_494,2784
2785,Node_1136,OUT_MOT_0,2785
2786,Node_284,Node_750,2786
2787,Node_1196,Node_750,2787
2788,I2_0,Node_1196,2788
2789,Node_1197,Node_532,2789
2790,I1_1,Node_1197,2790
2791,Node_777,Node_76,2791
2792,Node_777,Node_750,2792
2793,Node_1198,OUT_COMM_0,2793
2794,Node_76,Node_1198,2794
2795,Node_1199,Node_27,2795
2796,I2_0,Node_1199,2796
2797,Node_1200,OUT_MOT_0,2797
2798,Node_284,Node_1200,2798
2799,Node_1201,Node_750,2799
2800,I2_0,Node_1201,2800
2801,Node_1202,Node_284,2801
2802,Node_750,Node_1202,2802
2803,Node_1203,Node_284,2803
2804,I2_0,Node_1203,2804
2805,Node_1204,Node_27,2805
2806,I2_0,Node_1204,2806
2807,Node_1205,Node_777,2807
2808,Node_76,Node_1205,2808
2809,Node_750,Node_521,2809
2810,OUT_COMM_1,Node_979,2810
2811,Node_1206,Node_284,2811
2812,I2_0,Node_1206,2812
2813,Node_1207,OUT_COMM_STATE_0,2813
2814,I2_0,Node_1207,2814
2815,Node_1208,OUT_COMM_1,2815
2816,Node_521,Node_1208,2816
2817,Node_1209,Node_284,2817
2818,Node_487,Node_1209,2818
2819,Node_777,Node_1136,2819
2820,I1_1,Node_979,2820
2821,Node_750,Node_76,2821
2822,Node_1210,OUT_MOT_0,2822
2823,Node_284,Node_1210,2823
2824,Node_1211,Node_979,2824
2825,I2_0,Node_1211,2825
2826,Node_1212,Node_27,2826
2827,Node_965,Node_1212,2827
2828,Node_1213,OUT_MOT_0,2828
2829,Node_284,Node_1213,2829
2830,Node_1214,Node_284,2830
2831,Node_487,Node_1214,2831
2832,Node_1215,OUT_COMM_1,2832
2833,Node_487,Node_1215,2833
2834,Node_1216,Node_76,2834
2835,Node_777,Node_1216,2835
2836,Node_1217,Node_284,2836
2837,I2_0,Node_1217,2837
2838,OUT_COMM_STATE_0,Node_979,2838
2839,Node_532,Node_521,2839
2840,Node_1136,Node_532,2840
2841,Node_750,Node_1136,2841
2842,OUT_COMM_1,Node_777,2842
2843,Node_1218,OUT_MOT_0,2843
2844,Node_27,Node_1218,2844
2845,Node_1219,Node_284,2845
2846,Node_750,Node_1219,2846
2847,Node_1220,OUT_COMM_1,2847
2848,Node_487,Node_1220,2848
2849,Node_1221,OUT_MOT_0,2849
2850,I3_0,Node_1221,2850
2851,Node_1222,OUT_MOT_0,2851
2852,I3_1,Node_1222,2852
2853,Node_1223,OUT_COMM_STATE_0,2853
2854,I2_1,Node_1223,2854
2855,Node_1224,OUT_COMM_STATE_0,2855
2856,I2_1,Node_1224,2856
2857,Node_1225,OUT_MOT_0,2857
2858,Node_76,Node_1225,2858
2859,Node_1078,Node_487,2859
2860,I1_0,Node_965,2860
2861,Node_1226,Node_494,2861
2862,Node_487,Node_1226,2862
2863,Node_1227,Node_532,2863
2864,I3_0,Node_1227,2864
2865,Node_1228,Node_27,2865
2866,I2_0,Node_1228,2866
2867,Node_1229,Node_521,2867
2868,Node_532,Node_1229,2868
2869,Node_1230,OUT_COMM_1,2869
2870,Node_777,Node_1230,2870
2871,Node_1231,Node_27,2871
2872,Node_979,Node_1231,2872
2873,OUT_COMM_STATE_0,Node_965,2873
2874,Node_750,OUT_MOT_0,2874
2875,Node_532,Node_750,2875
2876,Node_1232,Node_532,2876
2877,Node_487,Node_1232,2877
2878,Node_1233,Node_284,2878
2879,Node_750,Node_1233,2879
2880,Node_1234,Node_76,2880
2881,Node_532,Node_1234,2881
2882,Node_1235,OUT_COMM_1,2882
2883,I1_0,Node_1235,2883
2884,Node_1236,OUT_COMM_STATE_0,2884
2885,I2_1,Node_1236,2885
2886,Node_965,Node_1136,2886
2887,Node_1237,Node_750,2887
2888,I2_0,Node_1237,2888
2889,Node_1238,OUT_MOT_0,2889
2890,Node_76,Node_1238,2890
2891,Node_1239,Node_284,2891
2892,Node_487,Node_1239,2892
2893,Node_1240,Node_777,2893
2894,I1_0,Node_1240,2894
2895,Node_1241,OUT_COMM_1,2895
2896,I1_0,Node_1241,2896
2897,Node_1242,Node_284,2897
2898,Node_487,Node_1242,2898
2899,Node_1243,OUT_COMM_0,2899
2900,I1_1,Node_1243,2900
2901,Node_1244,Node_76,2901
2902,Node_532,Node_1244,2902
2903,Node_1245,OUT_MOT_0,2903
2904,I3_0,Node_1245,2904
2905,Node_521,Node_1020,2905
2906,Node_1246,Node_487,2906
2907,Node_750,Node_1246,2907
2908,Node_1247,Node_27,2908
2909,Node_965,Node_1247,2909
2910,Node_1248,OUT_MOT_0,2910
2911,OUT_MOT_0,Node_1248,2911
2912,Node_1249,Node_284,2912
2913,Node_487,Node_1249,2913
2914,Node_1250,Node_284,2914
2915,I2_0,Node_1250,2915
2916,Node_1251,OUT_MOT_0,2916
2917,I3_1,Node_1251,2917
2918,Node_1252,OUT_COMM_1,2918
2919,I2_0,Node_1252,2919
2920,OUT_MOT_0,Node_750,2920
2921,Node_1253,OUT_MOT_0,2921
2922,I3_0,Node_1253,2922
2923,Node_1254,OUT_COMM_STATE_0,2923
2924,I2_0,Node_1254,2924
2925,Node_1255,Node_284,2925
2926,I2_0,Node_1255,2926
2927,Node_1256,Node_532,2927
2928,Node_487,Node_1256,2928
2929,Node_1257,OUT_COMM_0,2929
2930,I1_1,Node_1257,2930
2931,Node_1258,Node_1020,2931
2932,Node_27,Node_1258,2932
2933,Node_1259,Node_76,2933
2934,I1_1,Node_1259,2934
2935,Node_1260,Node_27,2935
2936,Node_965,Node_1260,2936
2937,Node_1261,Node_76,2937
2938,I1_1,Node_1261,2938
2939,Node_1262,OUT_COMM_STATE_0,2939
2940,I2_0,Node_1262,2940
2941,Node_1263,Node_487,2941
2942,I2_0,Node_1263,2942
2943,Node_965,Node_777,2943
2944,Node_1264,Node_965,2944
2945,Node_284,Node_1264,2945
2946,Node_1265,Node_27,2946
2947,Node_965,Node_1265,2947
2948,Node_1266,OUT_MOT_0,2948
2949,Node_27,Node_1266,2949
2950,Node_1267,Node_284,2950
2951,I2_0,Node_1267,2951
2952,Node_1268,Node_532,2952
2953,OUT_COMM_STATE_0,Node_1268,2953
2954,Node_1269,Node_532,2954
2955,OUT_COMM_STATE_0,Node_1269,2955
2956,Node_965,Node_532,2956
2957,OUT_COMM_STATE_0,Node_1136,2957
2958,Node_1270,OUT_MOT_0,2958
2959,I3_0,Node_1270,2959
2960,Node_1271,OUT_COMM_1,2960
2961,Node_777,Node_1271,2961
2962,Node_1272,Node_284,2962
2963,I2_0,Node_1272,2963
2964,Node_1273,Node_979,2964
2965,I2_0,Node_1273,2965
2966,Node_1274,OUT_MOT_0,2966
2967,OUT_MOT_0,Node_1274,2967
2968,Node_1275,Node_1136,2968
2969,Node_532,Node_1275,2969
2970,Node_1276,OUT_COMM_STATE_0,2970
2971,I2_1,Node_1276,2971
2972,Node_1277,Node_487,2972
2973,Node_750,Node_1277,2973
2974,Node_979,Node_979,2974
2975,Node_979,Node_76,2975
2976,Node_1278,OUT_MOT_0,2976
2977,Node_284,Node_1278,2977
2978,Node_1279,OUT_MOT_0,2978
2979,I3_1,Node_1279,2979
2980,Node_1280,OUT_MOT_0,2980
2981,Node_27,Node_1280,2981
2982,Node_1281,OUT_COMM_1,2982
2983,I2_0,Node_1281,2983
2984,Node_1282,Node_76,2984
2985,I1_1,Node_1282,2985
2986,Node_1283,Node_777,2986
2987,I1_0,Node_1283,2987
2988,Node_1272,Node_532,2988
2989,Node_979,Node_521,2989
2990,Node_1284,Node_284,2990
2991,Node_487,Node_1284,2991
2992,Node_1285,OUT_MOT_0,2992
2993,Node_1020,Node_1285,2993
2994,Node_1286,Node_521,2994
2995,I1_0,Node_1286,2995
2996,Node_1287,Node_76,2996
2997,I2_1,Node_1287,2997
2998,Node_1288,OUT_COMM_STATE_0,2998
2999,I2_1,Node_1288,2999
3000,Node_1289,Node_284,3000
3001,Node_487,Node_1289,3001
3002,Node_1290,OUT_MOT_0,3002
3003,OUT_MOT_0,Node_1290,3003
3004,Node_1291,OUT_COMM_1,3004
3005,Node_487,Node_1291,3005
3006,Node_1020,Node_979,3006
3007,Node_1020,Node_494,3007
3008,OUT_COMM_0,Node_979,3008
3009,Node_1020,Node_1256,3009
3010,Node_1292,Node_777,3010
3011,I1_0,Node_1292,3011
3012,Node_1293,Node_284,3012
3013,Node_487,Node_1293,3013
3014,Node_1294,OUT_COMM_0,3014
3015,I1_0,Node_1294,3015
3016,Node_1295,Node_750,3016
3017,Node_487,Node_1295,3017
3018,Node_1296,Node_521,3018
3019,I1_0,Node_1296,3019
3020,Node_1297,Node_284,3020
3021,Node_27,Node_1297,3021
3022,Node_1298,OUT_MOT_0,3022
3023,Node_1020,Node_1298,3023
3024,Node_1299,OUT_COMM_0,3024
3025,Node_76,Node_1299,3025
3026,Node_1300,OUT_MOT_0,3026
3027,I3_0,Node_1300,3027
3028,Node_1256,Node_1020,3028
3029,Node_1020,Node_487,3029
3030,Node_1301,Node_284,3030
3031,Node_750,Node_1301,3031
3032,Node_1302,Node_27,3032
3033,OUT_COMM_0,Node_1302,3033
3034,Node_1303,Node_284,3034
3035,I2_0,Node_1303,3035
3036,Node_1304,Node_532,3036
3037,Node_487,Node_1304,3037
3038,Node_1305,OUT_COMM_1,3038
3039,I2_0,Node_1305,3039
3040,Node_777,Node_494,3040
3041,Node_1078,Node_1136,3041
3042,Node_1306,Node_1136,3042
3043,OUT_COMM_STATE_0,Node_1306,3043
3044,Node_1307,Node_27,3044
3045,I3_0,Node_1307,3045
3046,Node_1308,OUT_COMM_1,3046
3047,I1_1,Node_1308,3047
3048,Node_1309,Node_1020,3048
3049,Node_27,Node_1309,3049
3050,Node_1310,OUT_COMM_1,3050
3051,I1_0,Node_1310,3051
3052,Node_1311,Node_1303,3052
3053,I2_0,Node_1311,3053
3054,Node_1312,OUT_MOT_0,3054
3055,I3_0,Node_1312,3055
3056,Node_1313,Node_532,3056
3057,OUT_COMM_STATE_0,Node_1313,3057
3058,Node_1314,OUT_COMM_STATE_0,3058
3059,I2_1,Node_1314,3059
3060,Node_1315,OUT_MOT_0,3060
3061,Node_27,Node_1315,3061
3062,Node_1316,OUT_COMM_STATE_0,3062
3063,I2_0,Node_1316,3063
3064,Node_1317,OUT_MOT_0,3064
3065,Node_1020,Node_1317,3065
3066,Node_494,Node_1020,3066
3067,Node_1256,Node_979,3067
3068,Node_1318,Node_284,3068
3069,Node_487,Node_1318,3069
3070,Node_1319,Node_284,3070
3071,I2_0,Node_1319,3071
3072,Node_1320,Node_76,3072
3073,Node_532,Node_1320,3073
3074,Node_1321,Node_27,3074
3075,I2_0,Node_1321,3075
3076,Node_1322,Node_76,3076
3077,I2_1,Node_1322,3077
3078,Node_1323,Node_76,3078
3079,I1_1,Node_1323,3079
3080,Node_1324,OUT_COMM_STATE_0,3080
3081,I2_1,Node_1324,3081
3082,Node_1325,OUT_MOT_0,3082
3083,Node_1020,Node_1325,3083
3084,Node_1326,OUT_MOT_0,3084
3085,Node_27,Node_1326,3085
3086,Node_1327,Node_750,3086
3087,I2_0,Node_1327,3087
3088,Node_1328,Node_487,3088
3089,I3_1,Node_1328,3089
3090,Node_1329,OUT_MOT_0,3090
3091,Node_1020,Node_1329,3091
3092,Node_1330,OUT_MOT_0,3092
3093,OUT_MOT_0,Node_1330,3093
3094,Node_1331,OUT_MOT_0,3094
3095,Node_1020,Node_1331,3095
3096,Node_1332,Node_979,3096
3097,I2_0,Node_1332,3097
3098,Node_1261,Node_521,3098
3099,I2_0,Node_1261,3099
3100,Node_76,Node_750,3100
3101,Node_521,Node_979,3101
3102,Node_1333,Node_487,3102
3103,I3_1,Node_1333,3103
3104,Node_1334,Node_27,3104
3105,Node_979,Node_1334,3105
3106,Node_1335,Node_27,3106
3107,Node_979,Node_1335,3107
3108,Node_1336,OUT_COMM_STATE_0,3108
3109,I2_1,Node_1336,3109
3110,Node_1337,OUT_MOT_0,3110
3111,I3_0,Node_1337,3111
3112,Node_1338,Node_76,3112
3113,I2_1,Node_1338,3113
3114,Node_1339,Node_284,3114
3115,Node_750,Node_1339,3115
3116,Node_1340,Node_750,3116
3117,I2_0,Node_1340,3117
3118,Node_1341,OUT_COMM_1,3118
3119,I2_0,Node_1341,3119
3120,Node_1342,Node_777,3120
3121,I1_0,Node_1342,3121
3122,Node_750,Node_979,3122
3123,I3_1,Node_1256,3123
3124,Node_487,Node_521,3124
3125,Node_979,OUT_MOT_0,3125
3126,Node_777,Node_1303,3126
3127,Node_1343,Node_532,3127
3128,OUT_COMM_0,Node_1343,3128
3129,Node_1344,Node_532,3129
3130,I1_1,Node_1344,3130
3131,Node_1345,Node_750,3131
3132,I2_0,Node_1345,3132
3133,Node_1346,Node_750,3133
3134,I2_0,Node_1346,3134
3135,Node_1347,OUT_COMM_STATE_0,3135
3136,I2_1,Node_1347,3136
3137,Node_1348,Node_27,3137
3138,Node_979,Node_1348,3138
3139,Node_1349,OUT_COMM_1,3139
3140,I1_0,Node_1349,3140
3141,Node_1350,OUT_MOT_0,3141
3142,I3_1,Node_1350,3142
3143,Node_1351,OUT_MOT_0,3143
3144,OUT_MOT_0,Node_1351,3144
3145,Node_1352,OUT_COMM_STATE_0,3145
3146,I2_0,Node_1352,3146
3147,Node_1353,Node_487,3147
3148,I3_1,Node_1353,3148
3149,Node_1354,Node_979,3149
3150,I2_0,Node_1354,3150
3151,Node_1355,OUT_MOT_0,3151
3152,I3_0,Node_1355,3152
3153,Node_1356,Node_284,3153
3154,I2_0,Node_1356,3154
3155,Node_1357,OUT_COMM_1,3155
3156,Node_494,Node_1357,3156
3157,Node_1358,Node_76,3157
3158,I2_1,Node_1358,3158
3159,Node_1359,Node_521,3159
3160,I1_0,Node_1359,3160
3161,Node_1360,OUT_MOT_0,3161
3162,Node_1020,Node_1360,3162
3163,Node_1361,OUT_COMM_STATE_0,3163
3164,I2_0,Node_1361,3164
3165,Node_1344,OUT_COMM_0,3165
3166,I1_0,Node_750,3166
3167,I1_1,Node_1256,3167
3168,Node_1362,OUT_COMM_STATE_0,3168
3169,I2_1,Node_1362,3169
3170,Node_1363,Node_750,3170
3171,Node_487,Node_1363,3171
3172,Node_1364,OUT_MOT_0,3172
3173,Node_1020,Node_1364,3173
3174,Node_1365,Node_979,3174
3175,I2_0,Node_1365,3175
3176,Node_1366,Node_777,3176
3177,Node_979,Node_1366,3177
3178,Node_1301,Node_1256,3178
3179,Node_1301,Node_521,3179
3180,Node_27,Node_750,3180
3181,Node_777,Node_1020,3181
3182,Node_1367,OUT_MOT_0,3182
3183,Node_284,Node_1367,3183
3184,Node_1368,Node_487,3184
3185,Node_750,Node_1368,3185
3186,Node_1369,OUT_MOT_0,3186
3187,Node_27,Node_1369,3187
3188,Node_1370,OUT_MOT_0,3188
3189,Node_27,Node_1370,3189
3190,Node_1371,Node_532,3190
3191,Node_1344,Node_1371,3191
3192,Node_1372,Node_284,3192
3193,I2_0,Node_1372,3193
3194,Node_1373,Node_521,3194
3195,I1_0,Node_1373,3195
3196,Node_1374,Node_750,3196
3197,Node_487,Node_1374,3197
3198,Node_1375,OUT_MOT_0,3198
3199,Node_1020,Node_1375,3199
3200,I1_0,Node_1303,3200
3201,Node_1376,Node_284,3201
3202,Node_27,Node_1376,3202
3203,Node_1377,OUT_MOT_0,3203
3204,Node_1020,Node_1377,3204
3205,Node_1378,Node_750,3205
3206,I2_0,Node_1378,3206
3207,Node_1379,Node_1020,3207
3208,Node_27,Node_1379,3208
3209,Node_1380,Node_27,3209
3210,I2_0,Node_1380,3210
3211,Node_1381,OUT_MOT_0,3211
3212,OUT_MOT_0,Node_1381,3212
3213,Node_1382,OUT_MOT_0,3213
3214,Node_27,Node_1382,3214
3215,Node_1383,Node_487,3215
3216,Node_750,Node_1383,3216
3217,Node_1384,Node_1020,3217
3218,Node_27,Node_1384,3218
3219,Node_1020,Node_27,3219
3220,Node_1020,Node_521,3220
3221,Node_1385,Node_487,3221
3222,I2_0,Node_1385,3222
3223,Node_1386,Node_532,3223
3224,OUT_COMM_STATE_0,Node_1386,3224
3225,Node_1387,OUT_COMM_STATE_0,3225
3226,I2_1,Node_1387,3226
3227,Node_1388,OUT_COMM_1,3227
3228,Node_494,Node_1388,3228
3229,I2_0,Node_521,3229
3230,Node_1301,Node_979,3230
3231,Node_1389,Node_284,3231
3232,Node_487,Node_1389,3232
3233,Node_1390,Node_27,3233
3234,Node_979,Node_1390,3234
3235,Node_1391,Node_76,3235
3236,I2_1,Node_1391,3236
3237,Node_1392,Node_284,3237
3238,Node_750,Node_1392,3238
3239,Node_1393,Node_532,3239
3240,Node_487,Node_1393,3240
3241,Node_1394,Node_284,3241
3242,Node_750,Node_1394,3242
3243,Node_1395,Node_284,3243
3244,Node_27,Node_1395,3244
3245,Node_1396,Node_1020,3245
3246,Node_27,Node_1396,3246
3247,Node_1397,Node_284,3247
3248,Node_1301,Node_1397,3248
3249,Node_1398,Node_532,3249
3250,OUT_COMM_STATE_0,Node_1398,3250
3251,Node_1399,Node_777,3251
3252,I1_0,Node_1399,3252
3253,Node_1400,Node_487,3253
3254,Node_750,Node_1400,3254
3255,Node_1401,Node_27,3255
3256,Node_979,Node_1401,3256
3257,Node_1402,Node_750,3257
3258,I2_0,Node_1402,3258
3259,Node_1403,OUT_COMM_STATE_0,3259
3260,I2_0,Node_1403,3260
3261,Node_1404,OUT_COMM_1,3261
3262,I2_0,Node_1404,3262
3263,Node_1405,Node_27,3263
3264,I3_0,Node_1405,3264
3265,Node_1406,OUT_MOT_0,3265
3266,Node_284,Node_1406,3266
3267,Node_1407,Node_532,3267
3268,Node_487,Node_1407,3268
3269,Node_1408,Node_1020,3269
3270,Node_27,Node_1408,3270
3271,Node_1409,OUT_MOT_0,3271
3272,Node_27,Node_1409,3272
3273,Node_1410,OUT_COMM_1,3273
3274,I1_1,Node_1410,3274
3275,Node_1411,Node_532,3275
3276,OUT_COMM_STATE_0,Node_1411,3276
3277,Node_1412,Node_1020,3277
3278,Node_27,Node_1412,3278
3279,Node_1413,Node_532,3279
3280,OUT_COMM_STATE_0,Node_1413,3280
3281,Node_1414,OUT_COMM_STATE_0,3281
3282,Node_27,Node_1414,3282
3283,Node_1415,Node_494,3283
3284,Node_76,Node_1415,3284
3285,Node_1416,OUT_COMM_1,3285
3286,I1_1,Node_1416,3286
3287,Node_1417,Node_750,3287
3288,I2_0,Node_1417,3288
3289,Node_1418,Node_284,3289
3290,Node_1394,Node_1418,3290
3291,Node_1419,Node_777,3291
3292,Node_76,Node_1419,3292
3293,Node_750,Node_750,3293
3294,Node_750,Node_1374,3294
3295,Node_1420,OUT_COMM_STATE_0,3295
3296,Node_27,Node_1420,3296
3297,Node_1421,OUT_MOT_0,3297
3298,OUT_MOT_0,Node_1421,3298
3299,Node_1422,OUT_MOT_0,3299
3300,Node_284,Node_1422,3300
3301,Node_1423,Node_521,3301
3302,I1_0,Node_1423,3302
3303,Node_1424,Node_1020,3303
3304,Node_27,Node_1424,3304
3305,Node_1425,Node_777,3305
3306,I1_0,Node_1425,3306
3307,Node_1426,Node_487,3307
3308,Node_1400,Node_1426,3308
3309,Node_1427,OUT_COMM_1,3309
3310,Node_487,Node_1427,3310
3311,Node_1428,OUT_MOT_0,3311
3312,I3_0,Node_1428,3312
3313,Node_1374,OUT_MOT_0,3313
3314,Node_1429,OUT_COMM_1,3314
3315,Node_487,Node_1429,3315
3316,Node_1430,OUT_MOT_0,3316
3317,I3_0,Node_1430,3317
3318,Node_1431,Node_777,3318
3319,I1_0,Node_1431,3319
3320,Node_1432,Node_532,3320
3321,Node_487,Node_1432,3321
3322,Node_1433,OUT_MOT_0,3322
3323,Node_284,Node_1433,3323
3324,Node_1434,Node_532,3324
3325,Node_1256,Node_1434,3325
3326,Node_1435,Node_777,3326
3327,Node_1419,Node_1435,3327
3328,Node_1436,OUT_COMM_1,3328
3329,I2_0,Node_1436,3329
3330,Node_1437,OUT_MOT_0,3330
3331,Node_1020,Node_1437,3331
3332,Node_27,Node_1256,3332
3333,Node_979,Node_1256,3333
3334,Node_1256,Node_521,3334
3335,Node_1020,Node_532,3335
3336,Node_979,Node_494,3336
3337,Node_1438,OUT_MOT_0,3337
3338,I3_0,Node_1438,3338
3339,Node_1439,Node_487,3339
3340,I2_0,Node_1439,3340
3341,Node_1440,Node_532,3341
3342,OUT_COMM_STATE_0,Node_1440,3342
3343,Node_1441,Node_284,3343
3344,I2_0,Node_1441,3344
3345,Node_487,Node_1020,3345
3346,Node_27,Node_979,3346
3347,Node_1020,OUT_COMM_0,3347
3348,Node_1344,Node_494,3348
3349,Node_1442,Node_487,3349
3350,I2_0,Node_1442,3350
3351,Node_1443,Node_521,3351
3352,I1_0,Node_1443,3352
3353,Node_1444,OUT_MOT_0,3353
3354,Node_76,Node_1444,3354
3355,Node_1445,OUT_COMM_1,3355
3356,I1_1,Node_1445,3356
3357,Node_1446,Node_284,3357
3358,I2_0,Node_1446,3358
3359,Node_1447,Node_532,3359
3360,I1_1,Node_1447,3360
3361,Node_1448,OUT_COMM_1,3361
3362,I1_0,Node_1448,3362
3363,Node_1449,Node_494,3363
3364,Node_750,Node_1449,3364
3365,Node_1450,OUT_COMM_STATE_0,3365
3366,Node_27,Node_1450,3366
3367,Node_1451,Node_487,3367
3368,I3_1,Node_1451,3368
3369,I2_1,Node_1020,3369
3370,Node_1344,Node_1303,3370
3371,Node_1020,Node_284,3371
3372,Node_1452,Node_1344,3372
3373,I1_1,Node_1452,3373
3374,Node_1453,OUT_COMM_STATE_0,3374
3375,I2_0,Node_1453,3375
3376,Node_1454,Node_76,3376
3377,I3_1,Node_1454,3377
3378,Node_1455,OUT_MOT_0,3378
3379,OUT_MOT_0,Node_1455,3379
3380,Node_1456,OUT_MOT_0,3380
3381,Node_284,Node_1456,3381
3382,Node_1457,Node_487,3382
3383,I2_0,Node_1457,3383
3384,OUT_COMM_1,Node_532,3384
3385,Node_284,Node_1020,3385
3386,Node_1303,Node_27,3386
3387,Node_1303,Node_979,3387
3388,Node_1458,OUT_MOT_0,3388
3389,I3_1,Node_1458,3389
3390,Node_1459,Node_532,3390
3391,Node_1256,Node_1459,3391
3392,Node_1460,OUT_COMM_0,3392
3393,I1_1,Node_1460,3393
3394,Node_1461,Node_777,3394
3395,I1_0,Node_1461,3395
3396,Node_1462,OUT_MOT_0,3396
3397,I3_1,Node_1462,3397
3398,Node_1463,Node_777,3398
3399,I1_0,Node_1463,3399
3400,Node_1464,OUT_MOT_0,3400
3401,Node_27,Node_1464,3401
3402,Node_1465,Node_750,3402
3403,OUT_COMM_1,Node_1465,3403
3404,Node_1466,Node_27,3404
3405,I3_0,Node_1466,3405
3406,Node_1467,OUT_COMM_0,3406
3407,I1_1,Node_1467,3407
3408,Node_1468,Node_487,3408
3409,Node_750,Node_1468,3409
3410,Node_1301,OUT_COMM_0,3410
3411,Node_494,Node_1344,3411
3412,Node_1303,Node_1020,3412
3413,Node_777,Node_1344,3413
3414,Node_1469,Node_494,3414
3415,Node_487,Node_1469,3415
3416,Node_1470,OUT_MOT_0,3416
3417,I3_0,Node_1470,3417
3418,Node_1471,Node_76,3418
3419,I2_1,Node_1471,3419
3420,Node_1472,OUT_COMM_STATE_0,3420
3421,I2_1,Node_1472,3421
3422,Node_1473,OUT_COMM_STATE_0,3422
3423,I2_1,Node_1473,3423
3424,Node_1474,Node_750,3424
3425,I2_0,Node_1474,3425
3426,Node_1020,Node_1303,3426
3427,OUT_COMM_STATE_0,Node_1303,3427
3428,Node_1303,Node_1344,3428
3429,Node_1475,Node_979,3429
3430,OUT_MOT_0,Node_1475,3430
3431,Node_1476,Node_979,3431
3432,I2_0,Node_1476,3432
3433,Node_1477,OUT_COMM_STATE_0,3433
3434,I2_1,Node_1477,3434
3435,Node_1478,OUT_MOT_0,3435
3436,Node_284,Node_1478,3436
3437,Node_1479,OUT_COMM_1,3437
3438,I1_1,Node_1479,3438
3439,Node_1480,Node_750,3439
3440,Node_1402,Node_1480,3440
3441,Node_1481,OUT_COMM_STATE_0,3441
3442,I2_0,Node_1481,3442
3443,Node_1482,OUT_MOT_0,3443
3444,Node_1020,Node_1482,3444
3445,Node_1483,OUT_MOT_0,3445
3446,Node_284,Node_1483,3446
3447,Node_1484,Node_532,3447
3448,I1_1,Node_1484,3448
3449,Node_1485,Node_521,3449
3450,I1_0,Node_1485,3450
3451,Node_1486,Node_487,3451
3452,I3_1,Node_1486,3452
3453,Node_1487,Node_1344,3453
3454,I1_1,Node_1487,3454
3455,Node_750,Node_1344,3455
3456,Node_1344,Node_1020,3456
3457,Node_750,Node_1020,3457
3458,Node_1460,Node_521,3458
3459,Node_1488,OUT_COMM_1,3459
3460,I1_0,Node_1488,3460
3461,Node_1489,Node_1020,3461
3462,Node_27,Node_1489,3462
3463,Node_1490,Node_494,3463
3464,Node_487,Node_1490,3464
3465,Node_1491,Node_494,3465
3466,Node_1344,Node_1491,3466
3467,Node_1492,Node_76,3467
3468,Node_532,Node_1492,3468
3469,Node_1493,Node_494,3469
3470,Node_487,Node_1493,3470
3471,Node_1494,OUT_COMM_0,3471
3472,Node_76,Node_1494,3472
3473,Node_1495,OUT_COMM_1,3473
3474,I1_0,Node_1495,3474
3475,Node_1496,Node_532,3475
3476,Node_1344,Node_1496,3476
3477,Node_1497,OUT_COMM_STATE_0,3477
3478,I2_0,Node_1497,3478
3479,Node_1498,Node_284,3479
3480,Node_750,Node_1498,3480
3481,Node_1499,OUT_MOT_0,3481
3482,I3_0,Node_1499,3482
3483,Node_1411,Node_1474,3483
3484,Node_1411,Node_750,3484
3485,Node_1500,Node_76,3485
3486,I1_1,Node_1500,3486
3487,Node_1501,OUT_COMM_STATE_0,3487
3488,I2_0,Node_1501,3488
3489,Node_1502,Node_1483,3489
3490,Node_284,Node_1502,3490
3491,Node_1503,Node_284,3491
3492,Node_1303,Node_1503,3492
3493,Node_1504,Node_1344,3493
3494,I1_1,Node_1504,3494
3495,Node_1505,Node_284,3495
3496,Node_487,Node_1505,3496
3497,Node_1506,Node_487,3497
3498,I3_1,Node_1506,3498
3499,Node_1507,Node_532,3499
3500,Node_1411,Node_1507,3500
3501,Node_1508,Node_494,3501
3502,Node_1490,Node_1508,3502
3503,Node_1411,Node_487,3503
3504,Node_487,Node_1344,3504
3505,Node_979,Node_1411,3505
3506,Node_284,Node_1506,3506
3507,Node_1509,OUT_COMM_1,3507
3508,I2_0,Node_1509,3508
3509,Node_1510,Node_1411,3509
3510,OUT_COMM_STATE_0,Node_1510,3510
3511,Node_1511,OUT_MOT_0,3511
3512,OUT_MOT_0,Node_1511,3512
3513,Node_1512,Node_1411,3513
3514,OUT_COMM_STATE_0,Node_1512,3514
3515,Node_1513,Node_284,3515
3516,Node_1303,Node_1513,3516
3517,Node_1514,OUT_MOT_0,3517
3518,Node_284,Node_1514,3518
3519,Node_1515,Node_1303,3519
3520,I2_0,Node_1515,3520
3521,Node_1516,Node_750,3521
3522,OUT_COMM_1,Node_1516,3522
3523,Node_1303,Node_76,3523
3524,Node_487,Node_1303,3524
3525,Node_494,Node_1411,3525
3526,Node_1411,Node_284,3526
3527,Node_1517,OUT_COMM_0,3527
3528,I1_1,Node_1517,3528
3529,Node_1518,Node_76,3529
3530,I1_1,Node_1518,3530
3531,Node_1519,Node_284,3531
3532,Node_1303,Node_1519,3532
3533,Node_1520,OUT_COMM_STATE_0,3533
3534,I2_1,Node_1520,3534
3535,Node_1521,OUT_MOT_0,3535
3536,I3_0,Node_1521,3536
3537,Node_1522,OUT_MOT_0,3537
3538,Node_1020,Node_1522,3538
3539,Node_1523,Node_521,3539
3540,I1_0,Node_1523,3540
3541,Node_1524,Node_76,3541
3542,I2_1,Node_1524,3542
3543,Node_1525,Node_532,3543
3544,Node_487,Node_1525,3544
3545,Node_1526,Node_532,3545
3546,Node_1411,Node_1526,3546
3547,Node_1527,Node_284,3547
3548,Node_487,Node_1527,3548
3549,Node_1528,OUT_COMM_0,3549
3550,I1_0,Node_1528,3550
3551,Node_1344,Node_1344,3551
3552,Node_27,Node_1303,3552
3553,Node_750,Node_1512,3553
3554,I2_1,Node_1344,3554
3555,Node_1529,Node_284,3555
3556,Node_27,Node_1529,3556
3557,Node_1530,OUT_COMM_STATE_0,3557
3558,Node_1020,Node_1530,3558
3559,Node_1531,Node_777,3559
3560,I1_0,Node_1531,3560
3561,Node_1532,OUT_MOT_0,3561
3562,Node_27,Node_1532,3562
3563,Node_1533,Node_284,3563
3564,Node_1303,Node_1533,3564
3565,Node_1534,Node_27,3565
3566,Node_979,Node_1534,3566
3567,Node_1535,OUT_COMM_STATE_0,3567
3568,I2_1,Node_1535,3568
3569,Node_1536,OUT_COMM_0,3569
3570,Node_76,Node_1536,3570
3571,Node_1537,Node_521,3571
3572,I1_0,Node_1537,3572
3573,Node_1538,Node_532,3573
3574,Node_487,Node_1538,3574
3575,Node_1539,Node_532,3575
3576,Node_1411,Node_1539,3576
3577,I3_1,Node_532,3577
3578,I1_0,Node_1344,3578
3579,I3_1,Node_1303,3579
3580,Node_27,Node_1344,3580
3581,OUT_MOT_0,Node_1538,3581
3582,Node_1344,Node_76,3582
3583,Node_1540,Node_284,3583
3584,I2_0,Node_1540,3584
3585,Node_1541,Node_1303,3585
3586,I2_0,Node_1541,3586
3587,Node_1542,Node_1020,3587
3588,Node_27,Node_1542,3588
3589,Node_1543,Node_284,3589
3590,Node_1303,Node_1543,3590
3591,Node_1544,Node_487,3591
3592,I3_1,Node_1544,3592
3593,Node_1545,Node_1020,3593
3594,Node_27,Node_1545,3594
3595,Node_1546,OUT_COMM_0,3595
3596,Node_76,Node_1546,3596
3597,Node_1547,OUT_MOT_0,3597
3598,OUT_MOT_0,Node_1547,3598
3599,Node_1548,OUT_COMM_0,3599
3600,I1_0,Node_1548,3600
3601,Node_1549,Node_494,3601
3602,Node_1493,Node_1549,3602
3603,Node_76,Node_1512,3603
3604,Node_979,Node_1344,3604
3605,Node_487,Node_1411,3605
3606,Node_1538,Node_1344,3606
3607,Node_1344,Node_521,3607
3608,Node_1411,Node_777,3608
3609,Node_1550,Node_27,3609
3610,I3_0,Node_1550,3610
3611,Node_1551,OUT_MOT_0,3611
3612,Node_284,Node_1551,3612
3613,Node_1552,Node_532,3613
3614,Node_1411,Node_1552,3614
3615,Node_1553,Node_487,3615
3616,I3_1,Node_1553,3616
3617,Node_1554,Node_532,3617
3618,Node_1411,Node_1554,3618
3619,Node_1555,OUT_MOT_0,3619
3620,Node_76,Node_1555,3620
3621,Node_1556,OUT_MOT_0,3621
3622,I3_0,Node_1556,3622
3623,Node_1557,OUT_COMM_1,3623
3624,Node_777,Node_1557,3624
3625,Node_1558,Node_284,3625
3626,Node_1303,Node_1558,3626
3627,Node_1559,OUT_COMM_0,3627
3628,I1_0,Node_1559,3628
3629,Node_1560,OUT_MOT_0,3629
3630,I3_0,Node_1560,3630
3631,Node_1561,OUT_COMM_0,3631
3632,Node_1517,Node_1561,3632
3633,Node_1562,Node_284,3633
3634,Node_750,Node_1562,3634
3635,Node_1563,Node_487,3635
3636,I2_0,Node_1563,3636
3637,Node_1564,Node_532,3637
3638,Node_1344,Node_1564,3638
3639,Node_1565,OUT_MOT_0,3639
3640,Node_27,Node_1565,3640
3641,Node_1566,Node_532,3641
3642,Node_1344,Node_1566,3642
3643,Node_1516,OUT_COMM_0,3643
3644,Node_1020,Node_1411,3644
3645,OUT_COMM_1,Node_1344,3645
3646,OUT_COMM_0,Node_1344,3646
3647,Node_1567,Node_284,3647
3648,Node_487,Node_1567,3648
3649,Node_1568,Node_284,3649
3650,Node_27,Node_1568,3650
3651,Node_1569,Node_494,3651
3652,Node_487,Node_1569,3652
3653,Node_1570,OUT_MOT_0,3653
3654,I3_0,Node_1570,3654
3655,Node_1571,Node_76,3655
3656,Node_532,Node_1571,3656
3657,Node_487,Node_979,3657
3658,Node_1517,OUT_MOT_0,3658
3659,I1_1,Node_1020,3659
3660,Node_1572,Node_1303,3660
3661,OUT_COMM_STATE_0,Node_1572,3661
3662,Node_1573,Node_487,3662
3663,I2_0,Node_1573,3663
3664,Node_1574,Node_521,3664
3665,OUT_COMM_STATE_0,Node_1574,3665
3666,Node_1575,Node_284,3666
3667,Node_27,Node_1575,3667
3668,Node_1576,OUT_MOT_0,3668
3669,Node_284,Node_1576,3669
3670,Node_1577,Node_76,3670
3671,Node_532,Node_1577,3671
3672,Node_1578,OUT_MOT_0,3672
3673,Node_284,Node_1578,3673
3674,Node_1579,OUT_MOT_0,3674
3675,I3_1,Node_1579,3675
3676,OUT_MOT_0,Node_1344,3676
3677,Node_750,Node_1303,3677
3678,Node_1020,Node_1569,3678
3679,Node_1516,Node_1516,3679
3680,I3_1,Node_1411,3680
3681,I1_0,Node_1411,3681
3682,Node_1580,OUT_MOT_0,3682
3683,Node_284,Node_1580,3683
3684,Node_1581,Node_487,3684
3685,I3_1,Node_1581,3685
3686,Node_1582,OUT_MOT_0,3686
3687,Node_1020,Node_1582,3687
3688,Node_1583,Node_979,3688
3689,I2_0,Node_1583,3689
3690,Node_1584,Node_494,3690
3691,Node_487,Node_1584,3691
3692,I1_0,Node_1020,3692
3693,Node_1585,Node_532,3693
3694,OUT_COMM_STATE_0,Node_1585,3694
3695,Node_1586,Node_1411,3695
3696,OUT_COMM_STATE_0,Node_1586,3696
3697,Node_1587,Node_777,3697
3698,OUT_MOT_0,Node_1587,3698
3699,Node_1588,Node_532,3699
3700,Node_1344,Node_1588,3700
3701,Node_1589,OUT_COMM_1,3701
3702,Node_494,Node_1589,3702
3703,Node_1590,Node_1020,3703
3704,Node_27,Node_1590,3704
3705,Node_1591,OUT_COMM_STATE_0,3705
3706,I2_1,Node_1591,3706
3707,Node_1411,OUT_COMM_1,3707
3708,Node_76,Node_1344,3708
3709,Node_521,Node_1303,3709
3710,Node_1344,Node_777,3710
3711,Node_1592,Node_487,3711
3712,I2_0,Node_1592,3712
3713,Node_1593,Node_487,3713
3714,Node_750,Node_1593,3714
3715,Node_1594,Node_532,3715
3716,Node_1344,Node_1594,3716
3717,Node_1595,OUT_MOT_0,3717
3718,I3_0,Node_1595,3718
3719,Node_1020,Node_777,3719
3720,Node_1569,Node_76,3720
3721,Node_1344,Node_27,3721
3722,Node_1538,OUT_MOT_0,3722
3723,Node_1411,Node_521,3723
3724,Node_1596,Node_521,3724
3725,I1_0,Node_1596,3725
3726,Node_1597,OUT_COMM_0,3726
3727,OUT_COMM_1,Node_1597,3727
3728,Node_1598,Node_1344,3728
3729,I1_1,Node_1598,3729
3730,Node_1599,OUT_MOT_0,3730
3731,I3_0,Node_1599,3731
3732,Node_1600,Node_750,3732
3733,OUT_COMM_1,Node_1600,3733
3734,Node_1601,OUT_COMM_1,3734
3735,I2_0,Node_1601,3735
3736,Node_1602,Node_521,3736
3737,I1_0,Node_1602,3737
3738,Node_1603,Node_487,3738
3739,I2_0,Node_1603,3739
3740,Node_532,Node_1020,3740
3741,Node_1303,Node_494,3741
3742,Node_284,Node_1344,3742
3743,Node_1344,OUT_MOT_0,3743
3744,Node_1604,Node_750,3744
3745,OUT_COMM_1,Node_1604,3745
3746,Node_1605,OUT_MOT_0,3746
3747,OUT_MOT_0,Node_1605,3747
3748,Node_1606,OUT_COMM_1,3748
3749,I2_0,Node_1606,3749
3750,Node_1607,OUT_MOT_0,3750
3751,Node_27,Node_1607,3751
3752,Node_1608,OUT_COMM_1,3752
3753,Node_494,Node_1608,3753
3754,Node_1609,OUT_COMM_0,3754
3755,I1_0,Node_1609,3755
3756,Node_1610,Node_1303,3756
3757,I2_0,Node_1610,3757
3758,Node_1611,Node_27,3758
3759,Node_979,Node_1611,3759
3760,Node_1612,Node_1344,3760
3761,Node_1538,Node_1612,3761
3762,Node_532,Node_1573,3762
3763,Node_1411,OUT_COMM_STATE_0,3763
3764,Node_1613,Node_1303,3764
3765,OUT_COMM_STATE_0,Node_1613,3765
3766,Node_1614,Node_27,3766
3767,Node_979,Node_1614,3767
3768,Node_1615,Node_1344,3768
3769,I1_1,Node_1615,3769
3770,Node_1616,Node_750,3770
3771,OUT_COMM_1,Node_1616,3771
3772,Node_1617,OUT_MOT_0,3772
3773,Node_284,Node_1617,3773
3774,Node_1618,OUT_COMM_STATE_0,3774
3775,I2_0,Node_1618,3775
3776,Node_1619,OUT_COMM_1,3776
3777,I1_1,Node_1619,3777
3778,Node_1620,OUT_COMM_1,3778
3779,Node_494,Node_1620,3779
3780,Node_1621,Node_27,3780
3781,I3_0,Node_1621,3781
3782,Node_1622,OUT_MOT_0,3782
3783,Node_284,Node_1622,3783
3784,Node_1623,Node_532,3784
3785,Node_1344,Node_1623,3785
3786,Node_1624,Node_494,3786
3787,Node_487,Node_1624,3787
3788,Node_1625,Node_487,3788
3789,Node_1573,Node_1625,3789
3790,Node_1626,Node_1619,3790
3791,I1_1,Node_1626,3791
3792,Node_1627,OUT_MOT_0,3792
3793,OUT_MOT_0,Node_1627,3793
3794,Node_1628,OUT_MOT_0,3794
3795,Node_1020,Node_1628,3795
3796,Node_1629,Node_76,3796
3797,I2_1,Node_1629,3797
3798,Node_1630,Node_76,3798
3799,I2_1,Node_1630,3799
3800,Node_1631,Node_1344,3800
3801,Node_1538,Node_1631,3801
3802,Node_1632,OUT_COMM_1,3802
3803,Node_521,Node_1632,3803
3804,Node_27,Node_1411,3804
3805,Node_979,Node_284,3805
3806,Node_494,Node_1538,3806
3807,Node_1633,Node_494,3807
3808,Node_1344,Node_1633,3808
3809,Node_1634,Node_750,3809
3810,OUT_COMM_1,Node_1634,3810
3811,Node_1635,OUT_COMM_1,3811
3812,Node_521,Node_1635,3812
3813,Node_1636,OUT_MOT_0,3813
3814,Node_1020,Node_1636,3814
3815,Node_1637,Node_521,3815
3816,I1_0,Node_1637,3816
3817,Node_1638,Node_1344,3817
3818,I1_1,Node_1638,3818
3819,Node_1639,Node_1538,3819
3820,Node_487,Node_1639,3820
3821,Node_1640,OUT_MOT_0,3821
3822,Node_1627,Node_1640,3822
3823,Node_76,Node_1303,3823
3824,Node_1641,Node_750,3824
3825,I2_0,Node_1641,3825
3826,Node_1642,Node_1344,3826
3827,I1_1,Node_1642,3827
3828,Node_1643,Node_1344,3828
3829,Node_979,Node_1643,3829
3830,Node_1644,OUT_COMM_1,3830
3831,Node_521,Node_1644,3831
3832,Node_1645,Node_27,3832
3833,Node_979,Node_1645,3833
3834,Node_1646,Node_532,3834
3835,OUT_COMM_STATE_0,Node_1646,3835
3836,Node_1647,OUT_COMM_0,3836
3837,OUT_COMM_1,Node_1647,3837
3838,Node_1648,OUT_MOT_0,3838
3839,I3_0,Node_1648,3839
3840,Node_1649,Node_532,3840
3841,OUT_COMM_STATE_0,Node_1649,3841
3842,Node_1650,Node_1303,3842
3843,Node_1344,Node_1650,3843
3844,Node_1538,Node_1020,3844
3845,Node_1411,OUT_MOT_0,3845
3846,OUT_COMM_0,Node_1573,3846
3847,Node_1651,OUT_MOT_0,3847
3848,Node_27,Node_1651,3848
3849,Node_1652,Node_1344,3849
3850,Node_1538,Node_1652,3850
3851,Node_1653,Node_532,3851
3852,Node_1538,Node_1653,3852
3853,Node_1654,Node_1411,3853
3854,OUT_COMM_STATE_0,Node_1654,3854
3855,Node_1655,OUT_COMM_1,3855
3856,Node_1632,Node_1655,3856
3857,Node_1656,Node_532,3857
3858,Node_1411,Node_1656,3858
3859,Node_1657,Node_76,3859
3860,I1_1,Node_1657,3860
3861,Node_1658,Node_521,3861
3862,OUT_COMM_STATE_0,Node_1658,3862
3863,Node_1659,OUT_COMM_1,3863
3864,I1_0,Node_1659,3864
3865,Node_1660,Node_1303,3865
3866,Node_1344,Node_1660,3866
3867,Node_1573,Node_494,3867
3868,Node_777,Node_1569,3868
3869,Node_1661,Node_532,3869
3870,I1_1,Node_1661,3870
3871,Node_1662,Node_777,3871
3872,I1_0,Node_1662,3872
3873,Node_1663,OUT_COMM_0,3873
3874,OUT_COMM_1,Node_1663,3874
3875,Node_1664,Node_532,3875
3876,Node_1411,Node_1664,3876
3877,Node_1665,Node_521,3877
3878,I1_0,Node_1665,3878
3879,Node_1666,Node_1411,3879
3880,OUT_COMM_STATE_0,Node_1666,3880
3881,Node_1667,Node_487,3881
3882,I3_1,Node_1667,3882
3883,Node_1668,OUT_COMM_1,3883
3884,Node_777,Node_1668,3884
3885,Node_1669,Node_532,3885
3886,Node_487,Node_1669,3886
3887,Node_1670,OUT_COMM_0,3887
3888,OUT_COMM_1,Node_1670,3888
3889,Node_1671,Node_532,3889
3890,Node_1411,Node_1671,3890
3891,Node_1303,Node_521,3891
3892,Node_1344,Node_750,3892
3893,I1_1,Node_1303,3893
3894,Node_494,Node_979,3894
3895,Node_76,Node_1538,3895
3896,Node_1672,Node_487,3896
3897,Node_1573,Node_1672,3897
3898,Node_1673,OUT_COMM_1,3898
3899,Node_494,Node_1673,3899
3900,Node_1674,OUT_MOT_0,3900
3901,Node_1020,Node_1674,3901
3902,Node_1675,Node_532,3902
3903,Node_76,Node_1675,3903
3904,Node_1676,OUT_COMM_0,3904
3905,I1_1,Node_1676,3905
3906,Node_1677,OUT_MOT_0,3906
3907,I3_0,Node_1677,3907
3908,Node_1678,Node_1517,3908
3909,I1_1,Node_1678,3909
3910,Node_1679,Node_487,3910
3911,I2_0,Node_1679,3911
3912,Node_1680,Node_1303,3912
3913,OUT_COMM_STATE_0,Node_1680,3913
3914,Node_979,OUT_COMM_0,3914
3915,Node_284,Node_1569,3915
3916,Node_1681,OUT_COMM_STATE_0,3916
3917,I2_0,Node_1681,3917
3918,Node_1682,Node_1573,3918
3919,I2_0,Node_1682,3919
3920,Node_1683,Node_1573,3920
3921,I2_0,Node_1683,3921
3922,Node_1684,Node_521,3922
3923,Node_1303,Node_1684,3923
3924,Node_1685,Node_487,3924
3925,Node_1573,Node_1685,3925
3926,Node_1686,Node_1344,3926
3927,Node_1538,Node_1686,3927
3928,Node_1687,Node_284,3928
3929,Node_750,Node_1687,3929
3930,Node_1688,OUT_COMM_1,3930
3931,Node_777,Node_1688,3931
3932,Node_1689,Node_777,3932
3933,I1_0,Node_1689,3933
3934,Node_1690,Node_532,3934
3935,I1_1,Node_1690,3935
3936,Node_1691,OUT_MOT_0,3936
3937,I3_0,Node_1691,3937
3938,Node_1692,Node_284,3938
3939,Node_27,Node_1692,3939
3940,Node_1693,OUT_COMM_1,3940
3941,I2_0,Node_1693,3941
3942,Node_1694,Node_1344,3942
3943,Node_979,Node_1694,3943
3944,Node_1695,Node_284,3944
3945,I2_0,Node_1695,3945
3946,Node_1696,Node_521,3946
3947,I1_0,Node_1696,3947
3948,Node_1697,Node_979,3948
3949,I2_0,Node_1697,3949
3950,Node_1698,Node_76,3950
3951,I1_1,Node_1698,3951
3952,Node_1699,Node_532,3952
3953,Node_1649,Node_1699,3953
3954,Node_1700,Node_532,3954
3955,I1_1,Node_1700,3955
3956,Node_1701,Node_487,3956
3957,Node_1573,Node_1701,3957
3958,Node_1411,Node_494,3958
3959,Node_979,OUT_COMM_STATE_0,3959
3960,Node_1702,Node_777,3960
3961,I1_0,Node_1702,3961
3962,Node_1703,Node_487,3962
3963,I2_0,Node_1703,3963
3964,Node_1704,Node_532,3964
3965,I1_1,Node_1704,3965
3966,Node_1705,Node_1344,3966
3967,Node_979,Node_1705,3967
3968,Node_1706,Node_487,3968
3969,Node_521,Node_1706,3969
3970,Node_1707,Node_979,3970
3971,I2_0,Node_1707,3971
3972,Node_1708,Node_521,3972
3973,I1_0,Node_1708,3973
3974,Node_1709,Node_27,3974
3975,Node_521,Node_1709,3975
3976,Node_1710,Node_532,3976
3977,Node_1649,Node_1710,3977
3978,Node_1711,Node_284,3978
3979,Node_1303,Node_1711,3979
3980,Node_1712,Node_532,3980
3981,Node_76,Node_1712,3981
3982,Node_1713,OUT_MOT_0,3982
3983,I3_0,Node_1713,3983
3984,Node_1714,Node_284,3984
3985,I2_0,Node_1714,3985
3986,Node_1715,Node_750,3986
3987,I2_0,Node_1715,3987
3988,Node_521,Node_1675,3988
3989,Node_76,Node_1411,3989
3990,Node_1573,Node_979,3990
3991,Node_1411,Node_979,3991
3992,Node_1716,Node_750,3992
3993,OUT_COMM_1,Node_1716,3993
3994,Node_1717,Node_532,3994
3995,Node_1649,Node_1717,3995
3996,Node_1718,Node_487,3996
3997,Node_521,Node_1718,3997
3998,Node_1719,OUT_COMM_0,3998
3999,I1_1,Node_1719,3999
4000,Node_1720,Node_284,4000
4001,Node_1303,Node_1720,4001
4002,Node_1721,Node_1020,4002
4003,Node_27,Node_1721,4003
4004,Node_1722,Node_487,4004
4005,Node_1573,Node_1722,4005
4006,Node_1723,Node_532,4006
4007,Node_487,Node_1723,4007
4008,Node_1724,OUT_COMM_STATE_0,4008
4009,I2_1,Node_1724,4009
4010,Node_1725,OUT_COMM_0,4010
4011,Node_76,Node_1725,4011
4012,I2_0,Node_1649,4012
4013,Node_1344,Node_487,4013
4014,Node_1573,OUT_COMM_STATE_0,4014
4015,Node_1573,Node_1303,4015
4016,Node_1726,Node_1649,4016
4017,OUT_COMM_STATE_0,Node_1726,4017
4018,Node_1727,OUT_COMM_0,4018
4019,OUT_COMM_1,Node_1727,4019
4020,Node_1728,Node_494,4020
4021,Node_1344,Node_1728,4021
4022,Node_1729,Node_1344,4022
4023,Node_979,Node_1729,4023
4024,Node_1730,Node_532,4024
4025,Node_76,Node_1730,4025
4026,Node_1731,OUT_MOT_0,4026
4027,Node_284,Node_1731,4027
4028,Node_1732,OUT_COMM_1,4028
4029,I1_0,Node_1732,4029
4030,Node_1733,Node_494,4030
4031,Node_1344,Node_1733,4031
4032,Node_1734,Node_1344,4032
4033,Node_1705,Node_1734,4033
4034,Node_1735,OUT_MOT_0,4034
4035,OUT_MOT_0,Node_1735,4035
4036,Node_1736,Node_487,4036
4037,I2_0,Node_1736,4037
4038,Node_1649,Node_979,4038
4039,Node_1737,Node_979,4039
4040,Node_1303,Node_1737,4040
4041,Node_1738,Node_284,4041
4042,Node_487,Node_1738,4042
4043,Node_1739,Node_494,4043
4044,Node_1344,Node_1739,4044
4045,Node_1740,OUT_COMM_1,4045
4046,I1_0,Node_1740,4046
4047,Node_1741,OUT_MOT_0,4047
4048,Node_284,Node_1741,4048
4049,Node_1742,Node_1344,4049
4050,I1_0,Node_1742,4050
4051,Node_1020,Node_76,4051
4052,Node_1743,Node_487,4052
4053,Node_521,Node_1743,4053
4054,Node_1744,Node_750,4054
4055,OUT_COMM_1,Node_1744,4055
4056,Node_1745,Node_979,4056
4057,Node_1303,Node_1745,4057
4058,Node_1746,Node_532,4058
4059,Node_1411,Node_1746,4059
4060,Node_1747,OUT_COMM_1,4060
4061,I1_0,Node_1747,4061
4062,Node_1748,Node_494,4062
4063,Node_487,Node_1748,4063
4064,Node_1749,OUT_COMM_STATE_0,4064
4065,I2_0,Node_1749,4065
4066,Node_1750,Node_521,4066
4067,I1_0,Node_1750,4067
4068,Node_1751,Node_27,4068
4069,I3_0,Node_1751,4069
4070,I3_0,Node_1411,4070
4071,Node_1649,Node_521,4071
4072,Node_1752,Node_1411,4072
4073,OUT_COMM_STATE_0,Node_1752,4073
4074,Node_1753,OUT_MOT_0,4074
4075,I3_0,Node_1753,4075
4076,Node_1754,OUT_COMM_1,4076
4077,I1_1,Node_1754,4077
4078,Node_1755,Node_27,4078
4079,I2_0,Node_1755,4079
4080,Node_1756,Node_1020,4080
4081,Node_27,Node_1756,4081
4082,Node_1757,Node_979,4082
4083,Node_1303,Node_1757,4083
4084,Node_1758,Node_532,4084
4085,Node_76,Node_1758,4085
4086,I2_0,Node_1344,4086
4087,Node_1303,OUT_COMM_0,4087
4088,Node_1759,Node_777,4088
4089,I1_0,Node_1759,4089
4090,Node_1760,OUT_MOT_0,4090
4091,I3_0,Node_1760,4091
4092,Node_1761,OUT_COMM_STATE_0,4092
4093,I2_1,Node_1761,4093
4094,Node_1762,Node_27,4094
4095,I3_0,Node_1762,4095
4096,Node_1763,OUT_MOT_0,4096
4097,OUT_MOT_0,Node_1763,4097
4098,Node_1764,Node_750,4098
4099,OUT_COMM_1,Node_1764,4099
4100,Node_1765,OUT_MOT_0,4100
4101,Node_284,Node_1765,4101
4102,Node_1766,Node_1649,4102
4103,OUT_COMM_STATE_0,Node_1766,4103
4104,Node_1767,Node_1573,4104
4105,I2_0,Node_1767,4105
4106,OUT_MOT_0,Node_1411,4106
4107,OUT_MOT_0,Node_1573,4107
4108,Node_1649,Node_27,4108
4109,Node_1768,Node_532,4109
4110,Node_487,Node_1768,4110
4111,Node_1769,Node_979,4111
4112,Node_1303,Node_1769,4112
4113,Node_1770,OUT_MOT_0,4113
4114,Node_1020,Node_1770,4114
4115,Node_1771,Node_1020,4115
4116,Node_27,Node_1771,4116
4117,Node_1772,OUT_COMM_0,4117
4118,OUT_COMM_1,Node_1772,4118
4119,Node_1773,Node_1344,4119
4120,I1_1,Node_1773,4120
4121,Node_1774,Node_27,4121
4122,I2_0,Node_1774,4122
4123,Node_1775,OUT_COMM_1,4123
4124,I1_0,Node_1775,4124
4125,Node_1776,OUT_COMM_1,4125
4126,Node_494,Node_1776,4126
4127,Node_1573,Node_1411,4127
4128,Node_1344,Node_1411,4128
4129,Node_1739,Node_284,4129
4130,Node_1777,OUT_MOT_0,4130
4131,I3_0,Node_1777,4131
4132,Node_1778,OUT_COMM_STATE_0,4132
4133,I2_0,Node_1778,4133
4134,Node_1779,Node_1020,4134
4135,Node_27,Node_1779,4135
4136,Node_1780,Node_76,4136
4137,Node_532,Node_1780,4137
4138,Node_1781,OUT_MOT_0,4138
4139,Node_1020,Node_1781,4139
4140,Node_1782,Node_1303,4140
4141,I2_0,Node_1782,4141
4142,I2_0,Node_1675,4142
4143,Node_521,Node_1705,4143
4144,Node_1783,Node_777,4144
4145,I1_0,Node_1783,4145
4146,Node_1784,OUT_COMM_STATE_0,4146
4147,I2_0,Node_1784,4147
4148,Node_1785,Node_1573,4148
4149,I2_0,Node_1785,4149
4150,Node_1786,Node_532,4150
4151,Node_1411,Node_1786,4151
4152,Node_1787,Node_532,4152
4153,Node_1344,Node_1787,4153
4154,Node_1788,OUT_COMM_0,4154
4155,I1_1,Node_1788,4155
4156,Node_1789,Node_532,4156
4157,Node_1411,Node_1789,4157
4158,Node_1790,OUT_MOT_0,4158
4159,Node_27,Node_1790,4159
4160,Node_1791,OUT_MOT_0,4160
4161,I3_1,Node_1791,4161
4162,Node_1792,OUT_COMM_STATE_0,4162
4163,I2_0,Node_1792,4163
4164,Node_1649,OUT_MOT_0,4164
4165,Node_1793,OUT_MOT_0,4165
4166,OUT_MOT_0,Node_1793,4166
4167,Node_1794,OUT_MOT_0,4167
4168,I3_1,Node_1794,4168
4169,Node_1795,Node_1020,4169
4170,Node_27,Node_1795,4170
4171,Node_1796,Node_494,4171
4172,Node_487,Node_1796,4172
4173,Node_1797,Node_979,4173
4174,I2_0,Node_1797,4174
4175,Node_1798,OUT_COMM_1,4175
4176,Node_521,Node_1798,4176
4177,Node_1799,Node_750,4177
4178,OUT_COMM_1,Node_1799,4178
4179,Node_284,Node_1303,4179
4180,Node_1789,OUT_COMM_1,4180
4181,Node_532,Node_1411,4181
4182,I3_0,Node_1303,4182
4183,Node_1411,Node_27,4183
4184,Node_1573,Node_1797,4184
4185,Node_1411,OUT_COMM_0,4185
4186,Node_1411,Node_1411,4186
4187,Node_1800,Node_532,4187
4188,I1_1,Node_1800,4188
4189,Node_1801,Node_487,4189
4190,Node_1573,Node_1801,4190
4191,Node_1802,OUT_MOT_0,4191
4192,OUT_MOT_0,Node_1802,4192
4193,Node_1803,Node_1344,4193
4194,Node_979,Node_1803,4194
4195,Node_1804,Node_750,4195
4196,I2_0,Node_1804,4196
4197,Node_1805,Node_1411,4197
4198,OUT_COMM_STATE_0,Node_1805,4198
4199,Node_1806,Node_1020,4199
4200,Node_1795,Node_1806,4200
4201,Node_1807,Node_76,4201
4202,I2_1,Node_1807,4202
4203,Node_1808,OUT_COMM_1,4203
4204,Node_521,Node_1808,4204
4205,Node_1303,Node_1573,4205
4206,Node_1303,Node_750,4206
4207,Node_1705,Node_750,4207
4208,I3_0,Node_1344,4208
4209,Node_1809,OUT_MOT_0,4209
4210,Node_284,Node_1809,4210
4211,Node_1810,Node_532,4211
4212,Node_1411,Node_1810,4212
4213,Node_1811,Node_750,4213
4214,OUT_COMM_1,Node_1811,4214
4215,Node_1812,OUT_MOT_0,4215
4216,Node_27,Node_1812,4216
4217,Node_1813,OUT_COMM_1,4217
4218,I1_1,Node_1813,4218
4219,Node_1814,Node_1344,4219
4220,Node_979,Node_1814,4220
4221,Node_1815,OUT_MOT_0,4221
4222,I3_0,Node_1815,4222
4223,Node_1816,OUT_MOT_0,4223
4224,Node_27,Node_1816,4224
4225,Node_1817,Node_27,4225
4226,Node_979,Node_1817,4226
4227,Node_1818,Node_532,4227
4228,I1_1,Node_1818,4228
4229,Node_1819,Node_27,4229
4230,I2_0,Node_1819,4230
4231,Node_1820,Node_1573,4231
4232,Node_1767,Node_1820,4232
4233,Node_1821,Node_1303,4233
4234,OUT_COMM_STATE_0,Node_1821,4234
4235,Node_1822,Node_487,4235
4236,Node_521,Node_1822,4236
4237,Node_1823,OUT_COMM_STATE_0,4237
4238,I2_1,Node_1823,4238
4239,Node_1303,OUT_MOT_0,4239
4240,OUT_MOT_0,Node_1020,4240
4241,Node_27,Node_1649,4241
4242,Node_1649,Node_487,4242
4243,Node_1824,Node_27,4243
4244,I3_0,Node_1824,4244
4245,Node_1825,Node_494,4245
4246,Node_1344,Node_1825,4246
4247,Node_1826,Node_521,4247
4248,I1_0,Node_1826,4248
4249,Node_1827,Node_777,4249
4250,I1_0,Node_1827,4250
4251,Node_1828,OUT_COMM_STATE_0,4251
4252,I2_1,Node_1828,4252
4253,Node_1829,Node_76,4253
4254,I1_1,Node_1829,4254
4255,Node_1830,Node_284,4255
4256,Node_487,Node_1830,4256
4257,Node_284,Node_1675,4257
4258,OUT_MOT_0,Node_1675,4258
4259,Node_1411,Node_1344,4259
4260,Node_1831,Node_76,4260
4261,Node_532,Node_1831,4261
4262,Node_1832,Node_76,4262
4263,I2_1,Node_1832,4263
4264,Node_1303,Node_1675,4264
4265,Node_1833,Node_750,4265
4266,OUT_COMM_1,Node_1833,4266
4267,Node_1834,Node_1573,4267
4268,I2_0,Node_1834,4268
4269,Node_1835,Node_1303,4269
4270,I2_0,Node_1835,4270
4271,Node_1836,OUT_MOT_0,4271
4272,Node_1344,Node_1836,4272
4273,Node_1837,Node_494,4273
4274,Node_1344,Node_1837,4274
4275,Node_1838,OUT_MOT_0,4275
4276,I3_0,Node_1838,4276
4277,Node_1839,Node_777,4277
4278,I1_0,Node_1839,4278
4279,Node_1840,Node_750,4279
4280,OUT_COMM_1,Node_1840,4280
4281,Node_1841,OUT_COMM_0,4281
4282,OUT_COMM_1,Node_1841,4282
4283,Node_1842,OUT_MOT_0,4283
4284,Node_27,Node_1842,4284
4285,Node_1843,OUT_MOT_0,4285
4286,Node_1020,Node_1843,4286
4287,Node_1844,Node_1344,4287
4288,I1_1,Node_1844,4288
4289,Node_1573,Node_777,4289
4290,Node_521,Node_1411,4290
4291,OUT_COMM_0,Node_1303,4291
4292,Node_1845,OUT_COMM_0,4292
4293,Node_76,Node_1845,4293
4294,Node_1846,Node_487,4294
4295,Node_521,Node_1846,4295
4296,Node_1847,Node_284,4296
4297,OUT_MOT_0,Node_1847,4297
4298,Node_1848,OUT_MOT_0,4298
4299,OUT_MOT_0,Node_1848,4299
4300,Node_1849,Node_750,4300
4301,I2_0,Node_1849,4301
4302,Node_1850,OUT_COMM_1,4302
4303,Node_521,Node_1850,4303
4304,Node_1411,Node_76,4304
4305,OUT_COMM_0,Node_1020,4305
4306,Node_1303,Node_1303,4306
4307,Node_1851,Node_532,4307
4308,Node_1344,Node_1851,4308
4309,Node_1852,Node_487,4309
4310,Node_1573,Node_1852,4310
4311,Node_1853,Node_284,4311
4312,Node_750,Node_1853,4312
4313,Node_1854,Node_532,4313
4314,Node_1675,Node_1854,4314
4315,Node_1855,Node_532,4315
4316,Node_1649,Node_1855,4316
4317,Node_1856,Node_1303,4317
4318,I2_0,Node_1856,4318
4319,Node_1857,Node_76,4319
4320,I1_1,Node_1857,4320
4321,Node_1858,Node_1303,4321
4322,I2_0,Node_1858,4322
4323,Node_1859,Node_284,4323
4324,Node_487,Node_1859,4324
4325,Node_1860,OUT_MOT_0,4325
4326,Node_284,Node_1860,4326
4327,Node_1303,Node_1705,4327
4328,Node_1675,Node_1411,4328
4329,Node_1675,Node_1303,4329
4330,Node_1861,OUT_COMM_1,4330
4331,Node_487,Node_1861,4331
4332,Node_1862,Node_27,4332
4333,I2_0,Node_1862,4333
4334,Node_1863,Node_1020,4334
4335,I3_1,Node_1863,4335
4336,Node_1864,Node_284,4336
4337,Node_1303,Node_1864,4337
4338,Node_1865,Node_1573,4338
4339,I2_0,Node_1865,4339
4340,Node_1866,Node_494,4340
4341,Node_1344,Node_1866,4341
4342,Node_1867,Node_1344,4342
4343,Node_979,Node_1867,4343
4344,Node_1868,Node_487,4344
4345,I2_0,Node_1868,4345
4346,Node_1869,OUT_MOT_0,4346
4347,I3_0,Node_1869,4347
4348,Node_1870,Node_1573,4348
4349,I2_0,Node_1870,4349
4350,Node_1573,Node_1020,4350
4351,Node_1675,Node_284,4351
4352,Node_1675,Node_494,4352
4353,Node_1871,Node_1020,4353
4354,I3_1,Node_1871,4354
4355,Node_1872,Node_27,4355
4356,I2_0,Node_1872,4356
4357,Node_1873,OUT_MOT_0,4357
4358,Node_1020,Node_1873,4358
4359,Node_1874,Node_284,4359
4360,I2_0,Node_1874,4360
4361,Node_1875,OUT_MOT_0,4361
4362,Node_76,Node_1875,4362
4363,Node_1876,Node_777,4363
4364,I1_0,Node_1876,4364
4365,Node_1573,Node_76,4365
4366,OUT_COMM_0,Node_1675,4366
4367,Node_1675,OUT_COMM_0,4367
4368,Node_494,Node_1303,4368
4369,Node_1877,Node_284,4369
4370,Node_487,Node_1877,4370
4371,Node_1878,Node_1851,4371
4372,Node_1344,Node_1878,4372
4373,Node_1879,OUT_MOT_0,4373
4374,Node_27,Node_1879,4374
4375,Node_1880,Node_1573,4375
4376,I2_0,Node_1880,4376
4377,Node_1881,Node_494,4377
4378,Node_1344,Node_1881,4378
4379,Node_1882,Node_1344,4379
4380,I1_1,Node_1882,4380
4381,Node_487,Node_1675,4381
4382,Node_284,Node_1411,4382
4383,Node_1851,OUT_COMM_1,4383
4384,Node_1675,Node_76,4384
4385,Node_1883,Node_284,4385
4386,Node_27,Node_1883,4386
4387,Node_1884,Node_1344,4387
4388,Node_979,Node_1884,4388
4389,Node_1885,Node_76,4389
4390,Node_532,Node_1885,4390
4391,Node_1886,Node_750,4391
4392,OUT_COMM_1,Node_1886,4392
4393,Node_1887,Node_532,4393
4394,OUT_COMM_STATE_0,Node_1887,4394
4395,Node_1888,Node_1344,4395
4396,I1_1,Node_1888,4396
4397,Node_1889,Node_494,4397
4398,Node_487,Node_1889,4398
4399,Node_1890,Node_1344,4399
4400,I1_1,Node_1890,4400
4401,Node_1891,Node_284,4401
4402,Node_487,Node_1891,4402
4403,Node_1892,Node_1649,4403
4404,OUT_COMM_STATE_0,Node_1892,4404
4405,Node_1893,OUT_COMM_1,4405
4406,Node_494,Node_1893,4406
4407,Node_1894,Node_1303,4407
4408,OUT_COMM_STATE_0,Node_1894,4408
4409,Node_1895,Node_532,4409
4410,Node_1675,Node_1895,4410
4411,I3_0,Node_979,4411
4412,Node_1573,Node_1857,4412
4413,Node_1705,Node_1878,4413
4414,Node_1896,Node_521,4414
4415,Node_76,Node_1896,4415
4416,Node_1897,Node_750,4416
4417,OUT_COMM_1,Node_1897,4417
4418,Node_1898,OUT_MOT_0,4418
4419,Node_27,Node_1898,4419
4420,Node_1899,OUT_COMM_STATE_0,4420
4421,I2_1,Node_1899,4421
4422,Node_1900,Node_1303,4422
4423,OUT_COMM_STATE_0,Node_1900,4423
4424,Node_1901,OUT_MOT_0,4424
4425,Node_284,Node_1901,4425
4426,Node_1902,OUT_COMM_1,4426
4427,I2_0,Node_1902,4427
4428,Node_1573,Node_750,4428
4429,I1_0,Node_1705,4429
4430,OUT_COMM_1,Node_1411,4430
4431,Node_777,Node_1573,4431
4432,Node_1903,Node_521,4432
4433,Node_76,Node_1903,4433
4434,Node_1904,Node_1344,4434
4435,I1_1,Node_1904,4435
4436,Node_1905,OUT_COMM_1,4436
4437,Node_494,Node_1905,4437
4438,Node_1906,Node_777,4438
4439,I1_0,Node_1906,4439
4440,I1_0,Node_1573,4440
4441,Node_1885,Node_979,4441
4442,Node_532,Node_1851,4442
4443,Node_1907,Node_494,4443
4444,Node_1344,Node_1907,4444
4445,Node_1908,OUT_COMM_STATE_0,4445
4446,I2_1,Node_1908,4446
4447,Node_1909,Node_777,4447
4448,I1_0,Node_1909,4448
4449,Node_1910,Node_532,4449
4450,Node_1675,Node_1910,4450
4451,Node_1911,OUT_COMM_1,4451
4452,I1_0,Node_1911,4452
4453,Node_1912,Node_76,4453
4454,I1_1,Node_1912,4454
4455,Node_1913,OUT_COMM_0,4455
4456,Node_76,Node_1913,4456
4457,Node_1914,Node_487,4457
4458,Node_750,Node_1914,4458
4459,Node_1915,Node_750,4459
4460,Node_1849,Node_1915,4460
4461,Node_1916,Node_1020,4461
4462,Node_27,Node_1916,4462
4463,I2_1,Node_1864,4463
4464,Node_1020,OUT_COMM_1,4464
4465,Node_1917,OUT_COMM_STATE_0,4465
4466,I2_0,Node_1917,4466
4467,Node_1918,OUT_MOT_0,4467
4468,OUT_MOT_0,Node_1918,4468
4469,Node_1919,Node_284,4469
4470,Node_777,Node_1919,4470
4471,Node_1920,OUT_COMM_1,4471
4472,Node_777,Node_1920,4472
4473,Node_1921,Node_1885,4473
4474,Node_532,Node_1921,4474
4475,Node_1922,Node_750,4475
4476,Node_1849,Node_1922,4476
4477,Node_1923,OUT_COMM_1,4477
4478,I1_1,Node_1923,4478
4479,Node_1924,Node_284,4479
4480,OUT_MOT_0,Node_1924,4480
4481,Node_1925,OUT_COMM_0,4481
4482,Node_76,Node_1925,4482
4483,Node_1926,Node_494,4483
4484,Node_1344,Node_1926,4484
4485,Node_284,Node_1573,4485
4486,Node_1411,Node_1675,4486
4487,Node_1927,OUT_MOT_0,4487
4488,Node_27,Node_1927,4488
4489,Node_1928,Node_284,4489
4490,Node_750,Node_1928,4490
4491,Node_1929,Node_1344,4491
4492,Node_979,Node_1929,4492
4493,Node_1930,Node_494,4493
4494,I2_0,Node_1930,4494
4495,Node_1931,Node_532,4495
4496,I1_1,Node_1931,4496
4497,Node_1932,OUT_MOT_0,4497
4498,OUT_MOT_0,Node_1932,4498
4499,Node_1933,OUT_MOT_0,4499
4500,OUT_MOT_0,Node_1933,4500
4501,Node_521,Node_1878,4501
4502,Node_1344,Node_1675,4502
4503,I3_0,Node_1675,4503
4504,Node_1020,Node_1020,4504
4505,Node_979,Node_1878,4505
4506,Node_1934,OUT_COMM_STATE_0,4506
4507,I2_1,Node_1934,4507
4508,Node_1935,Node_1303,4508
4509,I2_0,Node_1935,4509
4510,Node_1936,Node_284,4510
4511,OUT_MOT_0,Node_1936,4511
4512,Node_1937,OUT_COMM_0,4512
4513,I1_1,Node_1937,4513
4514,Node_1938,OUT_MOT_0,4514
4515,Node_27,Node_1938,4515
4516,Node_1939,Node_284,4516
4517,Node_750,Node_1939,4517
4518,Node_1940,OUT_COMM_1,4518
4519,Node_494,Node_1940,4519
4520,Node_1941,Node_1303,4520
4521,OUT_COMM_STATE_0,Node_1941,4521
4522,Node_1942,Node_532,4522
4523,OUT_COMM_STATE_0,Node_1942,4523
4524,Node_1649,Node_1878,4524
4525,Node_1344,Node_1573,4525
4526,Node_1303,Node_1921,4526
4527,Node_1943,Node_494,4527
4528,Node_1344,Node_1943,4528
4529,Node_1944,Node_494,4529
4530,Node_1344,Node_1944,4530
4531,Node_1945,OUT_COMM_0,4531
4532,OUT_COMM_1,Node_1945,4532
4533,Node_1946,Node_532,4533
4534,Node_1675,Node_1946,4534
4535,Node_1947,OUT_COMM_1,4535
4536,I1_0,Node_1947,4536
4537,Node_1948,Node_532,4537
4538,Node_1675,Node_1948,4538
4539,Node_1949,Node_1344,4539
4540,Node_979,Node_1949,4540
4541,Node_1950,Node_494,4541
4542,Node_487,Node_1950,4542
4543,Node_1951,Node_1344,4543
4544,I1_1,Node_1951,4544
4545,Node_1573,Node_27,4545
4546,Node_1834,Node_76,4546
4547,Node_1919,OUT_COMM_STATE_0,4547
4548,Node_1885,Node_532,4548
4549,Node_1952,Node_1878,4549
4550,Node_1344,Node_1952,4550
4551,Node_1953,Node_1344,4551
4552,Node_979,Node_1953,4552
4553,Node_1954,Node_1303,4553
4554,I2_0,Node_1954,4554
4555,Node_1955,OUT_MOT_0,4555
4556,Node_284,Node_1955,4556
4557,Node_1956,OUT_MOT_0,4557
4558,OUT_MOT_0,Node_1956,4558
4559,Node_1957,Node_494,4559
4560,Node_487,Node_1957,4560
4561,Node_1958,OUT_COMM_0,4561
4562,OUT_COMM_1,Node_1958,4562
4563,Node_1959,OUT_MOT_0,4563
4564,I3_0,Node_1959,4564
4565,Node_1960,Node_521,4565
4566,Node_76,Node_1960,4566
4567,Node_1961,OUT_COMM_1,4567
4568,Node_521,Node_1961,4568
4569,Node_1962,OUT_COMM_1,4569
4570,I2_0,Node_1962,4570
4571,Node_1963,Node_494,4571
4572,Node_1344,Node_1963,4572
4573,Node_1964,Node_1919,4573
4574,Node_777,Node_1964,4574
4575,OUT_MOT_0,Node_1919,4575
4576,Node_1573,Node_521,4576
4577,Node_1573,OUT_MOT_0,4577
4578,Node_1878,Node_284,4578
4579,Node_1965,OUT_COMM_STATE_0,4579
4580,I2_0,Node_1965,4580
4581,Node_1966,Node_1344,4581
4582,Node_979,Node_1966,4582
4583,Node_1967,OUT_COMM_0,4583
4584,I1_1,Node_1967,4584
4585,Node_1968,Node_284,4585
4586,Node_750,Node_1968,4586
4587,Node_1969,Node_1649,4587
4588,OUT_COMM_STATE_0,Node_1969,4588
4589,Node_1970,Node_750,4589
4590,OUT_COMM_1,Node_1970,4590
4591,Node_1964,Node_521,4591
4592,Node_1344,Node_1834,4592
4593,Node_1675,OUT_COMM_1,4593
4594,Node_27,Node_1932,4594
4595,Node_1971,OUT_COMM_0,4595
4596,I1_1,Node_1971,4596
4597,Node_1972,Node_76,4597
4598,I1_1,Node_1972,4598
4599,Node_1973,Node_521,4599
4600,Node_76,Node_1973,4600
4601,Node_1974,Node_76,4601
4602,Node_532,Node_1974,4602
4603,Node_1975,Node_487,4603
4604,I2_0,Node_1975,4604
4605,Node_1976,Node_532,4605
4606,I1_1,Node_1976,4606
4607,Node_1977,Node_1864,4607
4608,I2_1,Node_1977,4608
4609,Node_1851,Node_1573,4609
4610,Node_1978,Node_532,4610
4611,OUT_COMM_STATE_0,Node_1978,4611
4612,Node_1979,Node_777,4612
4613,I1_0,Node_1979,4613
4614,Node_1980,Node_532,4614
4615,Node_1411,Node_1980,4615
4616,Node_1981,OUT_COMM_0,4616
4617,I1_1,Node_1981,4617
4618,Node_1982,Node_979,4618
4619,I2_0,Node_1982,4619
4620,Node_1983,OUT_COMM_0,4620
4621,OUT_COMM_1,Node_1983,4621
4622,Node_1984,Node_521,4622
4623,Node_76,Node_1984,4623
4624,Node_521,Node_1573,4624
4625,I1_0,Node_979,4625
4626,Node_1985,OUT_MOT_0,4626
4627,Node_27,Node_1985,4627
4628,Node_1986,Node_487,4628
4629,Node_521,Node_1986,4629
4630,Node_1987,Node_284,4630
4631,Node_1864,Node_1987,4631
4632,Node_1988,Node_284,4632
4633,Node_1303,Node_1988,4633
4634,Node_1989,OUT_COMM_1,4634
4635,Node_494,Node_1989,4635
4636,Node_1990,OUT_COMM_1,4636
4637,Node_777,Node_1990,4637
4638,Node_1991,Node_27,4638
4639,Node_777,Node_1991,4639
4640,Node_1573,Node_1344,4640
4641,Node_1919,Node_777,4641
4642,Node_487,Node_1649,4642
4643,Node_777,Node_1411,4643
4644,Node_1834,Node_521,4644
4645,Node_1992,OUT_MOT_0,4645
4646,Node_27,Node_1992,4646
4647,Node_1993,Node_532,4647
4648,Node_76,Node_1993,4648
4649,Node_1994,Node_1573,4649
4650,Node_1834,Node_1994,4650
4651,Node_1995,OUT_COMM_1,4651
4652,I1_1,Node_1995,4652
4653,Node_1996,Node_284,4653
4654,Node_487,Node_1996,4654
4655,Node_1997,Node_750,4655
4656,OUT_COMM_1,Node_1997,4656
4657,Node_1998,OUT_COMM_STATE_0,4657
4658,I2_0,Node_1998,4658
4659,Node_1999,OUT_MOT_0,4659
4660,I3_0,Node_1999,4660
4661,Node_2000,OUT_COMM_STATE_0,4661
4662,I2_1,Node_2000,4662
4663,Node_2001,OUT_COMM_0,4663
4664,OUT_COMM_1,Node_2001,4664
4665,Node_532,Node_1344,4665
4666,Node_521,Node_1649,4666
4667,OUT_COMM_1,Node_1878,4667
4668,Node_1834,OUT_COMM_0,4668
4669,OUT_COMM_STATE_0,Node_1344,4669
4670,OUT_COMM_STATE_0,Node_1834,4670
4671,Node_494,Node_1705,4671
4672,Node_27,Node_1834,4672
4673,Node_2002,Node_1851,4673
4674,Node_1878,Node_2002,4674
4675,Node_2003,OUT_MOT_0,4675
4676,Node_1932,Node_2003,4676
4677,Node_2004,Node_76,4677
4678,I1_1,Node_2004,4678
4679,Node_2005,Node_27,4679
4680,I3_0,Node_2005,4680
4681,Node_2006,Node_1932,4681
4682,OUT_MOT_0,Node_2006,4682
4683,Node_2007,Node_1020,4683
4684,Node_27,Node_2007,4684
4685,Node_2008,Node_284,4685
4686,OUT_MOT_0,Node_2008,4686
4687,Node_2009,Node_532,4687
4688,Node_1851,Node_2009,4688
4689,Node_2010,Node_532,4689
4690,Node_76,Node_2010,4690
4691,Node_979,Node_750,4691
4692,Node_1649,OUT_COMM_1,4692
4693,Node_1919,Node_521,4693
4694,Node_777,Node_1851,4694
4695,Node_1303,Node_1411,4695
4696,Node_1573,Node_1864,4696
4697,Node_2011,Node_1020,4697
4698,Node_1020,Node_2011,4698
4699,Node_2012,OUT_COMM_1,4699
4700,I1_1,Node_2012,4700
4701,Node_2013,OUT_COMM_0,4701
4702,Node_76,Node_2013,4702
4703,Node_2014,Node_1303,4703
4704,OUT_COMM_STATE_0,Node_2014,4704
4705,Node_2015,OUT_COMM_1,4705
4706,Node_1990,Node_2015,4706
4707,Node_2016,Node_284,4707
4708,Node_27,Node_2016,4708
4709,Node_2017,Node_1411,4709
4710,OUT_COMM_STATE_0,Node_2017,4710
4711,Node_2018,Node_284,4711
4712,Node_487,Node_2018,4712
4713,Node_2019,Node_1953,4713
4714,Node_979,Node_2019,4714
4715,Node_2020,Node_532,4715
4716,Node_76,Node_2020,4716
4717,Node_2021,Node_532,4717
4718,Node_1649,Node_2021,4718
4719,Node_2022,OUT_MOT_0,4719
4720,Node_284,Node_2022,4720
4721,Node_2023,OUT_COMM_1,4721
4722,Node_777,Node_2023,4722
4723,Node_2024,Node_1020,4723
4724,Node_27,Node_2024,4724
4725,Node_2025,Node_1573,4725
4726,Node_1834,Node_2025,4726
4727,Node_2026,OUT_MOT_0,4727
4728,Node_1932,Node_2026,4728
4729,Node_2027,OUT_COMM_0,4729
4730,I1_1,Node_2027,4730
4731,Node_2028,Node_1851,4731
4732,Node_2002,Node_2028,4732
4733,Node_2029,OUT_MOT_0,4733
4734,Node_1020,Node_2029,4734
4735,Node_1919,OUT_MOT_0,4735
4736,I3_0,Node_1705,4736
4737,Node_1705,OUT_MOT_0,4737
4738,Node_1851,Node_1878,4738
4739,Node_2030,Node_532,4739
4740,Node_487,Node_2030,4740
4741,Node_2031,Node_532,4741
4742,Node_1675,Node_2031,4742
4743,Node_2032,Node_76,4743
4744,I2_1,Node_2032,4744
4745,Node_2033,Node_494,4745
4746,OUT_COMM_1,Node_2033,4746
4747,Node_2034,OUT_COMM_1,4747
4748,OUT_COMM_0,Node_2034,4748
4749,Node_2035,Node_1705,4749
4750,Node_979,Node_2035,4750
4751,Node_750,Node_1992,4751
4752,Node_532,Node_1993,4752
4753,Node_2036,Node_494,4753
4754,Node_487,Node_2036,4754
4755,Node_2037,Node_284,4755
4756,Node_487,Node_2037,4756
4757,Node_2038,Node_1864,4757
4758,Node_1303,Node_2038,4758
4759,Node_2039,Node_76,4759
4760,I1_1,Node_2039,4760
4761,Node_1932,Node_532,4761
4762,OUT_COMM_0,Node_1834,4762
4763,Node_2040,Node_487,4763
4764,Node_750,Node_2040,4764
4765,Node_2041,Node_1851,4765
4766,Node_1878,Node_2041,4766
4767,Node_2042,Node_76,4767
4768,I3_1,Node_2042,4768
4769,Node_2043,Node_284,4769
4770,Node_1303,Node_2043,4770
4771,Node_2044,Node_1303,4771
4772,I2_0,Node_2044,4772
4773,Node_2045,Node_76,4773
4774,Node_532,Node_2045,4774
4775,Node_2046,OUT_COMM_STATE_0,4775
4776,I2_0,Node_2046,4776
4777,Node_2047,OUT_MOT_0,4777
4778,Node_27,Node_2047,4778
4779,Node_1649,Node_1864,4779
4780,OUT_MOT_0,Node_1864,4780
4781,OUT_COMM_STATE_0,Node_1020,4781
4782,Node_2048,Node_494,4782
4783,OUT_COMM_1,Node_2048,4783
4784,Node_2049,Node_1675,4784
4785,Node_76,Node_2049,4785
4786,Node_2050,Node_1834,4786
4787,I2_0,Node_2050,4787
4788,Node_2051,OUT_MOT_0,4788
4789,Node_1020,Node_2051,4789
4790,Node_2052,OUT_COMM_STATE_0,4790
4791,I2_1,Node_2052,4791
4792,Node_2053,OUT_MOT_0,4792
4793,Node_284,Node_2053,4793
4794,Node_2054,OUT_MOT_0,4794
4795,OUT_MOT_0,Node_2054,4795
4796,Node_2055,Node_1303,4796
4797,OUT_COMM_STATE_0,Node_2055,4797
4798,Node_1675,Node_750,4798
4799,Node_1919,Node_1834,4799
4800,Node_2053,Node_76,4800
4801,Node_1020,Node_1919,4801
4802,Node_2056,OUT_MOT_0,4802
4803,Node_284,Node_2056,4803
4804,Node_2057,Node_521,4804
4805,I1_0,Node_2057,4805
4806,Node_2058,Node_1932,4806
4807,OUT_MOT_0,Node_2058,4807
4808,Node_2059,Node_1834,4808
4809,I2_0,Node_2059,4809
4810,Node_2060,Node_494,4810
4811,Node_1344,Node_2060,4811
4812,Node_2061,Node_1919,4812
4813,Node_777,Node_2061,4813
4814,Node_2062,OUT_COMM_1,4814
4815,I1_1,Node_2062,4815
4816,I2_1,Node_1573,4816
4817,I2_0,Node_1919,4817
4818,I3_0,Node_1573,4818
4819,Node_1303,OUT_COMM_1,4819
4820,Node_2063,Node_750,4820
4821,I2_0,Node_2063,4821
4822,Node_2064,Node_1573,4822
4823,Node_1834,Node_2064,4823
4824,Node_2065,Node_494,4824
4825,Node_1344,Node_2065,4825
4826,Node_2066,OUT_COMM_1,4826
4827,Node_494,Node_2066,4827
4828,Node_2067,Node_284,4828
4829,Node_27,Node_2067,4829
4830,Node_2068,OUT_COMM_STATE_0,4830
4831,I2_1,Node_2068,4831
4832,Node_2069,OUT_COMM_1,4832
4833,Node_777,Node_2069,4833
4834,Node_2070,Node_487,4834
4835,Node_1573,Node_2070,4835
4836,Node_2071,OUT_MOT_0,4836
4837,Node_284,Node_2071,4837
4838,I2_0,Node_1932,4838
4839,Node_1303,Node_532,4839
4840,OUT_COMM_STATE_0,Node_1993,4840
4841,I1_0,Node_1932,4841
4842,Node_1675,OUT_COMM_STATE_0,4842
4843,Node_2072,OUT_COMM_1,4843
4844,I1_0,Node_2072,4844
4845,Node_2073,Node_284,4845
4846,Node_1864,Node_2073,4846
4847,Node_2074,OUT_COMM_0,4847
4848,Node_76,Node_2074,4848
4849,Node_2075,Node_284,4849
4850,Node_1303,Node_2075,4850
4851,Node_2076,OUT_COMM_0,4851
4852,Node_750,Node_2076,4852
4853,Node_2077,Node_494,4853
4854,Node_284,Node_2077,4854
4855,Node_2078,OUT_COMM_0,4855
4856,Node_76,Node_2078,4856
4857,Node_1932,Node_1834,4857
4858,Node_2079,Node_76,4858
4859,I1_1,Node_2079,4859
4860,Node_2080,OUT_MOT_0,4860
4861,Node_27,Node_2080,4861
4862,Node_2081,Node_1020,4862
4863,Node_27,Node_2081,4863
4864,Node_2082,Node_284,4864
4865,OUT_MOT_0,Node_2082,4865
4866,Node_2083,Node_979,4866
4867,I2_0,Node_2083,4867
4868,Node_2084,Node_284,4868
4869,Node_1919,Node_2084,4869
4870,Node_2085,OUT_COMM_STATE_0,4870
4871,I2_0,Node_2085,4871
4872,Node_2086,OUT_MOT_0,4872
4873,Node_76,Node_2086,4873
4874,Node_1834,Node_1919,4874
4875,Node_1705,Node_1573,4875
4876,Node_27,Node_1573,4876
4877,I2_1,Node_1919,4877
4878,Node_2087,Node_532,4878
4879,I1_1,Node_2087,4879
4880,Node_2088,Node_1303,4880
4881,OUT_COMM_STATE_0,Node_2088,4881
4882,Node_2089,Node_1344,4882
4883,I1_1,Node_2089,4883
4884,Node_2090,Node_284,4884
4885,Node_1919,Node_2090,4885
4886,Node_2091,OUT_COMM_0,4886
4887,Node_750,Node_2091,4887
4888,Node_2092,Node_76,4888
4889,I2_1,Node_2092,4889
4890,Node_2093,Node_532,4890
4891,Node_1993,Node_2093,4891
4892,Node_2094,Node_494,4892
4893,Node_1344,Node_2094,4893
4894,Node_2095,OUT_MOT_0,4894
4895,Node_76,Node_2095,4895
4896,Node_2096,Node_487,4896
4897,Node_1573,Node_2096,4897
4898,Node_1675,Node_1344,4898
4899,Node_1932,Node_777,4899
4900,Node_1834,Node_1411,4900
4901,Node_1020,Node_2053,4901
4902,Node_494,Node_1675,4902
4903,Node_2097,Node_27,4903
4904,Node_27,Node_2097,4904
4905,Node_2098,OUT_MOT_0,4905
4906,Node_27,Node_2098,4906
4907,Node_2099,OUT_COMM_0,4907
4908,Node_76,Node_2099,4908
4909,Node_2100,Node_27,4909
4910,I3_0,Node_2100,4910
4911,Node_2101,Node_1573,4911
4912,Node_1834,Node_2101,4912
4913,Node_2102,Node_979,4913
4914,I2_0,Node_2102,4914
4915,I1_1,Node_1834,4915
4916,Node_2062,OUT_MOT_0,4916
4917,Node_1411,Node_2053,4917
4918,Node_2103,OUT_MOT_0,4918
4919,Node_1919,Node_2103,4919
4920,Node_2104,Node_1573,4920
4921,Node_1834,Node_2104,4921
4922,Node_2105,Node_494,4922
4923,Node_1344,Node_2105,4923
4924,Node_2106,OUT_COMM_STATE_0,4924
4925,I2_0,Node_2106,4925
4926,Node_2107,OUT_COMM_1,4926
4927,I1_0,Node_2107,4927
4928,Node_2108,OUT_MOT_0,4928
4929,Node_1020,Node_2108,4929
4930,Node_2109,Node_1675,4930
4931,Node_76,Node_2109,4931
4932,Node_2062,Node_777,4932
4933,Node_777,Node_1675,4933
4934,Node_1675,Node_777,4934
4935,Node_1932,Node_487,4935
4936,Node_2110,Node_1919,4936
4937,Node_777,Node_2110,4937
4938,Node_2111,Node_979,4938
4939,I2_0,Node_2111,4939
4940,Node_2112,Node_1919,4940
4941,Node_777,Node_2112,4941
4942,Node_2113,OUT_MOT_0,4942
4943,OUT_MOT_0,Node_2113,4943
4944,Node_2114,OUT_COMM_1,4944
4945,Node_521,Node_2114,4945
4946,Node_2115,Node_532,4946
4947,Node_1411,Node_2115,4947
4948,Node_2116,OUT_COMM_0,4948
4949,OUT_COMM_1,Node_2116,4949
4950,Node_2117,Node_1834,4950
4951,I2_0,Node_2117,4951
4952,Node_2118,OUT_MOT_0,4952
4953,Node_27,Node_2118,4953
4954,Node_2119,OUT_COMM_1,4954
4955,I1_1,Node_2119,4955
4956,Node_1932,Node_284,4956
4957,Node_2120,OUT_MOT_0,4957
4958,Node_284,Node_2120,4958
4959,Node_2121,OUT_COMM_STATE_0,4959
4960,I2_0,Node_2121,4960
4961,Node_2122,Node_1834,4961
4962,I2_0,Node_2122,4962
4963,Node_2123,OUT_COMM_STATE_0,4963
4964,I2_0,Node_2123,4964
4965,Node_2124,Node_494,4965
4966,Node_284,Node_2124,4966
4967,Node_2125,OUT_MOT_0,4967
4968,OUT_MOT_0,Node_2125,4968
4969,Node_2126,Node_284,4969
4970,Node_1919,Node_2126,4970
4971,Node_27,Node_2062,4971
4972,Node_2062,Node_494,4972
4973,Node_2105,Node_27,4973
4974,I3_0,Node_1932,4974
4975,Node_521,Node_1932,4975
4976,Node_750,Node_1573,4976
4977,Node_2127,OUT_MOT_0,4977
4978,I3_0,Node_2127,4978
4979,Node_2128,OUT_MOT_0,4979
4980,OUT_MOT_0,Node_2128,4980
4981,Node_2129,OUT_MOT_0,4981
4982,I3_0,Node_2129,4982
4983,Node_2130,Node_1919,4983
4984,Node_777,Node_2130,4984
4985,Node_2131,Node_1573,4985
4986,I2_0,Node_2131,4986
4987,Node_2132,Node_284,4987
4988,Node_777,Node_2132,4988
4989,Node_2133,Node_1344,4989
4990,Node_979,Node_2133,4990
4991,Node_2134,OUT_COMM_1,4991
4992,I2_0,Node_2134,4992
4993,Node_2135,Node_76,4993
4994,I1_1,Node_2135,4994
4995,Node_777,Node_2062,4995
4996,Node_1411,Node_1020,4996
4997,Node_1303,Node_1932,4997
4998,Node_2136,Node_487,4998
4999,Node_1573,Node_2136,4999
5000,Node_2137,Node_487,5000
5001,I2_0,Node_2137,5001
5002,Node_2138,Node_979,5002
5003,I2_0,Node_2138,5003
5004,Node_2139,Node_76,5004
5005,I2_1,Node_2139,5005
5006,Node_2140,Node_1573,5006
5007,I2_0,Node_2140,5007
5008,Node_2141,OUT_COMM_STATE_0,5008
5009,I2_1,Node_2141,5009
5010,Node_2142,Node_494,5010
5011,Node_1344,Node_2142,5011
5012,Node_532,Node_1919,5012
5013,Node_2143,Node_1020,5013
5014,Node_1303,Node_2143,5014
5015,Node_2144,OUT_COMM_STATE_0,5015
5016,I2_0,Node_2144,5016
5017,Node_2145,Node_494,5017
5018,Node_1344,Node_2145,5018
5019,Node_2146,OUT_MOT_0,5019
5020,OUT_MOT_0,Node_2146,5020
5021,Node_2147,OUT_COMM_0,5021
5022,OUT_COMM_1,Node_2147,5022
5023,Node_2148,OUT_COMM_1,5023
5024,I1_0,Node_2148,5024
5025,Node_2149,OUT_COMM_1,5025
5026,I2_0,Node_2149,5026
5027,Node_2150,OUT_MOT_0,5027
5028,Node_284,Node_2150,5028
5029,Node_2151,Node_284,5029
5030,Node_1303,Node_2151,5030
5031,Node_2152,Node_532,5031
5032,Node_1675,Node_2152,5032
5033,Node_1834,Node_284,5033
5034,Node_1834,Node_494,5034
5035,Node_2153,Node_979,5035
5036,I2_0,Node_2153,5036
5037,Node_2154,OUT_COMM_STATE_0,5037
5038,I2_1,Node_2154,5038
5039,Node_2155,Node_27,5039
5040,I2_0,Node_2155,5040
5041,Node_2156,Node_284,5041
5042,Node_2126,Node_2156,5042
5043,Node_2157,Node_284,5043
5044,OUT_MOT_0,Node_2157,5044
5045,Node_2158,OUT_COMM_1,5045
5046,Node_777,Node_2158,5046
5047,Node_2159,Node_487,5047
5048,Node_1573,Node_2159,5048
5049,Node_1932,Node_494,5049
5050,Node_1932,Node_1303,5050
5051,Node_2160,Node_284,5051
5052,I2_0,Node_2160,5052
5053,Node_2161,Node_284,5053
5054,I2_0,Node_2161,5054
5055,Node_2162,Node_750,5055
5056,I2_0,Node_2162,5056
5057,Node_2163,Node_1303,5057
5058,OUT_COMM_STATE_0,Node_2163,5058
5059,Node_2164,Node_1834,5059
5060,I2_0,Node_2164,5060
5061,I3_0,Node_1919,5061
5062,Node_2062,Node_1020,5062
5063,Node_2165,Node_532,5063
5064,Node_1411,Node_2165,5064
5065,Node_2166,Node_1303,5065
5066,OUT_COMM_STATE_0,Node_2166,5066
5067,Node_2167,OUT_COMM_1,5067
5068,Node_494,Node_2167,5068
5069,Node_2168,Node_532,5069
5070,Node_76,Node_2168,5070
5071,Node_2169,Node_777,5071
5072,I1_0,Node_2169,5072
5073,Node_2170,Node_494,5073
5074,Node_284,Node_2170,5074
5075,Node_2171,Node_284,5075
5076,Node_27,Node_2171,5076
5077,Node_2172,OUT_COMM_1,5077
5078,I1_1,Node_2172,5078
5079,Node_1344,Node_1932,5079
5080,Node_487,Node_1834,5080
5081,Node_532,Node_2062,5081
5082,Node_1919,Node_494,5082
5083,Node_2173,OUT_COMM_1,5083
5084,Node_521,Node_2173,5084
5085,Node_2174,OUT_COMM_1,5085
5086,I2_0,Node_2174,5086
5087,Node_2175,Node_1573,5087
5088,I2_0,Node_2175,5088
5089,Node_2176,Node_777,5089
5090,I1_0,Node_2176,5090
5091,Node_2177,Node_284,5091
5092,OUT_MOT_0,Node_2177,5092
5093,Node_2178,OUT_COMM_0,5093
5094,Node_750,Node_2178,5094
5095,Node_2179,OUT_COMM_STATE_0,5095
5096,I2_1,Node_2179,5096
5097,Node_1932,Node_1675,5097
5098,Node_27,Node_1675,5098
5099,Node_750,Node_1834,5099
5100,Node_1344,OUT_COMM_1,5100
5101,Node_2180,Node_76,5101
5102,I2_1,Node_2180,5102
5103,Node_2181,Node_750,5103
5104,I2_0,Node_2181,5104
5105,Node_2182,Node_750,5105
5106,I2_0,Node_2182,5106
5107,Node_2183,Node_284,5107
5108,Node_27,Node_2183,5108
5109,Node_2184,Node_284,5109
5110,Node_2126,Node_2184,5110
5111,Node_2185,Node_494,5111
5112,Node_487,Node_2185,5112
5113,Node_2186,Node_284,5113
5114,OUT_MOT_0,Node_2186,5114
5115,Node_2187,Node_494,5115
5116,Node_487,Node_2187,5116
5117,Node_2188,Node_284,5117
5118,Node_1919,Node_2188,5118
5119,Node_2189,Node_27,5119
5120,Node_27,Node_2189,5120
5121,Node_2190,Node_532,5121
5122,Node_487,Node_2190,5122
5123,OUT_MOT_0,Node_1303,5123
5124,Node_2181,Node_979,5124
5125,Node_1919,Node_1932,5125
5126,Node_487,Node_1932,5126
5127,Node_979,Node_1573,5127
5128,Node_2191,OUT_COMM_0,5128
5129,I1_0,Node_2191,5129
5130,Node_2192,Node_532,5130
5131,Node_1993,Node_2192,5131
5132,Node_2193,Node_1993,5132
5133,Node_76,Node_2193,5133
5134,Node_2194,Node_487,5134
5135,I3_1,Node_2194,5135
5136,Node_2195,OUT_COMM_1,5136
5137,Node_2158,Node_2195,5137
5138,Node_2196,OUT_MOT_0,5138
5139,Node_1020,Node_2196,5139
5140,Node_2197,Node_76,5140
5141,I1_1,Node_2197,5141
5142,Node_2198,Node_284,5142
5143,Node_2126,Node_2198,5143
5144,Node_2199,OUT_COMM_1,5144
5145,I2_0,Node_2199,5145
5146,Node_2200,Node_777,5146
5147,I1_0,Node_2200,5147
5148,OUT_MOT_0,Node_1993,5148
5149,I2_1,Node_1303,5149
5150,Node_2178,OUT_COMM_1,5150
5151,Node_750,Node_1919,5151
5152,Node_1932,Node_1573,5152
5153,Node_2201,Node_1932,5153
5154,OUT_MOT_0,Node_2201,5154
5155,Node_2202,OUT_COMM_1,5155
5156,Node_777,Node_2202,5156
5157,Node_2203,Node_750,5157
5158,OUT_COMM_1,Node_2203,5158
5159,Node_2204,Node_1834,5159
5160,I2_0,Node_2204,5160
5161,Node_2205,Node_76,5161
5162,I2_1,Node_2205,5162
5163,Node_2206,Node_532,5163
5164,Node_1993,Node_2206,5164
5165,Node_2207,Node_1675,5165
5166,Node_76,Node_2207,5166
5167,Node_979,Node_2126,5167
5168,Node_1411,Node_2126,5168
5169,OUT_COMM_1,Node_1932,5169
5170,Node_2208,Node_1020,5170
5171,Node_27,Node_2208,5171
5172,Node_2209,Node_284,5172
5173,Node_1919,Node_2209,5173
5174,Node_2210,OUT_COMM_1,5174
5175,I1_0,Node_2210,5175
5176,Node_2211,Node_27,5176
5177,Node_979,Node_2211,5177
5178,Node_2212,OUT_COMM_0,5178
5179,I1_1,Node_2212,5179
5180,Node_2213,Node_1303,5180
5181,OUT_COMM_STATE_0,Node_2213,5181
5182,Node_2214,Node_777,5182
5183,I1_1,Node_2214,5183
5184,Node_777,Node_1932,5184
5185,Node_2126,Node_750,5185
5186,Node_1675,Node_1834,5186
5187,Node_2126,Node_532,5187
5188,Node_1919,Node_979,5188
5189,Node_1303,Node_1834,5189
5190,Node_1675,OUT_MOT_0,5190
5191,Node_2215,Node_532,5191
5192,OUT_COMM_STATE_0,Node_2215,5192
5193,Node_2216,Node_494,5193
5194,Node_284,Node_2216,5194
5195,Node_2217,Node_532,5195
5196,Node_1411,Node_2217,5196
5197,Node_2218,OUT_MOT_0,5197
5198,Node_27,Node_2218,5198
5199,Node_2219,OUT_MOT_0,5199
5200,Node_76,Node_2219,5200
5201,Node_2220,Node_1675,5201
5202,Node_76,Node_2220,5202
5203,Node_2221,Node_284,5203
5204,Node_2126,Node_2221,5204
5205,Node_2222,Node_1411,5205
5206,OUT_COMM_STATE_0,Node_2222,5206
5207,Node_2223,Node_777,5207
5208,I1_1,Node_2223,5208
5209,Node_2224,Node_750,5209
5210,I2_0,Node_2224,5210
5211,Node_2225,OUT_COMM_1,5211
5212,Node_2062,Node_2225,5212
5213,Node_1675,Node_1675,5213
5214,Node_2062,Node_1411,5214
5215,Node_1675,Node_2198,5215
5216,I2_1,Node_1411,5216
5217,Node_1573,Node_1675,5217
5218,Node_2226,OUT_MOT_0,5218
5219,I3_1,Node_2226,5219
5220,Node_2227,Node_2126,5220
5221,Node_1919,Node_2227,5221
5222,Node_2228,Node_777,5222
5223,I1_0,Node_2228,5223
5224,Node_2229,Node_2174,5224
5225,I2_0,Node_2229,5225
5226,Node_2230,Node_27,5226
5227,Node_27,Node_2230,5227
5228,Node_1573,OUT_COMM_1,5228
5229,Node_1919,Node_1573,5229
5230,Node_2231,Node_1344,5230
5231,I1_1,Node_2231,5231
5232,Node_2232,Node_27,5232
5233,Node_979,Node_2232,5233
5234,Node_2233,OUT_COMM_0,5234
5235,Node_750,Node_2233,5235
5236,Node_2234,Node_1573,5236
5237,Node_1834,Node_2234,5237
5238,Node_2235,Node_777,5238
5239,I1_1,Node_2235,5239
5240,Node_2236,Node_777,5240
5241,I1_0,Node_2236,5241
5242,Node_2237,Node_494,5242
5243,Node_487,Node_2237,5243
5244,Node_1834,OUT_MOT_0,5244
5245,Node_1919,Node_2062,5245
5246,Node_2238,Node_284,5246
5247,Node_2126,Node_2238,5247
5248,Node_2239,OUT_COMM_0,5248
5249,Node_750,Node_2239,5249
5250,Node_2240,Node_2062,5250
5251,I1_1,Node_2240,5251
5252,Node_2241,Node_1675,5252
5253,Node_76,Node_2241,5253
5254,Node_2242,OUT_MOT_0,5254
5255,I3_0,Node_2242,5255
5256,Node_2243,Node_1303,5256
5257,OUT_COMM_STATE_0,Node_2243,5257
5258,Node_1344,Node_1993,5258
5259,Node_1834,Node_1993,5259
5260,Node_1993,Node_1919,5260
5261,Node_2244,Node_2126,5261
5262,Node_1919,Node_2244,5262
5263,Node_2245,Node_1993,5263
5264,Node_76,Node_2245,5264
5265,Node_2246,Node_1303,5265
5266,OUT_COMM_STATE_0,Node_2246,5266
5267,Node_2247,Node_1344,5267
5268,Node_979,Node_2247,5268
5269,Node_2248,Node_27,5269
5270,Node_27,Node_2248,5270
5271,Node_2249,Node_532,5271
5272,OUT_COMM_STATE_0,Node_2249,5272
5273,Node_1573,Node_1993,5273
5274,Node_1303,Node_487,5274
5275,Node_979,Node_1932,5275
5276,Node_2250,Node_284,5276
5277,Node_1303,Node_2250,5277
5278,Node_2251,Node_76,5278
5279,Node_532,Node_2251,5279
5280,Node_2252,OUT_COMM_STATE_0,5280
5281,I2_0,Node_2252,5281
5282,Node_2253,Node_284,5282
5283,Node_487,Node_2253,5283
5284,Node_2254,Node_532,5284
5285,Node_1993,Node_2254,5285
5286,Node_1675,Node_1919,5286
5287,Node_2230,Node_1675,5287
5288,Node_2255,OUT_COMM_0,5288
5289,Node_750,Node_2255,5289
5290,Node_2256,Node_76,5290
5291,I1_1,Node_2256,5291
5292,Node_2257,OUT_COMM_STATE_0,5292
5293,I2_1,Node_2257,5293
5294,Node_2258,OUT_MOT_0,5294
5295,I3_0,Node_2258,5295
5296,Node_2259,Node_27,5296
5297,Node_27,Node_2259,5297
5298,Node_2260,Node_1344,5298
5299,Node_979,Node_2260,5299
5300,Node_2261,Node_1919,5300
5301,Node_777,Node_2261,5301
5302,Node_2262,Node_494,5302
5303,Node_487,Node_2262,5303
5304,Node_1675,Node_521,5304
5305,OUT_COMM_1,Node_1834,5305
5306,Node_532,Node_2245,5306
5307,Node_2263,Node_284,5307
5308,OUT_MOT_0,Node_2263,5308
5309,Node_2264,Node_1675,5309
5310,Node_1932,Node_2264,5310
5311,Node_2265,Node_494,5311
5312,Node_284,Node_2265,5312
5313,Node_2266,Node_1675,5313
5314,Node_1932,Node_2266,5314
5315,Node_2267,OUT_COMM_0,5315
5316,Node_750,Node_2267,5316
5317,Node_521,Node_1344,5317
5318,I1_1,Node_1573,5318
5319,Node_2268,Node_284,5319
5320,I2_0,Node_2268,5320
5321,Node_2269,OUT_COMM_0,5321
5322,Node_76,Node_2269,5322
5323,Node_2270,OUT_COMM_1,5323
5324,Node_521,Node_2270,5324
5325,Node_2271,OUT_MOT_0,5325
5326,Node_1020,Node_2271,5326
5327,Node_2272,OUT_MOT_0,5327
5328,Node_27,Node_2272,5328
5329,Node_2273,OUT_MOT_0,5329
5330,OUT_MOT_0,Node_2273,5330
5331,Node_284,Node_2126,5331
5332,Node_1919,Node_487,5332
5333,Node_2274,Node_27,5333
5334,I2_0,Node_2274,5334
5335,Node_2275,Node_1411,5335
5336,OUT_COMM_STATE_0,Node_2275,5336
5337,Node_2276,Node_27,5337
5338,I2_0,Node_2276,5338
5339,Node_2277,OUT_MOT_0,5339
5340,Node_284,Node_2277,5340
5341,Node_2278,Node_1573,5341
5342,Node_1834,Node_2278,5342
5343,Node_2279,Node_76,5343
5344,Node_532,Node_2279,5344
5345,Node_2280,OUT_COMM_1,5345
5346,Node_777,Node_2280,5346
5347,Node_2281,OUT_COMM_1,5347
5348,I2_0,Node_2281,5348
5349,Node_2282,Node_1020,5349
5350,Node_27,Node_2282,5350
5351,Node_2283,Node_284,5351
5352,OUT_COMM_STATE_0,Node_2283,5352
5353,Node_2284,Node_1675,5353
5354,Node_1932,Node_2284,5354
5355,Node_1573,Node_1932,5355
5356,Node_1993,Node_1834,5356
5357,Node_2285,Node_27,5357
5358,Node_27,Node_2285,5358
5359,Node_2286,Node_494,5359
5360,Node_284,Node_2286,5360
5361,Node_2287,Node_2245,5361
5362,Node_76,Node_2287,5362
5363,Node_2288,Node_1919,5363
5364,Node_777,Node_2288,5364
5365,Node_2289,OUT_COMM_STATE_0,5365
5366,I2_0,Node_2289,5366
5367,Node_2126,Node_1834,5367
5368,Node_750,Node_1932,5368
5369,Node_1303,Node_1919,5369
5370,Node_1993,Node_1932,5370
5371,Node_2290,Node_487,5371
5372,I3_1,Node_2290,5372
5373,Node_2291,Node_750,5373
5374,OUT_COMM_1,Node_2291,5374
5375,Node_2292,OUT_COMM_1,5375
5376,I2_0,Node_2292,5376
5377,Node_2293,Node_1303,5377
5378,I2_0,Node_2293,5378
5379,Node_2294,Node_532,5379
5380,Node_1993,Node_2294,5380
5381,Node_2295,OUT_MOT_0,5381
5382,I3_1,Node_2295,5382
5383,Node_2296,Node_284,5383
5384,Node_750,Node_2296,5384
5385,Node_2297,Node_1675,5385
5386,Node_1932,Node_2297,5386
5387,Node_2298,Node_284,5387
5388,Node_750,Node_2298,5388
5389,Node_2299,Node_777,5389
5390,I1_0,Node_2299,5390
5391,Node_2300,Node_1993,5391
5392,Node_76,Node_2300,5392
5393,Node_2301,Node_284,5393
5394,Node_777,Node_2301,5394
5395,Node_1675,Node_1932,5395
5396,Node_1993,Node_1020,5396
5397,Node_2302,Node_1020,5397
5398,Node_27,Node_2302,5398
5399,Node_2303,Node_284,5399
5400,Node_750,Node_2303,5400
5401,Node_2304,Node_284,5401
5402,Node_1303,Node_2304,5402
5403,Node_2305,Node_284,5403
5404,Node_1919,Node_2305,5404
5405,Node_2306,OUT_MOT_0,5405
5406,Node_76,Node_2306,5406
5407,Node_2307,Node_284,5407
5408,I2_0,Node_2307,5408
5409,Node_2308,Node_284,5409
5410,OUT_COMM_STATE_0,Node_2308,5410
5411,Node_2309,Node_750,5411
5412,I2_0,Node_2309,5412
5413,Node_1834,Node_1303,5413
5414,I1_0,Node_1919,5414
5415,Node_2310,Node_1993,5415
5416,Node_76,Node_2310,5416
5417,Node_2311,Node_1411,5417
5418,OUT_COMM_STATE_0,Node_2311,5418
5419,Node_2312,Node_777,5419
5420,I1_0,Node_2312,5420
5421,Node_2313,Node_1303,5421
5422,OUT_COMM_STATE_0,Node_2313,5422
5423,Node_2314,Node_284,5423
5424,Node_27,Node_2314,5424
5425,Node_2315,Node_532,5425
5426,Node_487,Node_2315,5426
5427,Node_2316,OUT_COMM_STATE_0,5427
5428,I2_1,Node_2316,5428
5429,Node_2317,Node_1932,5429
5430,OUT_MOT_0,Node_2317,5430
5431,Node_2318,Node_284,5431
5432,I2_0,Node_2318,5432
5433,Node_2319,Node_1020,5433
5434,Node_27,Node_2319,5434
5435,Node_2320,Node_750,5435
5436,OUT_COMM_1,Node_2320,5436
5437,Node_2321,OUT_COMM_1,5437
5438,Node_487,Node_2321,5438
5439,Node_2322,Node_1411,5439
5440,OUT_COMM_STATE_0,Node_2322,5440
5441,Node_532,Node_1932,5441
5442,Node_1932,Node_1919,5442
5443,Node_487,Node_1993,5443
5444,Node_27,Node_1993,5444
5445,Node_2323,Node_1303,5445
5446,OUT_COMM_STATE_0,Node_2323,5446
5447,Node_2324,Node_777,5447
5448,I1_1,Node_2324,5448
5449,Node_2325,Node_1993,5449
5450,Node_76,Node_2325,5450
5451,Node_2326,Node_2126,5451
5452,Node_1919,Node_2326,5452
5453,Node_2327,OUT_COMM_1,5453
5454,I2_0,Node_2327,5454
5455,Node_2328,Node_521,5455
5456,I1_0,Node_2328,5456
5457,Node_2329,Node_27,5457
5458,Node_27,Node_2329,5458
5459,Node_2330,Node_284,5459
5460,OUT_COMM_STATE_0,Node_2330,5460
5461,Node_2331,OUT_MOT_0,5461
5462,I3_1,Node_2331,5462
5463,OUT_COMM_0,Node_1932,5463
5464,Node_2328,Node_2241,5464
5465,Node_2332,Node_750,5465
5466,I2_0,Node_2332,5466
5467,Node_2333,OUT_COMM_STATE_0,5467
5468,I2_0,Node_2333,5468
5469,Node_2334,OUT_COMM_1,5469
5470,Node_521,Node_2334,5470
5471,Node_2335,Node_1993,5471
5472,Node_76,Node_2335,5472
5473,Node_2336,Node_532,5473
5474,Node_1344,Node_2336,5474
5475,Node_2337,Node_532,5475
5476,Node_1993,Node_2337,5476
5477,Node_2338,Node_1834,5477
5478,I2_0,Node_2338,5478
5479,Node_2339,Node_750,5479
5480,OUT_COMM_1,Node_2339,5480
5481,Node_2340,Node_284,5481
5482,Node_777,Node_2340,5482
5483,Node_2341,Node_487,5483
5484,Node_1573,Node_2341,5484
5485,Node_2342,OUT_COMM_1,5485
5486,Node_521,Node_2342,5486
5487,Node_532,Node_2126,5487
5488,Node_1993,OUT_COMM_1,5488
5489,Node_2343,Node_1573,5489
5490,I2_0,Node_2343,5490
5491,Node_2344,Node_750,5491
5492,I2_0,Node_2344,5492
5493,Node_2345,Node_777,5493
5494,I1_1,Node_2345,5494
5495,Node_2346,Node_494,5495
5496,Node_1344,Node_2346,5496
5497,Node_2347,Node_284,5497
5498,Node_1303,Node_2347,5498
5499,Node_2348,OUT_MOT_0,5499
5500,OUT_MOT_0,Node_2348,5500
5501,Node_2349,OUT_COMM_1,5501
5502,I1_1,Node_2349,5502
5503,Node_2350,OUT_MOT_0,5503
5504,Node_27,Node_2350,5504
5505,Node_2351,Node_532,5505
5506,Node_1993,Node_2351,5506
5507,Node_1993,Node_1573,5507
5508,Node_1834,Node_750,5508
5509,Node_2352,OUT_MOT_0,5509
5510,OUT_MOT_0,Node_2352,5510
5511,Node_2353,Node_27,5511
5512,Node_979,Node_2353,5512
5513,Node_2354,OUT_COMM_1,5513
5514,Node_494,Node_2354,5514
5515,Node_2355,Node_1573,5515
5516,Node_1834,Node_2355,5516
5517,Node_2356,Node_1993,5517
5518,Node_76,Node_2356,5518
5519,Node_2357,Node_532,5519
5520,Node_1344,Node_2357,5520
5521,Node_76,Node_1834,5521
5522,Node_2126,OUT_COMM_0,5522
5523,Node_1932,Node_1932,5523
5524,Node_487,Node_2241,5524
5525,Node_2358,Node_284,5525
5526,Node_1919,Node_2358,5526
5527,Node_2359,Node_284,5527
5528,Node_2126,Node_2359,5528
5529,Node_2360,Node_1303,5529
5530,Node_76,Node_2360,5530
5531,Node_2361,OUT_COMM_1,5531
5532,Node_777,Node_2361,5532
5533,Node_2362,OUT_COMM_1,5533
5534,Node_494,Node_2362,5534
5535,Node_2363,Node_1303,5535
5536,I2_0,Node_2363,5536
5537,Node_2364,Node_1573,5537
5538,Node_1834,Node_2364,5538
5539,Node_2365,Node_532,5539
5540,Node_487,Node_2365,5540
5541,Node_1344,OUT_COMM_STATE_0,5541
5542,OUT_COMM_1,Node_1919,5542
5543,Node_2366,OUT_COMM_0,5543
5544,I1_1,Node_2366,5544
5545,Node_2367,Node_750,5545
5546,OUT_COMM_1,Node_2367,5546
5547,Node_2368,Node_1303,5547
5548,I2_0,Node_2368,5548
5549,Node_2369,Node_1344,5549
5550,I1_1,Node_2369,5550
5551,Node_2370,OUT_MOT_0,5551
5552,Node_1932,Node_2370,5552
5553,Node_494,Node_1834,5553
5554,Node_2371,Node_494,5554
5555,Node_487,Node_2371,5555
5556,Node_2372,Node_532,5556
5557,Node_1932,Node_2372,5557
5558,Node_2373,OUT_MOT_0,5558
5559,Node_27,Node_2373,5559
5560,Node_2374,Node_777,5560
5561,I1_1,Node_2374,5561
5562,Node_2375,Node_1303,5562
5563,OUT_COMM_STATE_0,Node_2375,5563
5564,Node_2376,OUT_MOT_0,5564
5565,Node_284,Node_2376,5565
5566,Node_2377,Node_1932,5566
5567,OUT_MOT_0,Node_2377,5567
5568,Node_2378,Node_777,5568
5569,I1_1,Node_2378,5569
5570,Node_2379,Node_494,5570
5571,Node_487,Node_2379,5571
5572,Node_2230,OUT_MOT_0,5572
5573,Node_2337,Node_521,5573
5574,Node_1020,Node_1932,5574
5575,Node_1932,Node_1344,5575
5576,Node_2380,Node_532,5576
5577,Node_1932,Node_2380,5577
5578,Node_2381,Node_494,5578
5579,Node_1303,Node_2381,5579
5580,Node_2382,Node_27,5580
5581,Node_27,Node_2382,5581
5582,Node_2383,Node_284,5582
5583,OUT_COMM_STATE_0,Node_2383,5583
5584,Node_2384,Node_284,5584
5585,Node_777,Node_2384,5585
5586,Node_2385,Node_1573,5586
5587,Node_1834,Node_2385,5587
5588,Node_2386,Node_494,5588
5589,Node_487,Node_2386,5589
5590,Node_2387,OUT_COMM_STATE_0,5590
5591,I2_0,Node_2387,5591
5592,Node_2388,Node_777,5592
5593,I1_0,Node_2388,5593
5594,Node_2389,OUT_MOT_0,5594
5595,OUT_MOT_0,Node_2389,5595
5596,Node_2390,OUT_MOT_0,5596
5597,OUT_MOT_0,Node_2390,5597
5598,Node_2391,Node_27,5598
5599,Node_979,Node_2391,5599
5600,Node_2392,OUT_COMM_1,5600
5601,Node_777,Node_2392,5601
5602,Node_2393,OUT_COMM_1,5602
5603,I2_0,Node_2393,5603
5604,Node_2235,OUT_COMM_1,5604
5605,Node_1993,Node_777,5605
5606,Node_2297,Node_27,5606
5607,Node_2394,Node_532,5607
5608,Node_1993,Node_2394,5608
5609,Node_2395,Node_284,5609
5610,Node_1919,Node_2395,5610
5611,Node_2396,Node_487,5611
5612,Node_750,Node_2396,5612
5613,Node_2397,Node_1675,5613
5614,Node_2241,Node_2397,5614
5615,Node_2398,Node_284,5615
5616,I2_0,Node_2398,5616
5617,Node_2399,Node_284,5617
5618,Node_750,Node_2399,5618
5619,Node_2400,OUT_COMM_STATE_0,5619
5620,I2_0,Node_2400,5620
5621,Node_2401,Node_284,5621
5622,I2_0,Node_2401,5622
5623,Node_1411,Node_1573,5623
5624,Node_2126,Node_521,5624
5625,Node_2126,OUT_MOT_0,5625
5626,Node_1834,Node_2337,5626
5627,OUT_COMM_1,Node_1993,5627
5628,Node_521,Node_1834,5628
5629,Node_2402,Node_27,5629
5630,I3_0,Node_2402,5630
5631,Node_2403,Node_1573,5631
5632,I3_0,Node_2403,5632
5633,Node_2404,Node_532,5633
5634,Node_76,Node_2404,5634
5635,Node_2405,Node_532,5635
5636,OUT_COMM_STATE_0,Node_2405,5636
5637,Node_2406,Node_284,5637
5638,OUT_COMM_STATE_0,Node_2406,5638
5639,Node_2407,Node_777,5639
5640,I1_1,Node_2407,5640
5641,Node_2408,Node_532,5641
5642,Node_1344,Node_2408,5642
5643,Node_2409,Node_284,5643
5644,Node_1919,Node_2409,5644
5645,Node_2410,OUT_COMM_STATE_0,5645
5646,I2_1,Node_2410,5646
5647,Node_1573,Node_1919,5647
5648,Node_76,Node_2126,5648
5649,I1_1,Node_2365,5649
5650,Node_2411,OUT_COMM_1,5650
5651,Node_777,Node_2411,5651
5652,Node_2412,OUT_COMM_1,5652
5653,Node_487,Node_2412,5653
5654,Node_2413,OUT_COMM_1,5654
5655,I2_0,Node_2413,5655
5656,Node_2414,Node_1932,5656
5657,OUT_MOT_0,Node_2414,5657
5658,Node_2415,Node_27,5658
5659,I3_0,Node_2415,5659
5660,Node_2416,Node_532,5660
5661,Node_76,Node_2416,5661
5662,Node_2417,OUT_MOT_0,5662
5663,Node_2126,Node_2417,5663
5664,Node_2418,Node_1303,5664
5665,I2_0,Node_2418,5665
5666,Node_2419,OUT_COMM_1,5666
5667,Node_521,Node_2419,5667
5668,Node_2420,Node_494,5668
5669,Node_487,Node_2420,5669
5670,Node_2421,OUT_MOT_0,5670
5671,Node_76,Node_2421,5671
5672,Node_1834,Node_1932,5672
5673,Node_2337,Node_494,5673
5674,Node_2422,Node_1675,5674
5675,Node_1932,Node_2422,5675
5676,Node_2423,Node_76,5676
5677,I1_1,Node_2423,5677
5678,Node_2424,Node_494,5678
5679,Node_1303,Node_2424,5679
5680,Node_2425,Node_27,5680
5681,I2_0,Node_2425,5681
5682,Node_2426,Node_1303,5682
5683,OUT_COMM_STATE_0,Node_2426,5683
5684,Node_2427,Node_1573,5684
5685,I3_0,Node_2427,5685
5686,I1_1,Node_1993,5686
5687,I3_0,Node_2235,5687
5688,Node_2241,Node_76,5688
5689,Node_2428,Node_1344,5689
5690,Node_979,Node_2428,5690
5691,Node_2429,Node_1675,5691
5692,Node_2241,Node_2429,5692
5693,Node_2430,OUT_COMM_1,5693
5694,I2_0,Node_2430,5694
5695,Node_2431,Node_487,5695
5696,Node_1573,Node_2431,5696
5697,Node_2432,Node_487,5697
5698,I3_1,Node_2432,5698
5699,Node_2433,Node_532,5699
5700,Node_1344,Node_2433,5700
5701,Node_2434,Node_532,5701
5702,Node_1675,Node_2434,5702
5703,Node_2435,Node_1675,5703
5704,Node_2241,Node_2435,5704
5705,Node_2351,Node_1675,5705
5706,Node_777,Node_1993,5706
5707,Node_2436,Node_777,5707
5708,I1_0,Node_2436,5708
5709,Node_2437,Node_76,5709
5710,I2_1,Node_2437,5710
5711,Node_2438,Node_1675,5711
5712,Node_2241,Node_2438,5712
5713,Node_2439,Node_494,5713
5714,Node_487,Node_2439,5714
5715,Node_2440,Node_284,5715
5716,OUT_MOT_0,Node_2440,5716
5717,Node_2441,Node_284,5717
5718,OUT_COMM_STATE_0,Node_2441,5718
5719,Node_2442,Node_1573,5719
5720,Node_1834,Node_2442,5720
5721,Node_2230,Node_76,5721
5722,Node_750,Node_1411,5722
5723,Node_1919,Node_1919,5723
5724,Node_2443,Node_27,5724
5725,I3_0,Node_2443,5725
5726,Node_2444,Node_27,5726
5727,I2_0,Node_2444,5727
5728,Node_2445,Node_750,5728
5729,OUT_COMM_1,Node_2445,5729
5730,Node_2446,Node_1303,5730
5731,OUT_COMM_STATE_0,Node_2446,5731
5732,Node_2447,Node_76,5732
5733,Node_532,Node_2447,5733
5734,Node_2448,OUT_MOT_0,5734
5735,Node_1932,Node_2448,5735
5736,Node_2449,Node_494,5736
5737,Node_487,Node_2449,5737
5738,Node_2450,Node_532,5738
5739,I1_1,Node_2450,5739
5740,OUT_COMM_STATE_0,Node_2235,5740
5741,Node_1675,Node_979,5741
5742,Node_1573,Node_284,5742
5743,Node_2241,Node_1993,5743
5744,Node_2351,OUT_COMM_0,5744
5745,OUT_COMM_STATE_0,Node_1675,5745
5746,Node_1932,Node_2351,5746
5747,Node_1834,Node_487,5747
5748,I3_1,Node_1344,5748
5749,Node_2451,Node_76,5749
5750,I2_1,Node_2451,5750
5751,Node_2452,Node_27,5751
5752,I3_0,Node_2452,5752
5753,Node_2453,Node_1020,5753
5754,Node_27,Node_2453,5754
5755,Node_2454,Node_1675,5755
5756,Node_2241,Node_2454,5756
5757,Node_2230,Node_284,5757
5758,Node_2230,Node_1932,5758
5759,OUT_COMM_0,Node_1411,5759
5760,Node_532,Node_2443,5760
5761,Node_2351,Node_1573,5761
5762,Node_2455,Node_532,5762
5763,Node_1411,Node_2455,5763
5764,Node_2456,OUT_MOT_0,5764
5765,Node_27,Node_2456,5765
5766,Node_2457,Node_1020,5766
5767,Node_27,Node_2457,5767
5768,Node_2458,Node_284,5768
5769,Node_2126,Node_2458,5769
5770,Node_2459,Node_284,5770
5771,Node_487,Node_2459,5771
5772,Node_2460,Node_284,5772
5773,I2_0,Node_2460,5773
5774,Node_2461,OUT_COMM_0,5774
5775,OUT_COMM_1,Node_2461,5775
5776,Node_2462,Node_1344,5776
5777,I1_1,Node_2462,5777
5778,Node_2463,Node_2402,5778
5779,I3_0,Node_2463,5779
5780,Node_2464,Node_532,5780
5781,Node_1675,Node_2464,5781
5782,Node_2465,Node_487,5782
5783,Node_1573,Node_2465,5783
5784,Node_1932,OUT_COMM_STATE_0,5784
5785,Node_284,Node_1993,5785
5786,Node_27,Node_2443,5786
5787,OUT_COMM_STATE_0,Node_2365,5787
5788,I1_0,Node_2235,5788
5789,Node_2466,Node_532,5789
5790,Node_2365,Node_2466,5790
5791,Node_2467,Node_532,5791
5792,Node_2365,Node_2467,5792
5793,Node_2468,OUT_COMM_1,5793
5794,Node_284,Node_2468,5794
5795,Node_2469,Node_1834,5795
5796,I2_0,Node_2469,5796
5797,Node_2470,Node_2420,5797
5798,Node_487,Node_2470,5798
5799,Node_2471,Node_1675,5799
5800,Node_76,Node_2471,5800
5801,Node_2472,Node_979,5801
5802,I2_0,Node_2472,5802
5803,Node_2473,Node_1344,5803
5804,I1_1,Node_2473,5804
5805,Node_2474,Node_27,5805
5806,I3_0,Node_2474,5806
5807,Node_2475,Node_2230,5807
5808,Node_27,Node_2475,5808
5809,Node_2126,Node_1993,5809
5810,Node_2476,OUT_MOT_0,5810
5811,Node_2126,Node_2476,5811
5812,Node_2477,Node_1573,5812
5813,Node_1834,Node_2477,5813
5814,Node_2478,Node_284,5814
5815,Node_1919,Node_2478,5815
5816,Node_2479,Node_750,5816
5817,I2_0,Node_2479,5817
5818,Node_2480,Node_1020,5818
5819,Node_27,Node_2480,5819
5820,Node_2481,Node_1932,5820
5821,OUT_MOT_0,Node_2481,5821
5822,Node_2482,Node_1675,5822
5823,Node_1932,Node_2482,5823
5824,Node_2483,Node_284,5824
5825,I2_0,Node_2483,5825
5826,Node_2484,Node_2365,5826
5827,I1_1,Node_2484,5827
5828,Node_2351,Node_284,5828
5829,Node_2241,OUT_COMM_1,5829
5830,Node_2485,Node_284,5830
5831,Node_27,Node_2485,5831
5832,Node_2486,Node_2443,5832
5833,I3_0,Node_2486,5833
5834,Node_2420,OUT_COMM_1,5834
5835,I1_1,Node_2434,5835
5836,Node_1993,OUT_COMM_0,5836
5837,Node_1020,Node_1573,5837
5838,Node_1919,Node_1303,5838
5839,Node_2487,OUT_MOT_0,5839
5840,Node_284,Node_2487,5840
5841,Node_2488,Node_532,5841
5842,I1_1,Node_2488,5842
5843,Node_2489,OUT_COMM_STATE_0,5843
5844,I2_0,Node_2489,5844
5845,Node_2490,Node_532,5845
5846,I2_0,Node_2490,5846
5847,Node_2491,Node_27,5847
5848,I2_0,Node_2491,5848
5849,Node_2492,Node_1303,5849
5850,OUT_COMM_STATE_0,Node_2492,5850
5851,Node_2493,Node_532,5851
5852,Node_1932,Node_2493,5852
5853,Node_2494,Node_2365,5853
5854,I1_1,Node_2494,5854
5855,Node_487,Node_2126,5855
5856,Node_750,Node_1993,5856
5857,Node_2495,OUT_COMM_0,5857
5858,I1_1,Node_2495,5858
5859,Node_2496,Node_1993,5859
5860,Node_76,Node_2496,5860
5861,Node_2497,Node_1932,5861
5862,OUT_MOT_0,Node_2497,5862
5863,Node_2498,Node_494,5863
5864,Node_284,Node_2498,5864
5865,Node_2499,Node_532,5865
5866,Node_76,Node_2499,5866
5867,Node_2500,Node_494,5867
5868,Node_2420,Node_2500,5868
5869,Node_2501,OUT_MOT_0,5869
5870,I3_1,Node_2501,5870
5871,Node_2502,Node_284,5871
5872,Node_27,Node_2502,5872
5873,Node_2503,Node_27,5873
5874,Node_2443,Node_2503,5874
5875,Node_2504,OUT_MOT_0,5875
5876,Node_1932,Node_2504,5876
5877,Node_2505,Node_1834,5877
5878,I2_0,Node_2505,5878
5879,Node_1919,Node_1020,5879
5880,Node_750,Node_2126,5880
5881,Node_1932,Node_2445,5881
5882,OUT_COMM_STATE_0,Node_2351,5882
5883,Node_777,Node_2337,5883
5884,Node_2337,Node_27,5884
5885,Node_2506,Node_487,5885
5886,I3_1,Node_2506,5886
5887,Node_2507,Node_777,5887
5888,OUT_COMM_STATE_0,Node_2507,5888
5889,Node_2508,Node_1993,5889
5890,Node_27,Node_2508,5890
5891,Node_2509,Node_487,5891
5892,I3_1,Node_2509,5892
5893,Node_2510,Node_284,5893
5894,Node_1303,Node_2510,5894
5895,Node_2511,Node_777,5895
5896,Node_2235,Node_2511,5896
5897,Node_2512,OUT_COMM_0,5897
5898,Node_76,Node_2512,5898
5899,Node_2513,Node_1303,5899
5900,I2_0,Node_2513,5900
5901,Node_2514,OUT_MOT_0,5901
5902,I3_0,Node_2514,5902
5903,Node_2230,OUT_COMM_STATE_0,5903
5904,Node_1573,Node_2337,5904
5905,Node_1411,Node_1834,5905
5906,Node_1932,Node_1411,5906
5907,Node_1993,Node_284,5907
5908,Node_2337,Node_750,5908
5909,Node_2515,OUT_MOT_0,5909
5910,Node_284,Node_2515,5910
5911,Node_2516,Node_2351,5911
5912,Node_1993,Node_2516,5912
5913,Node_2517,OUT_COMM_STATE_0,5913
5914,I2_0,Node_2517,5914
5915,Node_2518,Node_1344,5915
5916,I1_1,Node_2518,5916
5917,Node_2519,Node_1344,5917
5918,I1_1,Node_2519,5918
5919,Node_2520,Node_1411,5919
5920,OUT_COMM_STATE_0,Node_2520,5920
5921,I3_1,Node_1919,5921
5922,Node_1411,Node_2230,5922
5923,Node_2521,Node_532,5923
5924,Node_2490,Node_2521,5924
5925,Node_2522,Node_532,5925
5926,Node_487,Node_2522,5926
5927,Node_2523,Node_27,5927
5928,Node_27,Node_2523,5928
5929,Node_2524,OUT_COMM_1,5929
5930,I2_0,Node_2524,5930
5931,Node_2525,Node_2126,5931
5932,Node_1919,Node_2525,5932
5933,Node_2526,Node_1303,5933
5934,OUT_COMM_STATE_0,Node_2526,5934
5935,Node_2527,OUT_MOT_0,5935
5936,Node_76,Node_2527,5936
5937,Node_2528,Node_2365,5937
5938,I1_1,Node_2528,5938
5939,Node_2529,Node_2337,5939
5940,Node_1993,Node_2529,5940
5941,Node_2530,Node_1573,5941
5942,I2_0,Node_2530,5942
5943,Node_2531,Node_2365,5943
5944,I1_1,Node_2531,5944
5945,Node_2532,OUT_MOT_0,5945
5946,Node_284,Node_2532,5946
5947,Node_1573,Node_532,5947
5948,Node_1834,OUT_COMM_STATE_0,5948
5949,Node_2533,Node_2365,5949
5950,OUT_COMM_STATE_0,Node_2533,5950
5951,Node_2534,OUT_COMM_1,5951
5952,Node_487,Node_2534,5952
5953,Node_2535,Node_76,5953
5954,I1_1,Node_2535,5954
5955,Node_2536,OUT_COMM_STATE_0,5955
5956,I2_0,Node_2536,5956
5957,Node_2537,OUT_MOT_0,5957
5958,OUT_MOT_0,Node_2537,5958
5959,Node_2538,OUT_COMM_0,5959
5960,Node_750,Node_2538,5960
5961,Node_2539,OUT_COMM_STATE_0,5961
5962,I2_0,Node_2539,5962
5963,Node_2540,Node_2365,5963
5964,OUT_COMM_STATE_0,Node_2540,5964
5965,Node_2541,OUT_COMM_0,5965
5966,Node_750,Node_2541,5966
5967,Node_2542,Node_1834,5967
5968,Node_1411,Node_2542,5968
5969,Node_2543,OUT_COMM_1,5969
5970,Node_487,Node_2543,5970
5971,Node_2490,Node_750,5971
5972,Node_2230,Node_1834,5972
5973,Node_2544,Node_2507,5973
5974,OUT_COMM_STATE_0,Node_2544,5974
5975,Node_2545,Node_750,5975
5976,OUT_COMM_1,Node_2545,5976
5977,Node_2546,Node_1993,5977
5978,Node_750,Node_2546,5978
5979,Node_2547,Node_1573,5979
5980,I3_0,Node_2547,5980
5981,Node_2548,OUT_COMM_1,5981
5982,I1_0,Node_2548,5982
5983,Node_2549,Node_2241,5983
5984,Node_76,Node_2549,5984
5985,Node_2550,Node_1834,5985
5986,I2_0,Node_2550,5986
5987,Node_2551,Node_750,5987
5988,I2_0,Node_2551,5988
5989,Node_2552,OUT_COMM_1,5989
5990,I1_0,Node_2552,5990
5991,Node_2126,OUT_COMM_STATE_0,5991
5992,Node_2126,OUT_COMM_1,5992
5993,Node_1993,Node_487,5993
5994,Node_2490,Node_1932,5994
5995,I2_1,Node_1834,5995
5996,Node_2553,Node_1303,5996
5997,OUT_COMM_STATE_0,Node_2553,5997
5998,Node_2554,Node_2230,5998
5999,Node_27,Node_2554,5999
6000,Node_2555,Node_532,6000
6001,Node_1675,Node_2555,6001
6002,Node_2556,Node_532,6002
6003,Node_487,Node_2556,6003
6004,Node_1919,Node_532,6004
6005,Node_1993,Node_27,6005
6006,Node_521,Node_1993,6006
6007,Node_2557,Node_494,6007
6008,Node_284,Node_2557,6008
6009,Node_2558,Node_487,6009
6010,I3_1,Node_2558,6010
6011,Node_2559,Node_532,6011
6012,Node_2337,Node_2559,6012
6013,Node_2560,Node_750,6013
6014,OUT_COMM_1,Node_2560,6014
6015,Node_2561,Node_1344,6015
6016,I1_1,Node_2561,6016
6017,Node_2562,Node_1834,6017
6018,I2_0,Node_2562,6018
6019,Node_2563,Node_1932,6019
6020,OUT_MOT_0,Node_2563,6020
6021,Node_2351,Node_2351,6021
6022,Node_1919,Node_1344,6022
6023,Node_2564,Node_284,6023
6024,Node_750,Node_2564,6024
6025,Node_2565,Node_2126,6025
6026,Node_1919,Node_2565,6026
6027,Node_2566,Node_284,6027
6028,Node_750,Node_2566,6028
6029,Node_2567,Node_27,6029
6030,I2_0,Node_2567,6030
6031,Node_2568,Node_1303,6031
6032,Node_1344,Node_2568,6032
6033,Node_2569,Node_777,6033
6034,Node_2235,Node_2569,6034
6035,Node_1411,Node_1919,6035
6036,Node_2230,Node_1303,6036
6037,OUT_COMM_STATE_0,Node_2126,6037
6038,Node_2490,Node_76,6038
6039,Node_2420,Node_1411,6039
6040,Node_2570,Node_1344,6040
6041,OUT_COMM_STATE_0,Node_2570,6041
6042,Node_2571,Node_777,6042
6043,I1_1,Node_2571,6043
6044,Node_2572,OUT_MOT_0,6044
6045,OUT_MOT_0,Node_2572,6045
6046,Node_2573,Node_284,6046
6047,OUT_COMM_STATE_0,Node_2573,6047
6048,Node_2574,Node_1411,6048
6049,I3_1,Node_2574,6049
6050,Node_2575,Node_76,6050
6051,Node_532,Node_2575,6051
6052,Node_2576,Node_27,6052
6053,Node_2230,Node_2576,6053
6054,Node_2577,Node_532,6054
6055,Node_1932,Node_2577,6055
6056,Node_2578,Node_979,6056
6057,I2_0,Node_2578,6057
6058,Node_2579,Node_1993,6058
6059,Node_76,Node_2579,6059
6060,Node_2580,Node_284,6060
6061,Node_1919,Node_2580,6061
6062,Node_1573,Node_2351,6062
6063,Node_2365,Node_2365,6063
6064,Node_2568,Node_1573,6064
6065,Node_1344,Node_2490,6065
6066,Node_2351,Node_1932,6066
6067,Node_1573,Node_2126,6067
6068,Node_2581,Node_777,6068
6069,I1_1,Node_2581,6069
6070,Node_2582,Node_2351,6070
6071,Node_1993,Node_2582,6071
6072,Node_2583,OUT_COMM_0,6072
6073,Node_750,Node_2583,6073
6074,Node_2584,Node_1675,6074
6075,Node_1932,Node_2584,6075
6076,Node_2585,Node_979,6076
6077,I2_0,Node_2585,6077
6078,Node_2586,Node_1344,6078
6079,OUT_COMM_STATE_0,Node_2586,6079
6080,Node_2587,Node_1573,6080
6081,Node_1834,Node_2587,6081
6082,Node_2241,Node_284,6082
6083,Node_1303,Node_777,6083
6084,Node_2126,Node_1411,6084
6085,Node_2588,OUT_MOT_0,6085
6086,Node_1020,Node_2588,6086
6087,Node_2589,OUT_COMM_1,6087
6088,Node_521,Node_2589,6088
6089,Node_2590,OUT_COMM_0,6089
6090,Node_76,Node_2590,6090
6091,Node_2591,Node_521,6091
6092,I1_0,Node_2591,6092
6093,Node_2592,Node_284,6093
6094,Node_777,Node_2592,6094
6095,Node_2593,Node_2490,6095
6096,I2_0,Node_2593,6096
6097,Node_2594,Node_1344,6097
6098,OUT_COMM_STATE_0,Node_2594,6098
6099,Node_2351,Node_487,6099
6100,Node_521,Node_2490,6100
6101,Node_1020,Node_1993,6101
6102,Node_2351,Node_2235,6102
6103,Node_2420,Node_76,6103
6104,Node_2595,OUT_MOT_0,6104
6105,I3_1,Node_2595,6105
6106,Node_2596,Node_532,6106
6107,Node_1411,Node_2596,6107
6108,Node_2597,OUT_MOT_0,6108
6109,I3_0,Node_2597,6109
6110,Node_2598,Node_532,6110
6111,Node_2490,Node_2598,6111
6112,Node_2599,OUT_COMM_0,6112
6113,I1_0,Node_2599,6113
6114,Node_2600,OUT_COMM_1,6114
6115,Node_494,Node_2600,6115
6116,Node_2601,OUT_MOT_0,6116
6117,Node_27,Node_2601,6117
6118,Node_2602,OUT_MOT_0,6118
6119,OUT_MOT_0,Node_2602,6119
6120,Node_2603,Node_76,6120
6121,I1_1,Node_2603,6121
6122,Node_2604,Node_750,6122
6123,OUT_COMM_1,Node_2604,6123
6124,Node_2605,Node_27,6124
6125,I2_0,Node_2605,6125
6126,Node_2606,Node_1303,6126
6127,Node_1344,Node_2606,6127
6128,Node_2607,Node_1303,6128
6129,OUT_COMM_STATE_0,Node_2607,6129
6130,Node_777,Node_2235,6130
6131,Node_2126,Node_1932,6131
6132,Node_2490,Node_2566,6132
6133,Node_487,Node_1919,6133
6134,OUT_MOT_0,Node_2365,6134
6135,OUT_MOT_0,Node_2351,6135
6136,Node_2608,OUT_COMM_STATE_0,6136
6137,I2_0,Node_2608,6137
6138,Node_2609,Node_1020,6138
6139,Node_27,Node_2609,6139
6140,Node_2610,Node_1993,6140
6141,Node_750,Node_2610,6141
6142,Node_2611,Node_1675,6142
6143,Node_2241,Node_2611,6143
6144,Node_2612,OUT_COMM_1,6144
6145,Node_521,Node_2612,6145
6146,Node_2613,Node_1919,6146
6147,Node_777,Node_2613,6147
6148,Node_2614,Node_2581,6148
6149,I1_1,Node_2614,6149
6150,Node_2615,Node_494,6150
6151,Node_1344,Node_2615,6151
6152,Node_2616,OUT_COMM_1,6152
6153,I1_1,Node_2616,6153
6154,Node_2617,Node_532,6154
6155,Node_2490,Node_2617,6155
6156,Node_532,Node_1303,6156
6157,I3_0,Node_1020,6157
6158,Node_1834,Node_2126,6158
6159,Node_2126,Node_1020,6159
6160,Node_750,Node_2420,6160
6161,Node_2618,Node_532,6161
6162,Node_487,Node_2618,6162
6163,Node_2619,Node_1919,6163
6164,Node_777,Node_2619,6164
6165,Node_2620,Node_494,6165
6166,Node_2420,Node_2620,6166
6167,Node_2621,Node_27,6167
6168,Node_979,Node_2621,6168
6169,Node_2622,OUT_MOT_0,6169
6170,OUT_MOT_0,Node_2622,6170
6171,Node_2623,OUT_COMM_0,6171
6172,Node_76,Node_2623,6172
6173,I1_0,Node_1675,6173
6174,Node_1675,Node_1573,6174
6175,I3_0,Node_2126,6175
6176,Node_2624,OUT_COMM_1,6176
6177,Node_521,Node_2624,6177
6178,Node_2625,Node_777,6178
6179,OUT_COMM_STATE_0,Node_2625,6179
6180,Node_2626,Node_1932,6180
6181,OUT_MOT_0,Node_2626,6181
6182,Node_2627,OUT_COMM_1,6182
6183,Node_777,Node_2627,6183
6184,Node_2628,Node_532,6184
6185,Node_2337,Node_2628,6185
6186,Node_2629,Node_2126,6186
6187,Node_1919,Node_2629,6187
6188,OUT_COMM_STATE_0,Node_2337,6188
6189,Node_979,Node_2581,6189
6190,Node_2420,OUT_MOT_0,6190
6191,Node_750,Node_1675,6191
6192,Node_2630,OUT_COMM_0,6192
6193,Node_76,Node_2630,6193
6194,Node_2631,Node_76,6194
6195,I1_1,Node_2631,6195
6196,Node_2632,OUT_COMM_0,6196
6197,Node_750,Node_2632,6197
6198,Node_2633,Node_1411,6198
6199,I3_1,Node_2633,6199
6200,Node_2634,Node_777,6200
6201,Node_1919,Node_2634,6201
6202,Node_2635,Node_2365,6202
6203,OUT_COMM_STATE_0,Node_2635,6203
6204,Node_2636,Node_284,6204
6205,Node_487,Node_2636,6205
6206,Node_2637,Node_284,6206
6207,I2_0,Node_2637,6207
6208,Node_2638,OUT_COMM_1,6208
6209,Node_494,Node_2638,6209
6210,Node_2639,Node_494,6210
6211,Node_1344,Node_2639,6211
6212,Node_2490,Node_2126,6212
6213,Node_2640,Node_2566,6213
6214,Node_750,Node_2640,6214
6215,Node_2641,Node_284,6215
6216,Node_487,Node_2641,6216
6217,Node_2642,Node_1573,6217
6218,Node_1834,Node_2642,6218
6219,Node_532,Node_2351,6219
6220,Node_1834,OUT_COMM_1,6220
6221,Node_27,Node_2235,6221
6222,I1_1,Node_2420,6222
6223,Node_1993,OUT_MOT_0,6223
6224,Node_2643,OUT_COMM_0,6224
6225,Node_750,Node_2643,6225
6226,Node_2644,OUT_COMM_0,6226
6227,Node_750,Node_2644,6227
6228,Node_2645,Node_2230,6228
6229,Node_27,Node_2645,6229
6230,Node_2646,Node_76,6230
6231,Node_532,Node_2646,6231
6232,Node_2647,Node_1834,6232
6233,I2_0,Node_2647,6233
6234,Node_2648,OUT_MOT_0,6234
6235,Node_1020,Node_2648,6235
6236,Node_2649,Node_777,6236
6237,I1_0,Node_2649,6237
6238,Node_2650,Node_2490,6238
6239,I2_0,Node_2650,6239
6240,Node_1993,Node_979,6240
6241,Node_2607,Node_532,6241
6242,Node_2607,Node_2337,6242
6243,Node_1675,Node_27,6243
6244,Node_979,Node_2235,6244
6245,Node_2351,Node_2230,6245
6246,Node_2651,Node_284,6246
6247,Node_1919,Node_2651,6247
6248,Node_2652,OUT_COMM_1,6248
6249,Node_494,Node_2652,6249
6250,Node_2653,Node_2581,6250
6251,I1_1,Node_2653,6251
6252,Node_2654,Node_27,6252
6253,I3_0,Node_2654,6253
6254,Node_2655,Node_2126,6254
6255,Node_1919,Node_2655,6255
6256,Node_2656,Node_2241,6256
6257,Node_76,Node_2656,6257
6258,Node_2657,Node_2230,6258
6259,Node_27,Node_2657,6259
6260,Node_2658,Node_487,6260
6261,Node_1573,Node_2658,6261
6262,Node_2659,Node_487,6262
6263,Node_1411,Node_2659,6263
6264,Node_2230,Node_750,6264
6265,OUT_COMM_0,Node_2490,6265
6266,Node_2660,OUT_MOT_0,6266
6267,I3_1,Node_2660,6267
6268,Node_2661,OUT_MOT_0,6268
6269,Node_284,Node_2661,6269
6270,Node_2662,OUT_MOT_0,6270
6271,Node_284,Node_2662,6271
6272,Node_2663,Node_1344,6272
6273,Node_979,Node_2663,6273
6274,Node_2664,Node_1303,6274
6275,Node_1344,Node_2664,6275
6276,Node_2665,Node_532,6276
6277,Node_2351,Node_2665,6277
6278,Node_2666,OUT_MOT_0,6278
6279,I3_0,Node_2666,6279
6280,Node_2648,Node_27,6280
6281,I3_0,Node_1993,6281
6282,Node_2618,Node_494,6282
6283,Node_2667,Node_1993,6283
6284,Node_76,Node_2667,6284
6285,Node_2668,Node_532,6285
6286,Node_1993,Node_2668,6286
6287,Node_2669,Node_532,6287
6288,Node_2351,Node_2669,6288
6289,Node_2670,OUT_COMM_0,6289
6290,OUT_COMM_1,Node_2670,6290
6291,Node_2671,OUT_COMM_1,6291
6292,I1_0,Node_2671,6292
6293,Node_2672,Node_532,6293
6294,Node_76,Node_2672,6294
6295,Node_2673,Node_532,6295
6296,I1_1,Node_2673,6296
6297,Node_2674,Node_284,6297
6298,Node_27,Node_2674,6298
6299,Node_2675,OUT_MOT_0,6299
6300,I3_0,Node_2675,6300
6301,Node_2676,OUT_COMM_1,6301
6302,I1_0,Node_2676,6302
6303,OUT_COMM_1,Node_1675,6303
6304,Node_2126,Node_2568,6304
6305,Node_2490,OUT_COMM_1,6305
6306,Node_2677,OUT_MOT_0,6306
6307,OUT_MOT_0,Node_2677,6307
6308,Node_2678,OUT_COMM_0,6308
6309,OUT_COMM_1,Node_2678,6309
6310,Node_2679,Node_2241,6310
6311,Node_76,Node_2679,6311
6312,Node_2680,Node_777,6312
6313,I1_1,Node_2680,6313
6314,Node_2681,Node_2365,6314
6315,OUT_COMM_STATE_0,Node_2681,6315
6316,Node_2682,OUT_COMM_0,6316
6317,I1_1,Node_2682,6317
6318,Node_2683,Node_777,6318
6319,OUT_COMM_STATE_0,Node_2683,6319
6320,Node_2684,OUT_COMM_0,6320
6321,Node_1411,Node_2684,6321
6322,Node_1919,Node_2568,6322
6323,OUT_MOT_0,Node_2230,6323
6324,I2_1,Node_2581,6324
6325,I2_1,Node_1932,6325
6326,Node_494,Node_1919,6326
6327,Node_487,Node_1573,6327
6328,Node_2581,OUT_MOT_0,6328
6329,Node_2685,Node_777,6329
6330,Node_2581,Node_2685,6330
6331,Node_2686,Node_750,6331
6332,Node_487,Node_2686,6332
6333,Node_2687,Node_532,6333
6334,Node_2337,Node_2687,6334
6335,Node_2688,OUT_COMM_0,6335
6336,I1_1,Node_2688,6336
6337,Node_2689,OUT_COMM_0,6337
6338,OUT_COMM_STATE_0,Node_2689,6338
6339,Node_2690,Node_487,6339
6340,I2_0,Node_2690,6340
6341,Node_2691,Node_284,6341
6342,I2_0,Node_2691,6342
6343,Node_2692,Node_284,6343
6344,OUT_MOT_0,Node_2692,6344
6345,Node_494,Node_1573,6345
6346,Node_2693,Node_1573,6346
6347,Node_532,Node_2693,6347
6348,Node_2694,Node_979,6348
6349,I2_0,Node_2694,6349
6350,Node_2695,Node_1020,6350
6351,Node_27,Node_2695,6351
6352,Node_2696,OUT_MOT_0,6352
6353,Node_76,Node_2696,6353
6354,Node_2697,Node_532,6354
6355,Node_2351,Node_2697,6355
6356,Node_2698,Node_2365,6356
6357,I1_1,Node_2698,6357
6358,Node_2699,Node_2581,6358
6359,I1_1,Node_2699,6359
6360,Node_2700,OUT_COMM_0,6360
6361,OUT_COMM_STATE_0,Node_2700,6361
6362,Node_2701,Node_532,6362
6363,Node_2351,Node_2701,6363
6364,Node_284,Node_2241,6364
6365,Node_1344,Node_284,6365
6366,Node_2235,Node_532,6366
6367,Node_1919,Node_1675,6367
6368,Node_2702,OUT_MOT_0,6368
6369,OUT_MOT_0,Node_2702,6369
6370,Node_2703,Node_2490,6370
6371,I2_0,Node_2703,6371
6372,Node_2704,Node_532,6372
6373,Node_487,Node_2704,6373
6374,Node_2705,OUT_COMM_STATE_0,6374
6375,I2_0,Node_2705,6375
6376,Node_2706,OUT_COMM_STATE_0,6376
6377,I2_1,Node_2706,6377
6378,Node_2707,Node_1573,6378
6379,I3_0,Node_2707,6379
6380,Node_2708,Node_76,6380
6381,Node_2420,Node_2708,6381
6382,Node_2709,Node_27,6382
6383,Node_27,Node_2709,6383
6384,Node_2710,Node_2581,6384
6385,I1_1,Node_2710,6385
6386,Node_2711,Node_777,6386
6387,I1_0,Node_2711,6387
6388,Node_2712,Node_494,6388
6389,Node_487,Node_2712,6389
6390,Node_2713,OUT_COMM_0,6390
6391,OUT_COMM_1,Node_2713,6391
6392,Node_2714,Node_284,6392
6393,Node_750,Node_2714,6393
6394,Node_2707,Node_1932,6394
6395,Node_532,Node_1675,6395
6396,Node_2712,Node_1344,6396
6397,I3_1,Node_2365,6397
6398,Node_2715,Node_284,6398
6399,Node_1919,Node_2715,6399
6400,Node_2716,Node_532,6400
6401,Node_76,Node_2716,6401
6402,Node_2717,Node_1573,6402
6403,I3_0,Node_2717,6403
6404,Node_2718,Node_2420,6404
6405,Node_487,Node_2718,6405
6406,Node_2719,OUT_MOT_0,6406
6407,Node_27,Node_2719,6407
6408,Node_2720,Node_532,6408
6409,Node_2490,Node_2720,6409
6410,Node_2721,Node_532,6410
6411,Node_1932,Node_2721,6411
6412,Node_2722,Node_1675,6412
6413,Node_1932,Node_2722,6413
6414,Node_2723,Node_532,6414
6415,Node_2365,Node_2723,6415
6416,Node_2724,Node_1020,6416
6417,Node_27,Node_2724,6417
6418,Node_1919,Node_1411,6418
6419,Node_1411,Node_2420,6419
6420,I1_1,Node_1675,6420
6421,Node_2725,OUT_MOT_0,6421
6422,Node_27,Node_2725,6422
6423,Node_2726,OUT_MOT_0,6423
6424,I3_0,Node_2726,6424
6425,Node_2727,Node_284,6425
6426,OUT_MOT_0,Node_2727,6426
6427,Node_2728,OUT_MOT_0,6427
6428,Node_284,Node_2728,6428
6429,Node_2729,OUT_COMM_STATE_0,6429
6430,I2_1,Node_2729,6430
6431,Node_2730,Node_487,6431
6432,I2_0,Node_2730,6432
6433,Node_2731,Node_284,6433
6434,Node_777,Node_2731,6434
6435,Node_2732,Node_532,6435
6436,Node_2365,Node_2732,6436
6437,OUT_COMM_STATE_0,Node_1932,6437
6438,Node_1020,Node_2337,6438
6439,Node_2365,Node_2337,6439
6440,Node_284,Node_2420,6440
6441,Node_521,Node_2351,6441
6442,Node_2733,Node_2235,6442
6443,I3_0,Node_2733,6443
6444,Node_2734,Node_2241,6444
6445,Node_76,Node_2734,6445
6446,Node_2735,Node_1675,6446
6447,Node_76,Node_2735,6447
6448,Node_2736,Node_284,6448
6449,Node_2126,Node_2736,6449
6450,Node_2737,Node_2337,6450
6451,Node_1993,Node_2737,6451
6452,Node_2738,OUT_COMM_1,6452
6453,Node_487,Node_2738,6453
6454,Node_2739,OUT_COMM_1,6454
6455,Node_494,Node_2739,6455
6456,Node_2740,Node_777,6456
6457,Node_2235,Node_2740,6457
6458,Node_2741,OUT_COMM_1,6458
6459,I2_0,Node_2741,6459
6460,Node_2742,Node_532,6460
6461,Node_2365,Node_2742,6461
6462,Node_2743,OUT_COMM_0,6462
6463,Node_1411,Node_2743,6463
6464,Node_2744,Node_1919,6464
6465,Node_777,Node_2744,6465
6466,Node_2745,Node_750,6466
6467,OUT_COMM_1,Node_2745,6467
6468,I2_0,Node_2420,6468
6469,Node_2746,Node_532,6469
6470,Node_1675,Node_2746,6470
6471,Node_2747,Node_284,6471
6472,Node_27,Node_2747,6472
6473,Node_2748,Node_1020,6473
6474,Node_27,Node_2748,6474
6475,Node_2749,Node_284,6475
6476,I2_0,Node_2749,6476
6477,Node_2750,OUT_MOT_0,6477
6478,I3_0,Node_2750,6478
6479,Node_2751,Node_532,6479
6480,Node_2365,Node_2751,6480
6481,Node_2752,Node_76,6481
6482,Node_494,Node_2752,6482
6483,I1_1,Node_2126,6483
6484,Node_1993,Node_2581,6484
6485,Node_2753,Node_27,6485
6486,I3_0,Node_2753,6486
6487,Node_2754,Node_76,6487
6488,Node_532,Node_2754,6488
6489,Node_2755,Node_1573,6489
6490,Node_532,Node_2755,6490
6491,Node_2756,Node_532,6491
6492,Node_1411,Node_2756,6492
6493,Node_2757,Node_494,6493
6494,Node_1344,Node_2757,6494
6495,Node_2758,OUT_MOT_0,6495
6496,I3_0,Node_2758,6496
6497,Node_2759,Node_777,6497
6498,Node_2581,Node_2759,6498
6499,I1_0,Node_2732,6499
6500,Node_1993,Node_2365,6500
6501,Node_1834,Node_2420,6501
6502,Node_2230,Node_1993,6502
6503,Node_979,Node_2365,6503
6504,Node_2760,Node_284,6504
6505,I2_0,Node_2760,6505
6506,Node_2761,Node_487,6506
6507,Node_1573,Node_2761,6507
6508,Node_2762,Node_777,6508
6509,I1_0,Node_2762,6509
6510,Node_2763,Node_27,6510
6511,Node_27,Node_2763,6511
6512,Node_2764,Node_487,6512
6513,I2_0,Node_2764,6513
6514,I1_0,Node_1993,6514
6515,Node_1993,Node_1344,6515
6516,Node_2581,Node_487,6516
6517,Node_2765,Node_284,6517
6518,I2_0,Node_2765,6518
6519,Node_2766,Node_487,6519
6520,Node_750,Node_2766,6520
6521,Node_2767,Node_76,6521
6522,Node_2420,Node_2767,6522
6523,Node_2768,Node_532,6523
6524,Node_1932,Node_2768,6524
6525,Node_2769,OUT_MOT_0,6525
6526,OUT_MOT_0,Node_2769,6526
6527,Node_2770,Node_532,6527
6528,Node_1993,Node_2770,6528
6529,Node_2771,Node_1344,6529
6530,I1_1,Node_2771,6530
6531,Node_2772,Node_2126,6531
6532,I3_0,Node_2772,6532
6533,Node_2773,Node_532,6533
6534,Node_1993,Node_2773,6534
6535,Node_2774,Node_1932,6535
6536,OUT_MOT_0,Node_2774,6536
6537,Node_2775,Node_284,6537
6538,I2_0,Node_2775,6538
6539,Node_2776,Node_532,6539
6540,Node_1344,Node_2776,6540
6541,Node_2777,Node_494,6541
6542,Node_1344,Node_2777,6542
6543,Node_2778,Node_494,6543
6544,Node_487,Node_2778,6544
6545,Node_1993,Node_2126,6545
6546,OUT_COMM_STATE_0,Node_2746,6546
6547,Node_1834,Node_1834,6547
6548,Node_2420,Node_1993,6548
6549,I2_0,Node_2365,6549
6550,Node_2779,Node_2235,6550
6551,I1_1,Node_2779,6551
6552,Node_2780,Node_487,6552
6553,Node_750,Node_2780,6553
6554,Node_2781,Node_2126,6554
6555,Node_1919,Node_2781,6555
6556,Node_2782,Node_76,6556
6557,I1_1,Node_2782,6557
6558,Node_2783,Node_494,6558
6559,Node_2420,Node_2783,6559
6560,Node_2784,OUT_COMM_1,6560
6561,I1_0,Node_2784,6561
6562,Node_2785,OUT_COMM_0,6562
6563,Node_750,Node_2785,6563
6564,Node_2786,Node_532,6564
6565,Node_1344,Node_2786,6565
6566,Node_2787,Node_284,6566
6567,OUT_MOT_0,Node_2787,6567
6568,OUT_COMM_STATE_0,Node_1573,6568
6569,Node_1344,Node_979,6569
6570,Node_2788,Node_487,6570
6571,Node_750,Node_2788,6571
6572,Node_2789,OUT_MOT_0,6572
6573,OUT_MOT_0,Node_2789,6573
6574,Node_2790,Node_1020,6574
6575,Node_27,Node_2790,6575
6576,Node_2791,OUT_MOT_0,6576
6577,Node_27,Node_2791,6577
6578,Node_2792,Node_1573,6578
6579,Node_1834,Node_2792,6579
6580,Node_2793,OUT_MOT_0,6580
6581,I3_0,Node_2793,6581
6582,Node_2794,Node_532,6582
6583,Node_2337,Node_2794,6583
6584,Node_2795,Node_777,6584
6585,Node_2581,Node_2795,6585
6586,Node_2796,Node_2365,6586
6587,Node_487,Node_2796,6587
6588,Node_27,Node_2420,6588
6589,Node_521,Node_2337,6589
6590,I3_0,Node_2337,6590
6591,Node_1932,Node_2365,6591
6592,Node_2797,OUT_MOT_0,6592
6593,OUT_MOT_0,Node_2797,6593
6594,Node_2798,Node_521,6594
6595,Node_1919,Node_2798,6595
6596,Node_2799,Node_2126,6596
6597,Node_1919,Node_2799,6597
6598,Node_2800,Node_284,6598
6599,Node_27,Node_2800,6599
6600,Node_2801,Node_284,6600
6601,I2_0,Node_2801,6601
6602,Node_2802,OUT_COMM_1,6602
6603,Node_494,Node_2802,6603
6604,Node_2803,Node_1344,6604
6605,I1_1,Node_2803,6605
6606,Node_2804,OUT_COMM_0,6606
6607,OUT_COMM_1,Node_2804,6607
6608,Node_2420,Node_1919,6608
6609,Node_1834,Node_979,6609
6610,Node_2365,OUT_COMM_STATE_0,6610
6611,Node_2581,Node_2365,6611
6612,Node_2805,Node_2581,6612
6613,I1_1,Node_2805,6613
6614,Node_2806,Node_1573,6614
6615,I3_0,Node_2806,6615
6616,Node_2807,Node_532,6616
6617,Node_1932,Node_2807,6617
6618,Node_2808,Node_532,6618
6619,Node_2490,Node_2808,6619
6620,Node_2809,Node_487,6620
6621,Node_1573,Node_2809,6621
6622,Node_2810,Node_1919,6622
6623,Node_777,Node_2810,6623
6624,Node_2811,Node_1020,6624
6625,Node_27,Node_2811,6625
6626,Node_2812,Node_487,6626
6627,Node_1573,Node_2812,6627
6628,Node_2813,OUT_MOT_0,6628
6629,Node_76,Node_2813,6629
6630,Node_2814,Node_494,6630
6631,Node_1344,Node_2814,6631
6632,Node_2815,Node_284,6632
6633,Node_2126,Node_2815,6633
6634,Node_750,Node_2365,6634
6635,OUT_COMM_STATE_0,Node_1919,6635
6636,Node_1919,Node_2365,6636
6637,Node_2816,Node_1573,6637
6638,I3_0,Node_2816,6638
6639,Node_2817,Node_2420,6639
6640,Node_487,Node_2817,6640
6641,Node_2818,Node_1573,6641
6642,Node_1834,Node_2818,6642
6643,Node_2819,Node_2786,6643
6644,Node_1344,Node_2819,6644
6645,Node_2820,Node_532,6645
6646,Node_2337,Node_2820,6646
6647,Node_2821,OUT_COMM_0,6647
6648,Node_750,Node_2821,6648
6649,Node_2822,Node_27,6649
6650,I3_0,Node_2822,6650
6651,Node_2823,Node_2126,6651
6652,Node_1919,Node_2823,6652
6653,Node_2824,Node_2365,6653
6654,I1_1,Node_2824,6654
6655,Node_979,Node_1919,6655
6656,Node_2420,Node_2420,6656
6657,Node_2825,OUT_COMM_0,6657
6658,I1_0,Node_2825,6658
6659,Node_2826,Node_1573,6659
6660,Node_532,Node_2826,6660
6661,Node_2827,Node_777,6661
6662,Node_2581,Node_2827,6662
6663,Node_2828,Node_487,6663
6664,I2_0,Node_2828,6664
6665,Node_2829,Node_2365,6665
6666,Node_487,Node_2829,6666
6667,Node_2830,OUT_COMM_0,6667
6668,Node_76,Node_2830,6668
6669,Node_2831,Node_1344,6669
6670,Node_979,Node_2831,6670
6671,Node_2832,Node_2365,6671
6672,I1_1,Node_2832,6672
6673,Node_2833,Node_1020,6673
6674,Node_27,Node_2833,6674
6675,Node_2834,OUT_COMM_1,6675
6676,I1_0,Node_2834,6676
6677,Node_2835,Node_284,6677
6678,Node_27,Node_2835,6678
6679,Node_1993,Node_521,6679
6680,Node_1993,Node_1411,6680
6681,Node_1344,Node_2420,6681
6682,Node_2365,Node_2420,6682
6683,Node_2836,Node_979,6683
6684,I2_0,Node_2836,6684
6685,Node_2837,Node_1303,6685
6686,I2_0,Node_2837,6686
6687,Node_2838,Node_487,6687
6688,I3_1,Node_2838,6688
6689,Node_2839,Node_284,6689
6690,Node_27,Node_2839,6690
6691,Node_2840,Node_750,6691
6692,I2_0,Node_2840,6692
6693,Node_2841,Node_76,6693
6694,I2_1,Node_2841,6694
6695,Node_2842,OUT_COMM_0,6695
6696,OUT_COMM_1,Node_2842,6696
6697,Node_2843,Node_1993,6697
6698,Node_76,Node_2843,6698
6699,Node_2844,Node_532,6699
6700,Node_2365,Node_2844,6700
6701,Node_1303,Node_2581,6701
6702,Node_2581,Node_1344,6702
6703,Node_2845,OUT_MOT_0,6703
6704,I3_1,Node_2845,6704
6705,Node_2846,Node_532,6705
6706,Node_1993,Node_2846,6706
6707,Node_2847,Node_494,6707
6708,Node_1344,Node_2847,6708
6709,Node_2848,Node_284,6709
6710,I2_0,Node_2848,6710
6711,Node_2849,Node_2337,6711
6712,Node_1993,Node_2849,6712
6713,Node_2850,OUT_COMM_0,6713
6714,Node_750,Node_2850,6714
6715,Node_2851,OUT_MOT_0,6715
6716,OUT_MOT_0,Node_2851,6716
6717,Node_2852,OUT_MOT_0,6717
6718,OUT_MOT_0,Node_2852,6718
6719,OUT_MOT_0,Node_2337,6719
6720,Node_1344,Node_2337,6720
6721,Node_2853,OUT_MOT_0,6721
6722,I3_0,Node_2853,6722
6723,Node_2854,Node_2337,6723
6724,Node_1993,Node_2854,6724
6725,Node_2855,Node_284,6725
6726,OUT_MOT_0,Node_2855,6726
6727,Node_2856,Node_284,6727
6728,Node_1919,Node_2856,6728
6729,Node_2857,Node_1919,6729
6730,Node_979,Node_2857,6730
6731,Node_2778,Node_1932,6731
6732,Node_284,Node_2337,6732
6733,Node_2420,OUT_COMM_0,6733
6734,Node_2858,OUT_COMM_0,6734
6735,Node_76,Node_2858,6735
6736,Node_2859,Node_777,6736
6737,I1_0,Node_2859,6737
6738,Node_2860,Node_284,6738
6739,Node_1303,Node_2860,6739
6740,Node_2861,Node_1573,6740
6741,I3_0,Node_2861,6741
6742,Node_2862,OUT_COMM_1,6742
6743,I1_0,Node_2862,6743
6744,Node_2863,Node_1573,6744
6745,Node_1834,Node_2863,6745
6746,Node_2864,OUT_COMM_1,6746
6747,Node_487,Node_2864,6747
6748,Node_2865,OUT_MOT_0,6748
6749,Node_284,Node_2865,6749
6750,Node_2866,Node_284,6750
6751,Node_487,Node_2866,6751
6752,Node_1834,Node_1675,6752
6753,Node_2778,Node_532,6753
6754,Node_2823,Node_27,6754
6755,Node_2365,Node_1932,6755
6756,I3_0,Node_2823,6756
6757,Node_2420,Node_2823,6757
6758,Node_76,Node_1919,6758
6759,Node_2867,Node_494,6759
6760,Node_2778,Node_2867,6760
6761,Node_2868,Node_1303,6761
6762,OUT_COMM_STATE_0,Node_2868,6762
6763,Node_2869,Node_777,6763
6764,OUT_COMM_STATE_0,Node_2869,6764
6765,Node_2870,OUT_COMM_0,6765
6766,I1_1,Node_2870,6766
6767,Node_2871,Node_1834,6767
6768,I2_0,Node_2871,6768
6769,Node_2872,Node_2365,6769
6770,OUT_COMM_STATE_0,Node_2872,6770
6771,Node_2873,Node_2823,6771
6772,Node_1919,Node_2873,6772
6773,Node_2874,OUT_COMM_0,6773
6774,OUT_COMM_1,Node_2874,6774
6775,Node_2875,Node_777,6775
6776,Node_2581,Node_2875,6776
6777,Node_27,Node_2581,6777
6778,Node_2365,Node_487,6778
6779,Node_1675,Node_2337,6779
6780,Node_2876,OUT_COMM_0,6780
6781,Node_76,Node_2876,6781
6782,Node_2877,Node_532,6782
6783,Node_1932,Node_2877,6783
6784,Node_2878,OUT_COMM_STATE_0,6784
6785,I2_0,Node_2878,6785
6786,Node_2879,OUT_COMM_1,6786
6787,Node_494,Node_2879,6787
6788,Node_2880,Node_777,6788
6789,I1_0,Node_2880,6789
6790,Node_2881,Node_777,6790
6791,Node_2581,Node_2881,6791
6792,Node_2882,Node_494,6792
6793,Node_2420,Node_2882,6793
6794,Node_2883,OUT_COMM_1,6794
6795,Node_487,Node_2883,6795
6796,Node_2884,OUT_COMM_1,6796
6797,Node_487,Node_2884,6797
6798,Node_2885,Node_1303,6798
6799,I2_0,Node_2885,6799
6800,Node_2886,Node_532,6800
6801,Node_1993,Node_2886,6801
6802,Node_2887,OUT_COMM_1,6802
6803,I1_1,Node_2887,6803
6804,Node_2888,Node_2126,6804
6805,Node_1919,Node_2888,6805
6806,Node_2889,Node_2365,6806
6807,Node_487,Node_2889,6807
6808,Node_2890,Node_1573,6808
6809,I3_0,Node_2890,6809
6810,Node_2891,Node_284,6810
6811,Node_27,Node_2891,6811
6812,Node_2365,Node_284,6812
6813,Node_2892,OUT_COMM_STATE_0,6813
6814,I2_0,Node_2892,6814
6815,Node_2893,Node_1675,6815
6816,Node_76,Node_2893,6816
6817,Node_2894,Node_1411,6817
6818,OUT_COMM_STATE_0,Node_2894,6818
6819,Node_2895,Node_284,6819
6820,Node_27,Node_2895,6820
6821,Node_2896,Node_284,6821
6822,I2_0,Node_2896,6822
6823,Node_2897,Node_532,6823
6824,I1_1,Node_2897,6824
6825,Node_2898,OUT_COMM_0,6825
6826,I1_0,Node_2898,6826
6827,Node_1303,Node_2126,6827
6828,I3_0,Node_2420,6828
6829,Node_2899,OUT_COMM_1,6829
6830,I2_0,Node_2899,6830
6831,Node_2900,Node_1344,6831
6832,Node_979,Node_2900,6832
6833,Node_2901,Node_532,6833
6834,Node_487,Node_2901,6834
6835,Node_2902,Node_979,6835
6836,I2_0,Node_2902,6836
6837,Node_2903,OUT_COMM_0,6837
6838,Node_76,Node_2903,6838
6839,Node_2904,Node_532,6839
6840,OUT_COMM_STATE_0,Node_2904,6840
6841,Node_2905,OUT_COMM_STATE_0,6841
6842,I2_0,Node_2905,6842
6843,Node_2906,Node_532,6843
6844,Node_2337,Node_2906,6844
6845,Node_2907,Node_2581,6845
6846,I1_1,Node_2907,6846
6847,Node_2908,Node_27,6847
6848,I2_0,Node_2908,6848
6849,Node_2365,Node_1993,6849
6850,Node_1411,Node_2867,6850
6851,Node_2337,Node_1675,6851
6852,Node_1344,Node_2581,6852
6853,Node_1932,Node_2581,6853
6854,Node_1932,Node_1020,6854
6855,Node_2909,Node_750,6855
6856,Node_487,Node_2909,6856
6857,Node_2910,Node_777,6857
6858,Node_2581,Node_2910,6858
6859,Node_2911,Node_284,6859
6860,Node_1303,Node_2911,6860
6861,Node_2912,OUT_COMM_1,6861
6862,Node_521,Node_2912,6862
6863,Node_2913,OUT_COMM_0,6863
6864,Node_750,Node_2913,6864
6865,Node_2914,Node_27,6865
6866,Node_979,Node_2914,6866
6867,Node_2915,Node_284,6867
6868,I2_0,Node_2915,6868
6869,Node_2916,Node_1344,6869
6870,I1_1,Node_2916,6870
6871,Node_2917,Node_1344,6871
6872,Node_979,Node_2917,6872
6873,Node_2918,Node_494,6873
6874,Node_487,Node_2918,6874
6875,Node_2919,OUT_COMM_0,6875
6876,Node_76,Node_2919,6876
6877,Node_2920,Node_750,6877
6878,Node_487,Node_2920,6878
6879,Node_2921,OUT_MOT_0,6879
6880,Node_284,Node_2921,6880
6881,I1_1,Node_2337,6881
6882,Node_2581,Node_494,6882
6883,Node_2365,Node_76,6883
6884,OUT_COMM_1,Node_2337,6884
6885,I3_1,Node_1993,6885
6886,Node_2922,Node_532,6886
6887,Node_2365,Node_2922,6887
6888,Node_2923,Node_1573,6888
6889,Node_1834,Node_2923,6889
6890,Node_2924,OUT_COMM_STATE_0,6890
6891,I2_1,Node_2924,6891
6892,Node_2925,Node_284,6892
6893,Node_487,Node_2925,6893
6894,Node_2926,Node_1020,6894
6895,Node_27,Node_2926,6895
6896,Node_2927,Node_487,6896
6897,I2_0,Node_2927,6897
6898,Node_2928,Node_1303,6898
6899,OUT_COMM_STATE_0,Node_2928,6899
6900,Node_2929,Node_284,6900
6901,Node_27,Node_2929,6901
6902,Node_2930,Node_284,6902
6903,OUT_MOT_0,Node_2930,6903
6904,OUT_MOT_0,Node_2581,6904
6905,Node_2581,Node_2126,6905
6906,Node_2126,Node_494,6906
6907,Node_521,Node_2581,6907
6908,Node_2337,Node_1993,6908
6909,Node_1573,Node_1573,6909
6910,Node_1411,Node_2337,6910
6911,Node_76,Node_2581,6911
6912,Node_2931,Node_494,6912
6913,Node_2420,Node_2931,6913
6914,Node_2932,Node_27,6914
6915,Node_27,Node_2932,6915
6916,Node_2933,Node_1573,6916
6917,Node_1834,Node_2933,6917
6918,Node_2934,Node_777,6918
6919,OUT_COMM_STATE_0,Node_2934,6919
6920,Node_2935,Node_777,6920
6921,Node_2581,Node_2935,6921
6922,Node_284,Node_1919,6922
6923,Node_2365,Node_1675,6923
6924,Node_1993,Node_2420,6924
6925,Node_1411,Node_1303,6925
6926,Node_2420,Node_532,6926
6927,Node_2365,Node_777,6927
6928,Node_2936,Node_284,6928
6929,Node_777,Node_2936,6929
6930,Node_2937,OUT_MOT_0,6930
6931,Node_1020,Node_2937,6931
6932,Node_2938,Node_532,6932
6933,Node_2365,Node_2938,6933
6934,Node_2939,OUT_COMM_0,6934
6935,OUT_COMM_1,Node_2939,6935
6936,Node_2940,Node_2126,6936
6937,Node_1919,Node_2940,6937
6938,Node_2941,OUT_COMM_0,6938
6939,I2_0,Node_2941,6939
6940,Node_2942,OUT_MOT_0,6940
6941,Node_284,Node_2942,6941
6942,Node_532,Node_1834,6942
6943,Node_2365,Node_1834,6943
6944,OUT_COMM_1,Node_2778,6944
6945,Node_2898,Node_487,6945
6946,Node_1411,Node_2786,6946
6947,Node_777,Node_2420,6947
6948,Node_2943,OUT_COMM_1,6948
6949,I2_0,Node_2943,6949
6950,Node_2944,Node_1834,6950
6951,I2_0,Node_2944,6951
6952,Node_2945,Node_532,6952
6953,OUT_COMM_STATE_0,Node_2945,6953
6954,Node_2946,Node_1834,6954
6955,Node_1411,Node_2946,6955
6956,Node_2947,OUT_COMM_0,6956
6957,Node_2903,Node_2947,6957
6958,Node_2948,Node_284,6958
6959,I2_0,Node_2948,6959
6960,Node_2949,OUT_MOT_0,6960
6961,I3_1,Node_2949,6961
6962,Node_2950,OUT_COMM_STATE_0,6962
6963,I2_1,Node_2950,6963
6964,Node_2951,Node_2337,6964
6965,Node_1993,Node_2951,6965
6966,Node_2952,OUT_MOT_0,6966
6967,OUT_MOT_0,Node_2952,6967
6968,Node_2953,Node_532,6968
6969,Node_2365,Node_2953,6969
6970,Node_2954,Node_532,6970
6971,Node_1344,Node_2954,6971
6972,OUT_MOT_0,Node_2420,6972
6973,Node_1993,Node_750,6973
6974,Node_2365,OUT_MOT_0,6974
6975,Node_777,Node_2581,6975
6976,Node_2955,Node_1303,6976
6977,I2_0,Node_2955,6977
6978,Node_2956,Node_2337,6978
6979,Node_1993,Node_2956,6979
6980,Node_2957,Node_284,6980
6981,Node_2856,Node_2957,6981
6982,Node_2958,Node_2420,6982
6983,Node_487,Node_2958,6983
6984,Node_2959,Node_1993,6984
6985,Node_76,Node_2959,6985
6986,Node_2960,Node_2581,6986
6987,I1_1,Node_2960,6987
6988,Node_2961,OUT_MOT_0,6988
6989,I3_1,Node_2961,6989
6990,Node_2962,Node_1573,6990
6991,Node_1834,Node_2962,6991
6992,Node_2963,Node_494,6992
6993,Node_1344,Node_2963,6993
6994,Node_2964,Node_1020,6994
6995,Node_27,Node_2964,6995
6996,Node_2581,Node_1020,6996
6997,Node_2337,Node_2420,6997
6998,Node_2337,Node_2786,6998
6999,Node_1303,Node_1993,6999
7000,Node_2778,Node_1834,7000
7001,Node_2965,Node_284,7001
7002,Node_777,Node_2965,7002
7003,Node_2966,Node_532,7003
7004,Node_2365,Node_2966,7004
7005,Node_2967,Node_1344,7005
7006,I1_1,Node_2967,7006
7007,Node_2968,Node_487,7007
7008,Node_1573,Node_2968,7008
7009,Node_2969,OUT_COMM_1,7009
7010,I2_0,Node_2969,7010
7011,Node_2970,OUT_COMM_0,7011
7012,Node_750,Node_2970,7012
7013,Node_2971,Node_76,7013
7014,Node_532,Node_2971,7014
7015,Node_2972,Node_1919,7015
7016,Node_777,Node_2972,7016
7017,Node_2973,OUT_MOT_0,7017
7018,I3_0,Node_2973,7018
7019,Node_2974,Node_532,7019
7020,Node_1993,Node_2974,7020
7021,Node_2823,Node_2420,7021
7022,Node_2420,Node_2778,7022
7023,Node_2959,Node_2581,7023
7024,Node_1932,Node_521,7024
7025,Node_1573,Node_1834,7025
7026,Node_2903,Node_2898,7026
7027,I3_1,Node_2126,7027
7028,Node_2975,Node_532,7028
7029,Node_1344,Node_2975,7029
7030,Node_2976,Node_777,7030
7031,OUT_COMM_STATE_0,Node_2976,7031
7032,Node_2977,OUT_COMM_0,7032
7033,Node_76,Node_2977,7033
7034,Node_2978,OUT_MOT_0,7034
7035,I3_0,Node_2978,7035
7036,Node_2979,Node_2786,7036
7037,Node_1344,Node_2979,7037
7038,Node_2980,Node_1573,7038
7039,Node_1834,Node_2980,7039
7040,Node_2981,Node_1344,7040
7041,Node_979,Node_2981,7041
7042,Node_2982,Node_2365,7042
7043,Node_487,Node_2982,7043
7044,Node_2983,Node_532,7044
7045,Node_2337,Node_2983,7045
7046,Node_1932,OUT_COMM_1,7046
7047,Node_1344,Node_1919,7047
7048,Node_2365,Node_2929,7048
7049,I1_0,Node_2420,7049
7050,Node_2420,Node_1573,7050
7051,Node_2984,OUT_MOT_0,7051
7052,Node_284,Node_2984,7052
7053,Node_2985,Node_1573,7053
7054,I3_0,Node_2985,7054
7055,Node_2986,Node_1303,7055
7056,I2_0,Node_2986,7056
7057,Node_2987,Node_1573,7057
7058,I2_0,Node_2987,7058
7059,Node_2988,Node_2365,7059
7060,OUT_COMM_STATE_0,Node_2988,7060
7061,Node_2989,Node_494,7061
7062,Node_1344,Node_2989,7062
7063,Node_2990,Node_2365,7063
7064,Node_487,Node_2990,7064
7065,Node_2991,OUT_COMM_STATE_0,7065
7066,I2_0,Node_2991,7066
7067,Node_494,Node_2337,7067
7068,Node_2581,Node_532,7068
7069,I3_1,Node_1573,7069
7070,Node_2992,Node_2929,7070
7071,Node_27,Node_2992,7071
7072,Node_2993,Node_1834,7072
7073,Node_1411,Node_2993,7073
7074,Node_2994,Node_532,7074
7075,Node_2365,Node_2994,7075
7076,Node_2995,Node_1020,7076
7077,Node_27,Node_2995,7077
7078,Node_2996,Node_1020,7078
7079,Node_27,Node_2996,7079
7080,Node_2997,Node_532,7080
7081,Node_1411,Node_2997,7081
7082,Node_2998,Node_532,7082
7083,Node_2337,Node_2998,7083
7084,Node_2999,Node_1020,7084
7085,Node_2581,Node_2999,7085
7086,Node_3000,Node_750,7086
7087,I2_0,Node_3000,7087
7088,Node_1919,OUT_COMM_1,7088
7089,I1_1,Node_2823,7089
7090,Node_2126,Node_1573,7090
7091,Node_3001,Node_1573,7091
7092,Node_1834,Node_3001,7092
7093,Node_3002,OUT_COMM_0,7093
7094,I2_0,Node_3002,7094
7095,Node_3003,OUT_MOT_0,7095
7096,Node_27,Node_3003,7096
7097,Node_2961,Node_1573,7097
7098,Node_521,Node_2126,7098
7099,Node_2987,Node_2987,7099
7100,Node_3004,OUT_MOT_0,7100
7101,Node_2961,Node_3004,7101
7102,Node_3005,Node_532,7102
7103,Node_1932,Node_3005,7103
7104,Node_3006,Node_494,7104
7105,Node_284,Node_3006,7105
7106,Node_3007,OUT_COMM_STATE_0,7106
7107,I2_1,Node_3007,7107
7108,Node_3008,Node_1919,7108
7109,Node_777,Node_3008,7109
7110,Node_3009,Node_2823,7110
7111,Node_1919,Node_3009,7111
7112,Node_3010,Node_494,7112
7113,Node_1344,Node_3010,7113
7114,Node_3011,Node_1344,7114
7115,Node_2981,Node_3011,7115
7116,Node_2961,Node_2337,7116
7117,Node_2126,Node_2126,7117
7118,Node_1020,Node_2365,7118
7119,Node_1675,Node_1993,7119
7120,Node_3012,Node_532,7120
7121,OUT_COMM_STATE_0,Node_3012,7121
7122,Node_3013,Node_1020,7122
7123,Node_27,Node_3013,7123
7124,Node_3014,OUT_COMM_1,7124
7125,Node_487,Node_3014,7125
7126,Node_3015,Node_532,7126
7127,I1_1,Node_3015,7127
7128,Node_3016,Node_284,7128
7129,Node_487,Node_3016,7129
7130,Node_3017,Node_76,7130
7131,Node_532,Node_3017,7131
7132,Node_3018,Node_1573,7132
7133,I3_0,Node_3018,7133
7134,Node_3019,Node_1344,7134
7135,Node_979,Node_3019,7135
7136,Node_2954,Node_487,7136
7137,Node_777,Node_2867,7137
7138,Node_532,Node_2581,7138
7139,Node_3020,Node_27,7139
7140,Node_979,Node_3020,7140
7141,Node_3021,Node_777,7141
7142,I1_1,Node_3021,7142
7143,Node_3022,Node_532,7143
7144,Node_1993,Node_3022,7144
7145,Node_3023,Node_2126,7145
7146,Node_1919,Node_3023,7146
7147,Node_3024,Node_1573,7147
7148,Node_1919,Node_3024,7148
7149,Node_3025,Node_284,7149
7150,Node_2126,Node_3025,7150
7151,Node_3026,Node_487,7151
7152,Node_750,Node_3026,7152
7153,Node_3027,OUT_MOT_0,7153
7154,OUT_MOT_0,Node_3027,7154
7155,Node_494,Node_2365,7155
7156,Node_2126,Node_1675,7156
7157,Node_2337,Node_1411,7157
7158,Node_1303,Node_2823,7158
7159,OUT_MOT_0,Node_1834,7159
7160,Node_3028,Node_532,7160
7161,Node_1932,Node_3028,7161
7162,Node_3029,Node_76,7162
7163,I2_1,Node_3029,7163
7164,Node_3030,Node_487,7164
7165,Node_750,Node_3030,7165
7166,Node_3031,Node_750,7166
7167,OUT_COMM_1,Node_3031,7167
7168,Node_2954,Node_750,7168
7169,Node_1834,Node_2954,7169
7170,Node_2337,Node_1919,7170
7171,Node_2581,OUT_COMM_0,7171
7172,Node_2337,Node_284,7172
7173,Node_2581,Node_2420,7173
7174,Node_2337,Node_1344,7174
7175,Node_1411,Node_2903,7175
7176,Node_3032,Node_1020,7176
7177,Node_27,Node_3032,7177
7178,Node_3033,OUT_MOT_0,7178
7179,I3_0,Node_3033,7179
7180,Node_3034,OUT_MOT_0,7180
7181,I3_1,Node_3034,7181
7182,Node_3035,Node_27,7182
7183,I2_0,Node_3035,7183
7184,Node_3036,Node_494,7184
7185,Node_487,Node_3036,7185
7186,Node_3037,Node_1919,7186
7187,Node_777,Node_3037,7187
7188,Node_3038,Node_1020,7188
7189,Node_27,Node_3038,7189
7190,Node_3039,Node_494,7190
7191,Node_2420,Node_3039,7191
7192,Node_3040,OUT_COMM_1,7192
7193,Node_487,Node_3040,7193
7194,Node_3041,OUT_COMM_1,7194
7195,Node_777,Node_3041,7195
7196,Node_3042,Node_2786,7196
7197,Node_1344,Node_3042,7197
7198,Node_3043,Node_2786,7198
7199,Node_1344,Node_3043,7199
7200,Node_494,Node_1932,7200
7201,Node_777,Node_2898,7201
7202,Node_1834,Node_2903,7202
7203,Node_2337,OUT_COMM_0,7203
7204,Node_3044,Node_284,7204
7205,Node_487,Node_3044,7205
7206,Node_3045,Node_750,7206
7207,Node_487,Node_3045,7207
7208,Node_3046,Node_777,7208
7209,OUT_COMM_STATE_0,Node_3046,7209
7210,Node_3047,Node_532,7210
7211,Node_2365,Node_3047,7211
7212,Node_3048,Node_532,7212
7213,Node_2954,Node_3048,7213
7214,Node_3049,Node_750,7214
7215,Node_487,Node_3049,7215
7216,Node_3050,Node_487,7216
7217,Node_750,Node_3050,7217
7218,Node_521,Node_1919,7218
7219,Node_487,Node_2856,7219
7220,Node_3051,OUT_COMM_0,7220
7221,Node_750,Node_3051,7221
7222,Node_3052,Node_494,7222
7223,Node_1344,Node_3052,7223
7224,Node_3053,Node_532,7224
7225,Node_2786,Node_3053,7225
7226,Node_3054,OUT_COMM_STATE_0,7226
7227,I2_1,Node_3054,7227
7228,Node_3055,Node_2823,7228
7229,Node_1303,Node_3055,7229
7230,Node_3056,Node_979,7230
7231,I2_0,Node_3056,7231
7232,Node_3057,Node_2365,7232
7233,Node_487,Node_3057,7233
7234,Node_3058,Node_777,7234
7235,I1_0,Node_3058,7235
7236,Node_3059,OUT_COMM_STATE_0,7236
7237,I2_0,Node_3059,7237
7238,Node_3060,Node_532,7238
7239,Node_2954,Node_3060,7239
7240,Node_1993,Node_2961,7240
7241,Node_750,Node_2856,7241
7242,I2_0,Node_2954,7242
7243,Node_27,Node_2786,7243
7244,Node_777,Node_1834,7244
7245,Node_3061,Node_2365,7245
7246,Node_1919,Node_3061,7246
7247,Node_3062,Node_1675,7247
7248,Node_76,Node_3062,7248
7249,Node_3063,OUT_MOT_0,7249
7250,Node_27,Node_3063,7250
7251,Node_3064,OUT_COMM_1,7251
7252,I2_0,Node_3064,7252
7253,Node_3065,Node_487,7253
7254,Node_750,Node_3065,7254
7255,Node_3066,OUT_COMM_0,7255
7256,Node_2903,Node_3066,7256
7257,Node_3067,Node_487,7257
7258,Node_1573,Node_3067,7258
7259,Node_3068,Node_750,7259
7260,Node_487,Node_3068,7260
7261,Node_3069,OUT_COMM_1,7261
7262,I2_0,Node_3069,7262
7263,Node_3070,Node_777,7263
7264,OUT_COMM_STATE_0,Node_3070,7264
7265,Node_3071,OUT_MOT_0,7265
7266,Node_27,Node_3071,7266
7267,Node_3072,Node_1573,7267
7268,I2_0,Node_3072,7268
7269,Node_3073,Node_27,7269
7270,Node_979,Node_3073,7270
7271,Node_3074,Node_27,7271
7272,Node_27,Node_3074,7272
7273,Node_3075,Node_777,7273
7274,I1_0,Node_3075,7274
7275,Node_494,Node_2823,7275
7276,Node_2823,Node_284,7276
7277,Node_2898,Node_2786,7277
7278,Node_2337,Node_2954,7278
7279,I3_0,Node_2903,7279
7280,Node_3076,Node_750,7280
7281,OUT_COMM_1,Node_3076,7281
7282,Node_3077,Node_777,7282
7283,I1_1,Node_3077,7283
7284,Node_3078,Node_1344,7284
7285,Node_979,Node_3078,7285
7286,Node_3079,Node_2365,7286
7287,Node_1919,Node_3079,7287
7288,Node_3080,OUT_COMM_1,7288
7289,I2_0,Node_3080,7289
7290,Node_3081,Node_284,7290
7291,Node_750,Node_3081,7291
7292,Node_3082,Node_1932,7292
7293,OUT_MOT_0,Node_3082,7293
7294,Node_3083,Node_494,7294
7295,Node_2420,Node_3083,7295
7296,Node_3084,OUT_MOT_0,7296
7297,OUT_MOT_0,Node_3084,7297
7298,Node_3085,Node_1932,7298
7299,OUT_MOT_0,Node_3085,7299
7300,Node_3077,Node_2337,7300
7301,Node_2365,Node_2786,7301
7302,Node_3086,OUT_MOT_0,7302
7303,Node_284,Node_3086,7303
7304,Node_3087,Node_27,7304
7305,Node_27,Node_3087,7305
7306,Node_3088,Node_2898,7306
7307,I1_0,Node_3088,7307
7308,Node_3089,Node_2856,7308
7309,Node_1919,Node_3089,7309
7310,Node_3090,Node_2365,7310
7311,I1_1,Node_3090,7311
7312,Node_3091,Node_1834,7312
7313,Node_1411,Node_3091,7313
7314,Node_2581,OUT_COMM_STATE_0,7314
7315,Node_2898,OUT_MOT_0,7315
7316,OUT_COMM_0,Node_3053,7316
7317,I2_0,Node_2867,7317
7318,Node_979,Node_2954,7318
7319,Node_3092,Node_521,7319
7320,I1_0,Node_3092,7320
7321,Node_3093,Node_1344,7321
7322,Node_979,Node_3093,7322
7323,Node_3094,OUT_MOT_0,7323
7324,Node_2961,Node_3094,7324
7325,Node_3095,OUT_MOT_0,7325
7326,I3_0,Node_3095,7326
7327,Node_3096,Node_1020,7327
7328,Node_27,Node_3096,7328
7329,Node_3097,Node_284,7329
7330,Node_2856,Node_3097,7330
7331,Node_2420,Node_2903,7331
7332,Node_2581,Node_2823,7332
7333,Node_2823,Node_2337,7333
7334,Node_1919,Node_2420,7334
7335,Node_3098,OUT_MOT_0,7335
7336,Node_2961,Node_3098,7336
7337,Node_3099,OUT_COMM_1,7337
7338,I2_0,Node_3099,7338
7339,Node_3100,Node_2420,7339
7340,Node_487,Node_3100,7340
7341,Node_3101,OUT_COMM_0,7341
7342,I2_0,Node_3101,7342
7343,Node_3102,OUT_MOT_0,7343
7344,I3_1,Node_3102,7344
7345,Node_3103,Node_532,7345
7346,Node_1344,Node_3103,7346
7347,Node_3104,Node_2823,7347
7348,Node_1919,Node_3104,7348
7349,Node_3105,Node_494,7349
7350,Node_2867,Node_3105,7350
7351,Node_3106,Node_487,7351
7352,Node_750,Node_3106,7352
7353,Node_3107,Node_284,7353
7354,Node_750,Node_3107,7354
7355,Node_3053,OUT_MOT_0,7355
7356,Node_1411,Node_1993,7356
7357,Node_2856,Node_1932,7357
7358,Node_2420,Node_2867,7358
7359,Node_777,Node_2126,7359
7360,Node_3108,Node_777,7360
7361,Node_2581,Node_3108,7361
7362,Node_3109,OUT_COMM_0,7362
7363,OUT_COMM_1,Node_3109,7363
7364,Node_3110,OUT_COMM_STATE_0,7364
7365,I2_0,Node_3110,7365
7366,Node_3111,OUT_COMM_0,7366
7367,Node_2903,Node_3111,7367
7368,Node_3112,OUT_COMM_1,7368
7369,Node_494,Node_3112,7369
7370,Node_3113,Node_1919,7370
7371,Node_777,Node_3113,7371
7372,Node_3114,Node_2961,7372
7373,I3_1,Node_3114,7373
7374,Node_3115,Node_1303,7374
7375,I2_0,Node_3115,7375
7376,Node_3116,Node_532,7376
7377,Node_2365,Node_3116,7377
7378,Node_3117,Node_27,7378
7379,I3_0,Node_3117,7379
7380,Node_1675,Node_2898,7380
7381,Node_979,Node_2867,7381
7382,Node_3118,Node_532,7382
7383,Node_2365,Node_3118,7383
7384,Node_3119,Node_532,7384
7385,Node_2954,Node_3119,7385
7386,Node_3120,Node_487,7386
7387,Node_1573,Node_3120,7387
7388,Node_3121,OUT_COMM_1,7388
7389,Node_494,Node_3121,7389
7390,Node_3122,Node_2365,7390
7391,Node_487,Node_3122,7391
7392,Node_3123,OUT_COMM_1,7392
7393,Node_777,Node_3123,7393
7394,Node_3124,Node_1573,7394
7395,Node_2961,Node_3124,7395
7396,Node_2786,OUT_MOT_0,7396
7397,Node_1675,Node_3053,7397
7398,Node_2337,Node_1020,7398
7399,Node_3125,Node_2786,7399
7400,Node_1344,Node_3125,7400
7401,Node_3126,OUT_MOT_0,7401
7402,OUT_MOT_0,Node_3126,7402
7403,Node_3127,Node_76,7403
7404,Node_2420,Node_3127,7404
7405,Node_3128,OUT_COMM_0,7405
7406,Node_2898,Node_3128,7406
7407,Node_3129,OUT_MOT_0,7407
7408,Node_76,Node_3129,7408
7409,Node_3130,Node_2903,7409
7410,Node_76,Node_3130,7410
7411,Node_3131,Node_777,7411
7412,Node_2581,Node_3131,7412
7413,Node_750,Node_2903,7413
7414,Node_2420,Node_1834,7414
7415,Node_2337,Node_2581,7415
7416,OUT_MOT_0,Node_2786,7416
7417,Node_2903,Node_521,7417
7418,Node_3132,OUT_COMM_1,7418
7419,Node_487,Node_3132,7419
7420,Node_3133,OUT_MOT_0,7420
7421,Node_284,Node_3133,7421
7422,Node_3134,Node_1675,7422
7423,Node_76,Node_3134,7423
7424,Node_3135,Node_2337,7424
7425,Node_1993,Node_3135,7425
7426,Node_3136,Node_284,7426
7427,Node_777,Node_3136,7427
7428,Node_3137,Node_1573,7428
7429,I3_0,Node_3137,7429
7430,Node_3138,Node_284,7430
7431,Node_1303,Node_3138,7431
7432,Node_3139,OUT_MOT_0,7432
7433,I3_0,Node_3139,7433
7434,Node_3140,OUT_COMM_0,7434
7435,Node_2903,Node_3140,7435
7436,Node_3141,Node_1675,7436
7437,Node_76,Node_3141,7437
7438,Node_3142,OUT_MOT_0,7438
7439,Node_2961,Node_3142,7439
7440,Node_2126,Node_979,7440
7441,Node_2786,Node_494,7441
7442,OUT_MOT_0,Node_2856,7442
7443,Node_3072,Node_76,7443
7444,Node_284,Node_2898,7444
7445,Node_2778,Node_284,7445
7446,Node_3143,Node_532,7446
7447,Node_2337,Node_3143,7447
7448,Node_3144,Node_2786,7448
7449,Node_1344,Node_3144,7449
7450,Node_3145,OUT_MOT_0,7450
7451,Node_1932,Node_3145,7451
7452,Node_3146,OUT_MOT_0,7452
7453,Node_1020,Node_3146,7453
7454,Node_3147,Node_284,7454
7455,Node_1303,Node_3147,7455
7456,Node_3148,OUT_COMM_STATE_0,7456
7457,I2_1,Node_3148,7457
7458,Node_3149,Node_750,7458
7459,Node_487,Node_3149,7459
7460,Node_3077,Node_2823,7460
7461,Node_1919,Node_2867,7461
7462,Node_2856,Node_27,7462
7463,Node_2126,Node_1344,7463
7464,Node_3150,OUT_COMM_1,7464
7465,Node_521,Node_3150,7465
7466,Node_3151,Node_777,7466
7467,Node_2581,Node_3151,7467
7468,Node_3152,Node_750,7468
7469,Node_487,Node_3152,7469
7470,Node_3153,OUT_COMM_1,7470
7471,I1_1,Node_3153,7471
7472,Node_3154,Node_777,7472
7473,I1_1,Node_3154,7473
7474,Node_3155,OUT_MOT_0,7474
7475,Node_76,Node_3155,7475
7476,Node_3156,Node_2581,7476
7477,I1_1,Node_3156,7477
7478,OUT_COMM_STATE_0,Node_2856,7478
7479,Node_2365,Node_1020,7479
7480,I1_0,Node_2786,7480
7481,Node_521,Node_2961,7481
7482,Node_1932,Node_2903,7482
7483,Node_2786,Node_2126,7483
7484,Node_3157,OUT_COMM_1,7484
7485,Node_494,Node_3157,7485
7486,Node_3158,Node_532,7486
7487,Node_76,Node_3158,7487
7488,Node_3159,OUT_MOT_0,7488
7489,Node_284,Node_3159,7489
7490,Node_3160,Node_777,7490
7491,OUT_COMM_STATE_0,Node_3160,7491
7492,Node_3161,OUT_MOT_0,7492
7493,Node_76,Node_3161,7493
7494,Node_487,Node_2581,7494
7495,Node_1303,OUT_COMM_STATE_0,7495
7496,Node_2126,Node_2365,7496
7497,Node_2420,Node_1932,7497
7498,Node_2581,Node_76,7498
7499,Node_2954,Node_3072,7499
7500,Node_3162,Node_494,7500
7501,Node_284,Node_3162,7501
7502,Node_3163,Node_777,7502
7503,I1_1,Node_3163,7503
7504,Node_3164,OUT_MOT_0,7504
7505,Node_76,Node_3164,7505
7506,Node_3165,Node_532,7506
7507,Node_2954,Node_3165,7507
7508,Node_3166,Node_494,7508
7509,Node_284,Node_3166,7509
7510,Node_3167,Node_532,7510
7511,Node_2365,Node_3167,7511
7512,Node_3168,Node_1919,7512
7513,Node_979,Node_3168,7513
7514,Node_3169,Node_777,7514
7515,Node_2581,Node_3169,7515
7516,Node_3170,Node_284,7516
7517,Node_487,Node_3170,7517
7518,Node_3171,Node_2126,7518
7519,Node_2823,Node_3171,7519
7520,I2_1,Node_2365,7520
7521,Node_2581,Node_521,7521
7522,Node_2778,Node_521,7522
7523,Node_3172,Node_284,7523
7524,OUT_MOT_0,Node_3172,7524
7525,Node_3173,OUT_COMM_0,7525
7526,OUT_COMM_1,Node_3173,7526
7527,Node_3174,Node_532,7527
7528,Node_1932,Node_3174,7528
7529,Node_3175,OUT_MOT_0,7529
7530,Node_284,Node_3175,7530
7531,Node_3176,Node_1675,7531
7532,Node_76,Node_3176,7532
7533,Node_3177,Node_532,7533
7534,Node_1932,Node_3177,7534
7535,Node_3178,Node_2786,7535
7536,Node_1344,Node_3178,7536
7537,Node_3179,Node_2867,7537
7538,Node_2778,Node_3179,7538
7539,Node_2581,Node_2867,7539
7540,Node_3180,Node_494,7540
7541,Node_2420,Node_3180,7541
7542,Node_3181,Node_750,7542
7543,I2_0,Node_3181,7543
7544,Node_3182,Node_1834,7544
7545,I2_0,Node_3182,7545
7546,Node_3183,OUT_MOT_0,7546
7547,I3_0,Node_3183,7547
7548,Node_3184,Node_284,7548
7549,OUT_MOT_0,Node_3184,7549
7550,Node_3185,Node_494,7550
7551,Node_2778,Node_3185,7551
7552,Node_3186,Node_2420,7552
7553,Node_3100,Node_3186,7553
7554,Node_3187,OUT_MOT_0,7554
7555,I3_0,Node_3187,7555
7556,Node_2581,Node_1411,7556
7557,OUT_COMM_1,Node_2126,7557
7558,Node_2961,Node_487,7558
7559,Node_3188,Node_1020,7559
7560,Node_27,Node_3188,7560
7561,Node_3189,Node_979,7561
7562,I2_0,Node_3189,7562
7563,Node_3190,Node_494,7563
7564,Node_2420,Node_3190,7564
7565,Node_3191,Node_1932,7565
7566,Node_2778,Node_3191,7566
7567,Node_3192,OUT_COMM_0,7567
7568,Node_750,Node_3192,7568
7569,Node_3193,Node_284,7569
7570,Node_487,Node_3193,7570
7571,Node_3194,Node_750,7571
7572,I2_0,Node_3194,7572
7573,Node_3195,Node_494,7573
7574,Node_1344,Node_3195,7574
7575,Node_3196,OUT_MOT_0,7575
7576,Node_1932,Node_3196,7576
7577,Node_1020,Node_2420,7577
7578,Node_76,Node_2420,7578
7579,Node_1834,Node_1020,7579
7580,Node_494,Node_2420,7580
7581,Node_3197,OUT_COMM_1,7581
7582,Node_521,Node_3197,7582
7583,Node_3198,Node_494,7583
7584,Node_2778,Node_3198,7584
7585,Node_3199,Node_2961,7585
7586,I3_1,Node_3199,7586
7587,Node_3200,Node_532,7587
7588,OUT_COMM_STATE_0,Node_3200,7588
7589,Node_3201,OUT_COMM_0,7589
7590,Node_2903,Node_3201,7590
7591,Node_3202,Node_532,7591
7592,Node_1993,Node_3202,7592
7593,Node_3203,Node_2581,7593
7594,I1_1,Node_3203,7594
7595,Node_1303,Node_2365,7595
7596,Node_979,Node_2778,7596
7597,Node_3204,Node_76,7597
7598,I1_1,Node_3204,7598
7599,Node_3205,Node_2337,7599
7600,Node_1993,Node_3205,7600
7601,Node_3206,OUT_COMM_1,7601
7602,Node_777,Node_3206,7602
7603,Node_3207,Node_284,7603
7604,Node_487,Node_3207,7604
7605,Node_3208,Node_2337,7605
7606,Node_3077,Node_3208,7606
7607,Node_3209,Node_777,7607
7608,Node_3077,Node_3209,7608
7609,Node_3210,Node_1919,7609
7610,Node_777,Node_3210,7610
7611,Node_3211,OUT_COMM_0,7611
7612,Node_750,Node_3211,7612
7613,Node_3212,OUT_COMM_0,7613
7614,I1_0,Node_3212,7614
7615,Node_3213,Node_532,7615
7616,Node_2786,Node_3213,7616
7617,Node_3214,Node_532,7617
7618,Node_1932,Node_3214,7618
7619,Node_3215,Node_2337,7619
7620,Node_1993,Node_3215,7620
7621,Node_3216,Node_487,7621
7622,Node_1573,Node_3216,7622
7623,Node_3217,OUT_MOT_0,7623
7624,Node_284,Node_3217,7624
7625,Node_3218,Node_494,7625
7626,Node_2867,Node_3218,7626
7627,Node_3219,Node_2420,7627
7628,Node_487,Node_3219,7628
7629,Node_1675,Node_2786,7629
7630,Node_494,Node_3077,7630
7631,Node_2581,Node_1932,7631
7632,Node_2778,Node_1303,7632
7633,OUT_COMM_1,Node_2420,7633
7634,Node_3220,Node_532,7634
7635,Node_1411,Node_3220,7635
7636,Node_3221,Node_532,7636
7637,Node_1675,Node_3221,7637
7638,Node_3222,Node_532,7638
7639,Node_1675,Node_3222,7639
7640,Node_3223,OUT_MOT_0,7640
7641,I3_0,Node_3223,7641
7642,Node_3224,Node_487,7642
7643,I3_1,Node_3224,7643
7644,Node_3225,Node_1932,7644
7645,Node_2778,Node_3225,7645
7646,Node_3226,Node_27,7646
7647,I2_0,Node_3226,7647
7648,Node_3227,Node_2126,7648
7649,Node_2823,Node_3227,7649
7650,Node_3228,Node_2337,7650
7651,Node_1993,Node_3228,7651
7652,Node_3229,Node_284,7652
7653,OUT_MOT_0,Node_3229,7653
7654,Node_3230,Node_532,7654
7655,Node_1411,Node_3230,7655
7656,Node_3231,Node_76,7656
7657,Node_532,Node_3231,7657
7658,Node_3232,OUT_COMM_1,7658
7659,Node_494,Node_3232,7659
7660,Node_284,Node_2903,7660
7661,Node_2856,Node_532,7661
7662,Node_3187,Node_1573,7662
7663,Node_3233,Node_1573,7663
7664,Node_532,Node_3233,7664
7665,Node_3234,Node_1344,7665
7666,Node_1411,Node_3234,7666
7667,Node_3235,Node_2867,7667
7668,Node_2778,Node_3235,7668
7669,Node_3236,OUT_MOT_0,7669
7670,Node_3145,Node_3236,7670
7671,Node_3237,OUT_COMM_0,7671
7672,Node_750,Node_3237,7672
7673,Node_3238,Node_487,7673
7674,Node_1573,Node_3238,7674
7675,Node_3239,Node_76,7675
7676,Node_2420,Node_3239,7676
7677,Node_532,Node_2365,7677
7678,I2_0,Node_2898,7678
7679,Node_27,Node_2954,7679
7680,Node_3240,Node_3187,7680
7681,I3_0,Node_3240,7681
7682,Node_3241,Node_1020,7682
7683,Node_27,Node_3241,7683
7684,Node_3242,Node_2420,7684
7685,Node_487,Node_3242,7685
7686,Node_3243,OUT_COMM_0,7686
7687,I1_1,Node_3243,7687
7688,Node_3244,OUT_MOT_0,7688
7689,OUT_MOT_0,Node_3244,7689
7690,Node_3245,Node_1411,7690
7691,OUT_COMM_STATE_0,Node_3245,7691
7692,Node_3246,OUT_COMM_0,7692
7693,I1_0,Node_3246,7693
7694,Node_3247,Node_487,7694
7695,I3_1,Node_3247,7695
7696,Node_3248,Node_2365,7696
7697,Node_487,Node_3248,7697
7698,Node_3249,OUT_COMM_1,7698
7699,Node_3123,Node_3249,7699
7700,Node_2126,Node_2856,7700
7701,Node_777,Node_2823,7701
7702,Node_2903,Node_1919,7702
7703,Node_1411,Node_2823,7703
7704,I1_0,Node_2337,7704
7705,OUT_COMM_1,Node_3181,7705
7706,Node_2903,Node_2903,7706
7707,Node_3250,Node_2365,7707
7708,Node_1919,Node_3250,7708
7709,Node_3251,Node_494,7709
7710,Node_487,Node_3251,7710
7711,Node_3252,OUT_COMM_STATE_0,7711
7712,I2_1,Node_3252,7712
7713,Node_3253,Node_1303,7713
7714,I2_0,Node_3253,7714
7715,Node_3254,Node_1932,7715
7716,OUT_MOT_0,Node_3254,7716
7717,Node_3255,Node_2954,7717
7718,Node_1344,Node_3255,7718
7719,Node_3256,Node_1919,7719
7720,Node_979,Node_3256,7720
7721,Node_521,Node_3187,7721
7722,Node_1932,Node_2856,7722
7723,Node_1573,Node_2420,7723
7724,Node_2954,OUT_COMM_1,7724
7725,Node_2365,Node_3251,7725
7726,Node_3123,Node_284,7726
7727,Node_2856,Node_2365,7727
7728,Node_1932,Node_2823,7728
7729,Node_3257,Node_532,7729
7730,Node_1675,Node_3257,7730
7731,Node_3258,Node_532,7731
7732,Node_487,Node_3258,7732
7733,Node_3259,Node_2365,7733
7734,Node_1919,Node_3259,7734
7735,Node_3260,Node_3123,7735
7736,Node_777,Node_3260,7736
7737,Node_3261,Node_494,7737
7738,Node_2420,Node_3261,7738
7739,Node_3262,Node_284,7739
7740,Node_3172,Node_3262,7740
7741,Node_3263,Node_532,7741
7742,Node_1675,Node_3263,7742
7743,Node_3264,OUT_COMM_0,7743
7744,I2_0,Node_3264,7744
7745,Node_3265,Node_2420,7745
7746,Node_487,Node_3265,7746
7747,Node_1303,Node_3123,7747
7748,OUT_COMM_0,Node_3123,7748
7749,Node_2898,Node_2126,7749
7750,Node_3266,Node_284,7750
7751,Node_1303,Node_3266,7751
7752,Node_3267,Node_2420,7752
7753,Node_487,Node_3267,7753
7754,Node_3268,OUT_COMM_0,7754
7755,OUT_COMM_1,Node_3268,7755
7756,Node_3269,Node_1919,7756
7757,Node_979,Node_3269,7757
7758,Node_3270,Node_284,7758
7759,Node_777,Node_3270,7759
7760,Node_3271,Node_3123,7760
7761,Node_777,Node_3271,7761
7762,Node_3272,Node_1919,7762
7763,Node_979,Node_3272,7763
7764,Node_2961,Node_3077,7764
7765,Node_2778,Node_76,7765
7766,Node_2420,Node_2954,7766
7767,Node_2898,Node_1344,7767
7768,Node_2420,Node_2581,7768
7769,I2_1,Node_1675,7769
7770,Node_2954,OUT_MOT_0,7770
7771,OUT_MOT_0,Node_3123,7771
7772,Node_1344,Node_3172,7772
7773,Node_3077,OUT_COMM_0,7773
7774,Node_3123,Node_76,7774
7775,Node_3273,Node_532,7775
7776,Node_2786,Node_3273,7776
7777,Node_3274,Node_1020,7777
7778,Node_27,Node_3274,7778
7779,Node_3275,OUT_COMM_0,7779
7780,Node_750,Node_3275,7780
7781,Node_3276,Node_2365,7781
7782,OUT_COMM_STATE_0,Node_3276,7782
7783,Node_3277,Node_1834,7783
7784,Node_1411,Node_3277,7784
7785,Node_3278,Node_532,7785
7786,Node_1675,Node_3278,7786
7787,Node_3279,OUT_COMM_1,7787
7788,Node_3123,Node_3279,7788
7789,Node_3280,Node_2365,7789
7790,I1_1,Node_3280,7790
7791,Node_3281,OUT_COMM_1,7791
7792,Node_3123,Node_3281,7792
7793,Node_3282,Node_487,7793
7794,Node_1573,Node_3282,7794
7795,Node_521,Node_3077,7795
7796,I3_1,Node_2867,7796
7797,Node_2778,OUT_COMM_0,7797
7798,I3_0,Node_2867,7798
7799,Node_2856,Node_1573,7799
7800,Node_2337,Node_2126,7800
7801,Node_3283,Node_487,7801
7802,Node_1573,Node_3283,7802
7803,Node_3284,Node_2954,7803
7804,Node_1344,Node_3284,7804
7805,Node_3285,Node_284,7805
7806,Node_2856,Node_3285,7806
7807,Node_2581,Node_2903,7807
7808,Node_2898,Node_27,7808
7809,Node_2961,Node_750,7809
7810,Node_1993,Node_2954,7810
7811,Node_3286,Node_3181,7811
7812,I2_0,Node_3286,7812
7813,Node_3287,Node_1993,7813
7814,Node_76,Node_3287,7814
7815,Node_3288,Node_2961,7815
7816,I3_1,Node_3288,7816
7817,Node_3289,Node_532,7817
7818,Node_2954,Node_3289,7818
7819,Node_3290,Node_750,7819
7820,OUT_COMM_1,Node_3290,7820
7821,Node_3291,Node_2337,7821
7822,Node_3077,Node_3291,7822
7823,Node_3292,Node_76,7823
7824,I2_1,Node_3292,7824
7825,Node_3293,Node_1919,7825
7826,Node_777,Node_3293,7826
7827,Node_3279,Node_1932,7827
7828,Node_2954,Node_2420,7828
7829,Node_3294,Node_1573,7829
7830,Node_2961,Node_3294,7830
7831,Node_3295,Node_2581,7831
7832,I1_1,Node_3295,7832
7833,Node_3296,Node_1573,7833
7834,Node_2961,Node_3296,7834
7835,Node_3297,Node_777,7835
7836,Node_2581,Node_3297,7836
7837,Node_2778,Node_2337,7837
7838,Node_3298,OUT_COMM_1,7838
7839,I1_1,Node_3298,7839
7840,Node_3299,Node_532,7840
7841,Node_1675,Node_3299,7841
7842,Node_3300,Node_3279,7842
7843,Node_3123,Node_3300,7843
7844,Node_3301,OUT_MOT_0,7844
7845,Node_76,Node_3301,7845
7846,Node_3302,Node_3181,7846
7847,OUT_COMM_1,Node_3302,7847
7848,Node_3303,Node_1020,7848
7849,Node_487,Node_3303,7849
