# Blender v2.91.2 OBJ File: 'simple_map_2.blend'
# www.blender.org
mtllib simple_map_2.mtl
o Curve
v -4.652051 -0.029425 0.426801
v -4.652051 -0.029425 4.304425
v 0.012804 -0.029425 4.304425
v 4.677660 -0.029425 4.304425
v 4.677660 -0.029425 0.426801
v 4.677660 -0.029425 -3.450823
v 0.012804 -0.029425 -3.450823
v -4.652051 -0.029425 -3.450823
v 4.588295 -0.029425 0.426801
v 4.588295 -0.029425 4.215079
v 0.012804 -0.029425 4.215079
v -4.562687 -0.029425 4.215079
v -4.562687 -0.029425 0.426801
v -4.562687 -0.029425 -3.361476
v 0.012804 -0.029425 -3.361476
v 4.588295 -0.029425 -3.361476
v -4.652051 -0.029425 0.426801
v -4.652051 -0.029425 4.304425
v 0.012804 -0.029425 4.304425
v 4.677660 -0.029425 4.304425
v 4.677660 -0.029425 0.426801
v 4.677660 -0.029425 -3.450823
v 0.012804 -0.029425 -3.450823
v -4.652051 -0.029425 -3.450823
v 4.588295 -0.029425 0.426801
v 4.588295 -0.029425 4.215079
v 0.012804 -0.029425 4.215079
v -4.562687 -0.029425 4.215079
v -4.562687 -0.029425 0.426801
v -4.562687 -0.029425 -3.361476
v 0.012804 -0.029425 -3.361476
v 4.588295 -0.029425 -3.361476
v -4.652051 -0.029425 0.426801
v -4.652051 -0.029425 4.304425
v 0.012804 -0.029425 4.304425
v 4.677660 -0.029425 4.304425
v 4.677660 -0.029425 0.426801
v 4.677660 -0.029425 -3.450823
v 0.012804 -0.029425 -3.450823
v -4.652051 -0.029425 -3.450823
v 4.588295 -0.029425 0.426801
v 4.588295 -0.029425 4.215079
v 0.012804 -0.029425 4.215079
v -4.562687 -0.029425 4.215079
v -4.562687 -0.029425 0.426801
v -4.562687 -0.029425 -3.361476
v 0.012804 -0.029425 -3.361476
v 4.588295 -0.029425 -3.361476
v -4.652051 -0.029425 0.426801
v -4.652051 -0.029425 4.304425
v 0.012804 -0.029425 4.304425
v 4.677660 -0.029425 4.304425
v 4.677660 -0.029425 0.426801
v 4.677660 -0.029425 -3.450823
v 0.012804 -0.029425 -3.450823
v -4.652051 -0.029425 -3.450823
v 4.588295 -0.029425 0.426801
v 4.588295 -0.029425 4.215079
v 0.012804 -0.029425 4.215079
v -4.562687 -0.029425 4.215079
v -4.562687 -0.029425 0.426801
v -4.562687 -0.029425 -3.361476
v 0.012804 -0.029425 -3.361476
v 4.588295 -0.029425 -3.361476
v -4.652051 -0.029425 0.426801
v -4.652051 -0.029425 4.304425
v 0.012804 -0.029425 4.304425
v 4.677660 -0.029425 4.304425
v 4.677660 -0.029425 0.426801
v 4.677660 -0.029425 -3.450823
v 0.012804 -0.029425 -3.450823
v -4.652051 -0.029425 -3.450823
v 4.588295 -0.029425 0.426801
v 4.588295 -0.029425 4.215079
v 0.012804 -0.029425 4.215079
v -4.562687 -0.029425 4.215079
v -4.562687 -0.029425 0.426801
v -4.562687 -0.029425 -3.361476
v 0.012804 -0.029425 -3.361476
v 4.588295 -0.029425 -3.361476
v -4.652051 -0.029425 0.426801
v -4.652051 -0.029425 4.304425
v 0.012804 -0.029425 4.304425
v 4.677660 -0.029425 4.304425
v 4.677660 -0.029425 0.426801
v 4.677660 -0.029425 -3.450823
v 0.012804 -0.029425 -3.450823
v -4.652051 -0.029425 -3.450823
v 4.588295 -0.029425 0.426801
v 4.588295 -0.029425 4.215079
v 0.012804 -0.029425 4.215079
v -4.562687 -0.029425 4.215079
v -4.562687 -0.029425 0.426801
v -4.562687 -0.029425 -3.361476
v 0.012804 -0.029425 -3.361476
v 4.588295 -0.029425 -3.361476
v -4.652051 -0.029425 0.426801
v -4.652051 -0.029425 4.304425
v 0.012804 -0.029425 4.304425
v 4.677660 -0.029425 4.304425
v 4.677660 -0.029425 0.426801
v 4.677660 -0.029425 -3.450823
v 0.012804 -0.029425 -3.450823
v -4.652051 -0.029425 -3.450823
v 4.588295 -0.029425 0.426801
v 4.588295 -0.029425 4.215079
v 0.012804 -0.029425 4.215079
v -4.562687 -0.029425 4.215079
v -4.562687 -0.029425 0.426801
v -4.562687 -0.029425 -3.361476
v 0.012804 -0.029425 -3.361476
v 4.588295 -0.029425 -3.361476
v -4.652051 -0.029425 0.426801
v -4.652051 -0.029425 4.304425
v 0.012804 -0.029425 4.304425
v 4.677660 -0.029425 4.304425
v 4.677660 -0.029425 0.426801
v 4.677660 -0.029425 -3.450823
v 0.012804 -0.029425 -3.450823
v -4.652051 -0.029425 -3.450823
v 4.588295 -0.029425 0.426801
v 4.588295 -0.029425 4.215079
v 0.012804 -0.029425 4.215079
v -4.562687 -0.029425 4.215079
v -4.562687 -0.029425 0.426801
v -4.562687 -0.029425 -3.361476
v 0.012804 -0.029425 -3.361476
v 4.588295 -0.029425 -3.361476
v -4.652051 -0.029425 0.426801
v -4.652051 -0.029425 4.304425
v 0.012804 -0.029425 4.304425
v 4.677660 -0.029425 4.304425
v 4.677660 -0.029425 0.426801
v 4.677660 -0.029425 -3.450823
v 0.012804 -0.029425 -3.450823
v -4.652051 -0.029425 -3.450823
v 4.588295 -0.029425 0.426801
v 4.588295 -0.029425 4.215079
v 0.012804 -0.029425 4.215079
v -4.562687 -0.029425 4.215079
v -4.562687 -0.029425 0.426801
v -4.562687 -0.029425 -3.361476
v 0.012804 -0.029425 -3.361476
v 4.588295 -0.029425 -3.361476
v -4.652051 -0.029425 0.426801
v -4.652051 -0.029425 4.304425
v 0.012804 -0.029425 4.304425
v 4.677660 -0.029425 4.304425
v 4.677660 -0.029425 0.426801
v 4.677660 -0.029425 -3.450823
v 0.012804 -0.029425 -3.450823
v -4.652051 -0.029425 -3.450823
v 4.588295 -0.029425 0.426801
v 4.588295 -0.029425 4.215079
v 0.012804 -0.029425 4.215079
v -4.562687 -0.029425 4.215079
v -4.562687 -0.029425 0.426801
v -4.562687 -0.029425 -3.361476
v 0.012804 -0.029425 -3.361476
v 4.588295 -0.029425 -3.361476
v -4.652051 -0.029425 0.426801
v -4.652051 -0.029425 4.304425
v 0.012804 -0.029425 4.304425
v 4.677660 -0.029425 4.304425
v 4.677660 -0.029425 0.426801
v 4.677660 -0.029425 -3.450823
v 0.012804 -0.029425 -3.450823
v -4.652051 -0.029425 -3.450823
v 4.588295 -0.029425 0.426801
v 4.588295 -0.029425 4.215079
v 0.012804 -0.029425 4.215079
v -4.562687 -0.029425 4.215079
v -4.562687 -0.029425 0.426801
v -4.562687 -0.029425 -3.361476
v 0.012804 -0.029425 -3.361476
v 4.588295 -0.029425 -3.361476
v -4.652051 0.759334 0.426801
v -4.652051 0.759334 4.304425
v 0.012804 0.759334 4.304425
v 4.677660 0.759334 4.304425
v 4.677660 0.759334 0.426801
v 4.677660 0.759334 -3.450823
v 0.012804 0.759334 -3.450823
v -4.652051 0.759334 -3.450823
v 4.588295 0.759334 0.426801
v 4.588295 0.759334 4.215079
v 0.012804 0.759334 4.215079
v -4.562687 0.759334 4.215079
v -4.562687 0.759334 0.426801
v -4.562687 0.759334 -3.361476
v 0.012804 0.759334 -3.361476
v 4.588295 0.759334 -3.361476
vt 0.000000 0.000000
vt 0.466667 0.000000
vt 0.866667 0.000000
vt 0.400000 0.000000
vt 0.333333 0.000000
vt 0.933333 0.000000
vt 1.000000 0.000000
vt 0.266667 0.000000
vt 0.800000 0.000000
vt 0.533333 0.000000
vt 0.066667 0.000000
vt 0.733333 0.000000
vt 0.600000 0.000000
vt 0.200000 0.000000
vt 0.666667 0.000000
vt 0.133333 0.000000
vt 0.266667 0.000000
vt 0.333333 0.000000
vt 0.333333 0.000000
vt 0.266667 0.000000
vt 0.400000 0.000000
vt 0.466667 0.000000
vt 0.466667 0.000000
vt 0.400000 0.000000
vt 0.666667 0.000000
vt 0.733333 0.000000
vt 0.733333 0.000000
vt 0.666667 0.000000
vt 0.000000 0.000000
vt 0.066667 0.000000
vt 0.066667 0.000000
vt 0.000000 0.000000
vt 0.200000 0.000000
vt 0.200000 0.000000
vt 0.933333 0.000000
vt 1.000000 0.000000
vt 1.000000 0.000000
vt 0.933333 0.000000
vt 0.133333 0.000000
vt 0.133333 0.000000
vt 0.533333 0.000000
vt 0.533333 0.000000
vt 0.866667 0.000000
vt 0.866667 0.000000
vt 0.800000 0.000000
vt 0.800000 0.000000
vt 0.600000 0.000000
vt 0.600000 0.000000
vt 0.200000 0.000000
vt 0.133333 0.000000
vt 0.066667 0.000000
vt 0.533333 0.000000
vt 1.000000 0.000000
vt 0.000000 0.000000
vt 0.466667 0.000000
vt 0.933333 0.000000
vt 0.866667 0.000000
vt 0.800000 0.000000
vt 0.600000 0.000000
vt 0.400000 0.000000
vt 0.333333 0.000000
vt 0.666667 0.000000
vt 0.733333 0.000000
vt 0.266667 0.000000
vt 0.600000 0.000000
vt 0.533333 0.000000
vt 0.400000 0.000000
vt 0.333333 0.000000
vt 0.666667 0.000000
vt 0.800000 0.000000
vt 0.733333 0.000000
vt 0.266667 0.000000
vt 0.466667 0.000000
vt 0.066667 0.000000
vt 0.000000 0.000000
vt 0.200000 0.000000
vt 1.000000 0.000000
vt 0.933333 0.000000
vt 0.133333 0.000000
vt 0.866667 0.000000
vt 0.466667 0.000000
vt 0.400000 0.000000
vt 0.733333 0.000000
vt 0.666667 0.000000
vt 0.066667 0.000000
vt 0.000000 0.000000
vt 0.266667 0.000000
vt 0.200000 0.000000
vt 1.000000 0.000000
vt 0.933333 0.000000
vt 0.133333 0.000000
vt 0.533333 0.000000
vt 0.866667 0.000000
vt 0.800000 0.000000
vt 0.600000 0.000000
vt 0.333333 0.000000
vt 1.000000 0.000000
vt 0.933333 0.000000
vt 0.200000 0.000000
vt 0.133333 0.000000
vt 0.066667 0.000000
vt 0.533333 0.000000
vt 0.000000 0.000000
vt 0.466667 0.000000
vt 0.866667 0.000000
vt 0.800000 0.000000
vt 0.600000 0.000000
vt 0.400000 0.000000
vt 0.333333 0.000000
vt 0.666667 0.000000
vt 0.733333 0.000000
vt 0.266667 0.000000
vt 0.866667 0.000000
vt 0.800000 0.000000
vt 0.600000 0.000000
vt 0.533333 0.000000
vt 0.400000 0.000000
vt 0.333333 0.000000
vt 0.666667 0.000000
vt 0.733333 0.000000
vt 0.266667 0.000000
vt 0.466667 0.000000
vt 0.066667 0.000000
vt 0.000000 0.000000
vt 0.200000 0.000000
vt 1.000000 0.000000
vt 0.933333 0.000000
vt 0.133333 0.000000
vt 0.466667 0.000000
vt 0.400000 0.000000
vt 0.733333 0.000000
vt 0.666667 0.000000
vt 0.066667 0.000000
vt 0.000000 0.000000
vt 0.266667 0.000000
vt 0.200000 0.000000
vt 1.000000 0.000000
vt 0.933333 0.000000
vt 0.133333 0.000000
vt 0.533333 0.000000
vt 0.866667 0.000000
vt 0.800000 0.000000
vt 0.600000 0.000000
vt 0.333333 0.000000
vt 0.266667 0.000000
vt 0.200000 0.000000
vt 1.000000 0.000000
vt 0.933333 0.000000
vt 0.133333 0.000000
vt 0.066667 0.000000
vt 0.533333 0.000000
vt 0.000000 0.000000
vt 0.466667 0.000000
vt 0.866667 0.000000
vt 0.800000 0.000000
vt 0.600000 0.000000
vt 0.400000 0.000000
vt 0.333333 0.000000
vt 0.666667 0.000000
vt 0.733333 0.000000
vt 0.866667 0.000000
vt 0.800000 0.000000
vt 0.600000 0.000000
vt 0.533333 0.000000
vt 0.400000 0.000000
vt 0.333333 0.000000
vt 0.666667 0.000000
vt 0.733333 0.000000
vt 0.266667 0.000000
vt 0.466667 0.000000
vt 0.066667 0.000000
vt 0.000000 0.000000
vt 0.200000 0.000000
vt 1.000000 0.000000
vt 0.933333 0.000000
vt 0.133333 0.000000
vt 0.466667 0.000000
vt 0.400000 0.000000
vt 0.733333 0.000000
vt 0.666667 0.000000
vt 0.066667 0.000000
vt 0.000000 0.000000
vt 0.266667 0.000000
vt 0.200000 0.000000
vt 1.000000 0.000000
vt 0.933333 0.000000
vt 0.133333 0.000000
vt 0.533333 0.000000
vt 0.866667 0.000000
vt 0.800000 0.000000
vt 0.600000 0.000000
vt 0.333333 0.000000
vn 0.0000 -1.0000 0.0000
vn 0.0000 0.0000 1.0000
vn 0.0000 0.0000 -1.0000
vn -1.0000 0.0000 0.0000
vn 1.0000 0.0000 0.0000
vn 0.0000 1.0000 0.0000
usemtl SVGMat.001
s off
f 1/1/1 8/2/1 14/3/1
f 14/3/1 8/2/1 7/4/1
f 14/3/1 7/4/1 6/5/1
f 14/3/1 6/5/1 15/6/1
f 15/6/1 6/5/1 16/7/1
f 16/7/1 6/5/1 5/8/1
f 1/1/1 14/3/1 13/9/1
f 9/10/1 16/7/1 5/8/1
f 2/11/1 1/1/1 13/9/1
f 2/11/1 13/9/1 12/12/1
f 10/13/1 9/10/1 5/8/1
f 10/13/1 5/8/1 4/14/1
f 2/11/1 12/12/1 11/15/1
f 2/11/1 11/15/1 10/13/1
f 2/11/1 10/13/1 4/14/1
f 3/16/2 2/11/2 4/14/2
f 21/17/2 22/18/2 38/19/2 37/20/2
f 23/21/2 24/22/2 40/23/2 39/24/2
f 27/25/2 28/26/2 44/27/2 43/28/2
f 17/29/2 18/30/2 34/31/2 33/32/2
f 20/33/2 21/17/2 37/20/2 36/34/2
f 31/35/2 32/36/2 48/37/2 47/38/2
f 19/39/2 20/33/2 36/34/2 35/40/2
f 18/30/2 19/39/2 35/40/2 34/31/2
f 32/36/2 25/41/2 41/42/2 48/37/2
f 24/22/2 17/29/2 33/32/2 40/23/2
f 30/43/2 31/35/2 47/38/2 46/44/2
f 29/45/2 30/43/2 46/44/2 45/46/2
f 25/41/2 26/47/2 42/48/2 41/42/2
f 22/18/2 23/21/2 39/24/2 38/19/2
f 26/47/2 27/25/2 43/28/2 42/48/2
f 28/26/2 29/45/2 45/46/2 44/27/2
f 16/7/2 9/10/2 25/41/2 32/36/2
f 2/11/2 3/16/2 19/39/2 18/30/2
f 3/16/2 4/14/2 20/33/2 19/39/2
f 15/6/2 16/7/2 32/36/2 31/35/2
f 4/14/2 5/8/2 21/17/2 20/33/2
f 1/1/2 2/11/2 18/30/2 17/29/2
f 11/15/2 12/12/2 28/26/2 27/25/2
f 7/4/2 8/2/2 24/22/2 23/21/2
f 5/8/2 6/5/2 22/18/2 21/17/2
f 12/12/2 13/9/2 29/45/2 28/26/2
f 10/13/2 11/15/2 27/25/2 26/47/2
f 6/5/2 7/4/2 23/21/2 22/18/2
f 9/10/2 10/13/2 26/47/2 25/41/2
f 13/9/2 14/3/2 30/43/2 29/45/2
f 14/3/2 15/6/2 31/35/2 30/43/2
f 8/2/2 1/1/2 17/29/2 24/22/2
f 35/40/2 36/34/2 52/49/2 51/50/2
f 34/31/2 35/40/2 51/50/2 50/51/2
f 48/37/2 41/42/2 57/52/2 64/53/2
f 40/23/2 33/32/2 49/54/2 56/55/2
f 46/44/2 47/38/2 63/56/2 62/57/2
f 45/46/2 46/44/2 62/57/2 61/58/2
f 41/42/2 42/48/2 58/59/2 57/52/2
f 38/19/2 39/24/2 55/60/2 54/61/2
f 42/48/2 43/28/2 59/62/2 58/59/2
f 44/27/2 45/46/2 61/58/2 60/63/2
f 37/20/2 38/19/2 54/61/2 53/64/2
f 39/24/2 40/23/2 56/55/2 55/60/2
f 43/28/2 44/27/2 60/63/2 59/62/2
f 33/32/2 34/31/2 50/51/2 49/54/2
f 36/34/2 37/20/2 53/64/2 52/49/2
f 47/38/2 48/37/2 64/53/2 63/56/2
f 57/52/2 58/59/2 74/65/2 73/66/2
f 54/61/2 55/60/2 71/67/2 70/68/2
f 58/59/2 59/62/2 75/69/2 74/65/2
f 60/63/2 61/58/2 77/70/2 76/71/2
f 53/64/2 54/61/2 70/68/2 69/72/2
f 55/60/2 56/55/2 72/73/2 71/67/2
f 59/62/2 60/63/2 76/71/2 75/69/2
f 49/54/2 50/51/2 66/74/2 65/75/2
f 52/49/2 53/64/2 69/72/2 68/76/2
f 63/56/2 64/53/2 80/77/2 79/78/2
f 51/50/2 52/49/2 68/76/2 67/79/2
f 50/51/2 51/50/2 67/79/2 66/74/2
f 64/53/2 57/52/2 73/66/2 80/77/2
f 56/55/2 49/54/2 65/75/2 72/73/2
f 62/57/2 63/56/2 79/78/2 78/80/2
f 61/58/2 62/57/2 78/80/2 77/70/2
f 71/67/2 72/73/2 88/81/2 87/82/2
f 75/69/2 76/71/2 92/83/2 91/84/2
f 65/75/2 66/74/2 82/85/2 81/86/2
f 68/76/2 69/72/2 85/87/2 84/88/2
f 79/78/2 80/77/2 96/89/2 95/90/2
f 67/79/2 68/76/2 84/88/2 83/91/2
f 66/74/2 67/79/2 83/91/2 82/85/2
f 80/77/2 73/66/2 89/92/2 96/89/2
f 72/73/2 65/75/2 81/86/2 88/81/2
f 78/80/2 79/78/2 95/90/2 94/93/2
f 77/70/2 78/80/2 94/93/2 93/94/2
f 73/66/2 74/65/2 90/95/2 89/92/2
f 70/68/2 71/67/2 87/82/2 86/96/2
f 74/65/2 75/69/2 91/84/2 90/95/2
f 76/71/2 77/70/2 93/94/2 92/83/2
f 69/72/2 70/68/2 86/96/2 85/87/2
f 95/90/2 96/89/2 112/97/2 111/98/2
f 83/91/2 84/88/2 100/99/2 99/100/2
f 82/85/2 83/91/2 99/100/2 98/101/2
f 96/89/2 89/92/2 105/102/2 112/97/2
f 88/81/2 81/86/2 97/103/2 104/104/2
f 94/93/2 95/90/2 111/98/2 110/105/2
f 93/94/2 94/93/2 110/105/2 109/106/2
f 89/92/2 90/95/2 106/107/2 105/102/2
f 86/96/2 87/82/2 103/108/2 102/109/2
f 90/95/2 91/84/2 107/110/2 106/107/2
f 92/83/2 93/94/2 109/106/2 108/111/2
f 85/87/2 86/96/2 102/109/2 101/112/2
f 87/82/2 88/81/2 104/104/2 103/108/2
f 91/84/2 92/83/2 108/111/2 107/110/2
f 81/86/2 82/85/2 98/101/2 97/103/2
f 84/88/2 85/87/2 101/112/2 100/99/2
f 109/106/2 110/105/2 126/113/2 125/114/2
f 105/102/2 106/107/2 122/115/2 121/116/2
f 102/109/2 103/108/2 119/117/2 118/118/2
f 106/107/2 107/110/2 123/119/2 122/115/2
f 108/111/2 109/106/2 125/114/2 124/120/2
f 101/112/2 102/109/2 118/118/2 117/121/2
f 103/108/2 104/104/2 120/122/2 119/117/2
f 107/110/2 108/111/2 124/120/2 123/119/2
f 97/103/2 98/101/2 114/123/2 113/124/2
f 100/99/2 101/112/2 117/121/2 116/125/2
f 111/98/2 112/97/2 128/126/2 127/127/2
f 99/100/2 100/99/2 116/125/2 115/128/2
f 98/101/2 99/100/2 115/128/2 114/123/2
f 112/97/2 105/102/2 121/116/2 128/126/2
f 104/104/2 97/103/2 113/124/2 120/122/2
f 110/105/2 111/98/2 127/127/2 126/113/2
f 119/117/2 120/122/2 136/129/2 135/130/2
f 123/119/2 124/120/2 140/131/2 139/132/2
f 113/124/2 114/123/2 130/133/2 129/134/2
f 116/125/2 117/121/2 133/135/2 132/136/2
f 127/127/2 128/126/2 144/137/2 143/138/2
f 115/128/2 116/125/2 132/136/2 131/139/2
f 114/123/2 115/128/2 131/139/2 130/133/2
f 128/126/2 121/116/2 137/140/2 144/137/2
f 120/122/2 113/124/2 129/134/2 136/129/2
f 126/113/2 127/127/2 143/138/2 142/141/2
f 125/114/2 126/113/2 142/141/2 141/142/2
f 121/116/2 122/115/2 138/143/2 137/140/2
f 118/118/2 119/117/2 135/130/2 134/144/2
f 122/115/2 123/119/2 139/132/2 138/143/2
f 124/120/2 125/114/2 141/142/2 140/131/2
f 117/121/2 118/118/2 134/144/2 133/135/2
f 132/136/2 133/135/2 149/145/2 148/146/2
f 143/138/2 144/137/2 160/147/2 159/148/2
f 131/139/2 132/136/2 148/146/2 147/149/2
f 130/133/2 131/139/2 147/149/2 146/150/2
f 144/137/2 137/140/2 153/151/2 160/147/2
f 136/129/2 129/134/2 145/152/2 152/153/2
f 142/141/2 143/138/2 159/148/2 158/154/2
f 141/142/2 142/141/2 158/154/2 157/155/2
f 137/140/2 138/143/2 154/156/2 153/151/2
f 134/144/2 135/130/2 151/157/2 150/158/2
f 138/143/2 139/132/2 155/159/2 154/156/2
f 140/131/2 141/142/2 157/155/2 156/160/2
f 133/135/2 134/144/2 150/158/2 149/145/2
f 135/130/2 136/129/2 152/153/2 151/157/2
f 139/132/2 140/131/2 156/160/2 155/159/2
f 129/134/2 130/133/2 146/150/2 145/152/2
f 157/155/2 158/154/2 174/161/2 173/162/2
f 153/151/2 154/156/2 170/163/2 169/164/2
f 150/158/2 151/157/2 167/165/2 166/166/2
f 154/156/2 155/159/2 171/167/2 170/163/2
f 156/160/2 157/155/2 173/162/2 172/168/2
f 149/145/2 150/158/2 166/166/2 165/169/2
f 151/157/2 152/153/2 168/170/2 167/165/2
f 155/159/2 156/160/2 172/168/2 171/167/2
f 145/152/2 146/150/2 162/171/2 161/172/2
f 148/146/2 149/145/2 165/169/2 164/173/2
f 159/148/2 160/147/2 176/174/2 175/175/2
f 147/149/2 148/146/2 164/173/2 163/176/2
f 146/150/2 147/149/2 163/176/2 162/171/2
f 160/147/2 153/151/2 169/164/2 176/174/2
f 152/153/2 145/152/2 161/172/2 168/170/2
f 158/154/2 159/148/2 175/175/2 174/161/2
f 167/165/3 168/170/3 184/177/3 183/178/3
f 171/167/3 172/168/3 188/179/3 187/180/3
f 161/172/4 162/171/4 178/181/4 177/182/4
f 164/173/5 165/169/5 181/183/5 180/184/5
f 175/175/2 176/174/2 192/185/2 191/186/2
f 163/176/2 164/173/2 180/184/2 179/187/2
f 162/171/2 163/176/2 179/187/2 178/181/2
f 176/174/4 169/164/4 185/188/4 192/185/4
f 168/170/4 161/172/4 177/182/4 184/177/4
f 174/161/2 175/175/2 191/186/2 190/189/2
f 173/162/5 174/161/5 190/189/5 189/190/5
f 169/164/4 170/163/4 186/191/4 185/188/4
f 166/166/3 167/165/3 183/178/3 182/192/3
f 170/163/3 171/167/3 187/180/3 186/191/3
f 172/168/5 173/162/5 189/190/5 188/179/5
f 165/169/5 166/166/5 182/192/5 181/183/5
f 177/182/6 190/189/6 184/177/6
f 190/189/6 183/178/6 184/177/6
f 190/189/6 182/192/6 183/178/6
f 190/189/6 191/186/6 182/192/6
f 191/186/6 192/185/6 182/192/6
f 192/185/6 181/183/6 182/192/6
f 177/182/6 189/190/6 190/189/6
f 185/188/6 181/183/6 192/185/6
f 178/181/6 189/190/6 177/182/6
f 178/181/6 188/179/6 189/190/6
f 186/191/6 181/183/6 185/188/6
f 186/191/6 180/184/6 181/183/6
f 178/181/6 187/180/6 188/179/6
f 178/181/6 186/191/6 187/180/6
f 178/181/6 180/184/6 186/191/6
f 179/187/2 180/184/2 178/181/2
o Curve.001
v -3.338386 -0.029425 -1.928365
v -3.339652 -0.029425 -1.912093
v -3.340769 -0.029425 -1.870720
v -3.341737 -0.029425 -1.806016
v -3.342556 -0.029425 -1.719758
v -3.343226 -0.029425 -1.613719
v -3.343748 -0.029425 -1.489676
v -3.344120 -0.029425 -1.349400
v -3.344343 -0.029425 -1.194667
v -3.344418 -0.029425 -1.027253
v -3.344343 -0.029425 -0.848931
v -3.344120 -0.029425 -0.661475
v -3.343747 -0.029425 -0.466661
v -3.342495 -0.029425 -0.139181
v -3.341323 -0.029425 0.134399
v -3.340089 -0.029425 0.358926
v -3.338650 -0.029425 0.539244
v -3.336864 -0.029425 0.680201
v -3.334587 -0.029425 0.786642
v -3.331678 -0.029425 0.863413
v -3.327993 -0.029425 0.915359
v -3.323389 -0.029425 0.947326
v -3.317724 -0.029425 0.964160
v -3.310855 -0.029425 0.970707
v -3.302639 -0.029425 0.971813
v -3.294424 -0.029425 0.970721
v -3.287555 -0.029425 0.964268
v -3.281890 -0.029425 0.947690
v -3.277286 -0.029425 0.916220
v -3.273601 -0.029425 0.865094
v -3.270691 -0.029425 0.789547
v -3.268414 -0.029425 0.684813
v -3.266628 -0.029425 0.546128
v -3.265189 -0.029425 0.368726
v -3.263955 -0.029425 0.147842
v -3.262783 -0.029425 -0.121288
v -3.261531 -0.029425 -0.443430
v -3.261461 -0.029425 -0.471312
v -3.261267 -0.029425 -0.548396
v -3.260973 -0.029425 -0.664841
v -3.260604 -0.029425 -0.810809
v -3.260187 -0.029425 -0.976457
v -3.259744 -0.029425 -1.151946
v -3.259301 -0.029425 -1.327435
v -3.258883 -0.029425 -1.493083
v -3.258515 -0.029425 -1.639050
v -3.258222 -0.029425 -1.755497
v -3.258027 -0.029425 -1.832580
v -3.257957 -0.029425 -1.860461
v -1.331246 -0.029425 -1.864035
v -0.892008 -0.029425 -1.865287
v -0.525248 -0.029425 -1.866459
v -0.224432 -0.029425 -1.867692
v 0.016975 -0.029425 -1.869131
v 0.205507 -0.029425 -1.870917
v 0.347700 -0.029425 -1.873193
v 0.450089 -0.029425 -1.876102
v 0.519207 -0.029425 -1.879786
v 0.561590 -0.029425 -1.884388
v 0.583772 -0.029425 -1.890052
v 0.592290 -0.029425 -1.896920
v 0.593677 -0.029425 -1.905134
v 0.592268 -0.029425 -1.913348
v 0.583599 -0.029425 -1.920216
v 0.561003 -0.029425 -1.925880
v 0.517816 -0.029425 -1.930482
v 0.447372 -0.029425 -1.934166
v 0.343008 -0.029425 -1.937075
v 0.198056 -0.029425 -1.939351
v 0.005853 -0.029425 -1.941137
v -0.240267 -0.029425 -1.942576
v -0.546969 -0.029425 -1.943810
v -0.920918 -0.029425 -1.944981
v -1.368780 -0.029425 -1.946233
v -1.735205 -0.029425 -1.946973
v -2.056080 -0.029425 -1.947392
v -2.334034 -0.029425 -1.947462
v -2.571700 -0.029425 -1.947160
v -2.771707 -0.029425 -1.946461
v -2.936689 -0.029425 -1.945340
v -3.069276 -0.029425 -1.943772
v -3.172100 -0.029425 -1.941733
v -3.247792 -0.029425 -1.939198
v -3.298982 -0.029425 -1.936140
v -3.328303 -0.029425 -1.932538
v -3.339652 -0.029425 -1.912093
v -3.340769 -0.029425 -1.870720
v -3.341737 -0.029425 -1.806016
v -3.342556 -0.029425 -1.719758
v -3.343226 -0.029425 -1.613719
v -3.343748 -0.029425 -1.489676
v -3.344120 -0.029425 -1.349400
v -3.344343 -0.029425 -1.194667
v -3.344418 -0.029425 -1.027253
v -3.344343 -0.029425 -0.848931
v -3.344120 -0.029425 -0.661475
v -3.343747 -0.029425 -0.466661
v -3.342495 -0.029425 -0.139181
v -3.341323 -0.029425 0.134399
v -3.340089 -0.029425 0.358926
v -3.338650 -0.029425 0.539244
v -3.336864 -0.029425 0.680201
v -3.334587 -0.029425 0.786642
v -3.331678 -0.029425 0.863413
v -3.327993 -0.029425 0.915359
v -3.323389 -0.029425 0.947326
v -3.317724 -0.029425 0.964160
v -3.302639 -0.029425 0.971813
v -3.294424 -0.029425 0.970721
v -3.287555 -0.029425 0.964268
v -3.281890 -0.029425 0.947690
v -3.277286 -0.029425 0.916220
v -3.273601 -0.029425 0.865094
v -3.270691 -0.029425 0.789547
v -3.268414 -0.029425 0.684813
v -3.266628 -0.029425 0.546128
v -3.265189 -0.029425 0.368726
v -3.263955 -0.029425 0.147842
v -3.262783 -0.029425 -0.121288
v -3.261531 -0.029425 -0.443430
v -3.261461 -0.029425 -0.471312
v -3.261267 -0.029425 -0.548396
v -3.260973 -0.029425 -0.664841
v -3.260604 -0.029425 -0.810809
v -3.260187 -0.029425 -0.976457
v -3.259744 -0.029425 -1.151946
v -3.259301 -0.029425 -1.327435
v -3.258883 -0.029425 -1.493083
v -3.258515 -0.029425 -1.639050
v -3.258222 -0.029425 -1.755497
v -3.258027 -0.029425 -1.832580
v -3.257957 -0.029425 -1.860461
v -1.331246 -0.029425 -1.864035
v -0.892008 -0.029425 -1.865287
v -0.525248 -0.029425 -1.866459
v -0.224432 -0.029425 -1.867692
v 0.016975 -0.029425 -1.869131
v 0.205507 -0.029425 -1.870917
v 0.347700 -0.029425 -1.873193
v 0.450089 -0.029425 -1.876102
v 0.519207 -0.029425 -1.879786
v 0.561590 -0.029425 -1.884388
v 0.583772 -0.029425 -1.890052
v 0.593677 -0.029425 -1.905134
v 0.583599 -0.029425 -1.920216
v 0.561003 -0.029425 -1.925880
v 0.517816 -0.029425 -1.930482
v 0.447372 -0.029425 -1.934166
v 0.343008 -0.029425 -1.937075
v 0.198056 -0.029425 -1.939351
v 0.005853 -0.029425 -1.941137
v -0.240267 -0.029425 -1.942576
v -0.546969 -0.029425 -1.943810
v -0.920918 -0.029425 -1.944981
v -1.368780 -0.029425 -1.946233
v -1.735205 -0.029425 -1.946973
v -2.056080 -0.029425 -1.947392
v -2.334034 -0.029425 -1.947462
v -2.571700 -0.029425 -1.947160
v -2.771707 -0.029425 -1.946461
v -2.936689 -0.029425 -1.945340
v -3.069276 -0.029425 -1.943772
v -3.172100 -0.029425 -1.941733
v -3.247792 -0.029425 -1.939198
v -3.298982 -0.029425 -1.936140
v -3.328303 -0.029425 -1.932538
v -3.339652 -0.029425 -1.912093
v -3.340769 -0.029425 -1.870720
v -3.341737 -0.029425 -1.806016
v -3.342556 -0.029425 -1.719758
v -3.343226 -0.029425 -1.613719
v -3.343748 -0.029425 -1.489676
v -3.344120 -0.029425 -1.349400
v -3.344343 -0.029425 -1.194667
v -3.344418 -0.029425 -1.027253
v -3.344343 -0.029425 -0.848931
v -3.344120 -0.029425 -0.661475
v -3.343747 -0.029425 -0.466661
v -3.342495 -0.029425 -0.139181
v -3.341323 -0.029425 0.134399
v -3.340089 -0.029425 0.358926
v -3.338650 -0.029425 0.539244
v -3.336864 -0.029425 0.680201
v -3.334587 -0.029425 0.786642
v -3.331678 -0.029425 0.863413
v -3.327993 -0.029425 0.915359
v -3.323389 -0.029425 0.947326
v -3.317724 -0.029425 0.964160
v -3.302639 -0.029425 0.971813
v -3.294424 -0.029425 0.970721
v -3.287555 -0.029425 0.964268
v -3.281890 -0.029425 0.947690
v -3.277286 -0.029425 0.916220
v -3.273601 -0.029425 0.865094
v -3.270691 -0.029425 0.789547
v -3.268414 -0.029425 0.684813
v -3.266628 -0.029425 0.546128
v -3.265189 -0.029425 0.368726
v -3.263955 -0.029425 0.147842
v -3.262783 -0.029425 -0.121288
v -3.261531 -0.029425 -0.443430
v -3.261461 -0.029425 -0.471312
v -3.261267 -0.029425 -0.548396
v -3.260973 -0.029425 -0.664841
v -3.260604 -0.029425 -0.810809
v -3.260187 -0.029425 -0.976457
v -3.259744 -0.029425 -1.151946
v -3.259301 -0.029425 -1.327435
v -3.258883 -0.029425 -1.493083
v -3.258515 -0.029425 -1.639050
v -3.258222 -0.029425 -1.755497
v -3.258027 -0.029425 -1.832580
v -3.257957 -0.029425 -1.860461
v -1.331246 -0.029425 -1.864035
v -0.892008 -0.029425 -1.865287
v -0.525248 -0.029425 -1.866459
v -0.224432 -0.029425 -1.867692
v 0.016975 -0.029425 -1.869131
v 0.205507 -0.029425 -1.870917
v 0.347700 -0.029425 -1.873193
v 0.450089 -0.029425 -1.876102
v 0.519207 -0.029425 -1.879786
v 0.561590 -0.029425 -1.884388
v 0.583772 -0.029425 -1.890052
v 0.593677 -0.029425 -1.905134
v 0.583599 -0.029425 -1.920216
v 0.561003 -0.029425 -1.925880
v 0.517816 -0.029425 -1.930482
v 0.447372 -0.029425 -1.934166
v 0.343008 -0.029425 -1.937075
v 0.198056 -0.029425 -1.939351
v 0.005853 -0.029425 -1.941137
v -0.240267 -0.029425 -1.942576
v -0.546969 -0.029425 -1.943810
v -0.920918 -0.029425 -1.944981
v -1.368780 -0.029425 -1.946233
v -1.735205 -0.029425 -1.946973
v -2.056080 -0.029425 -1.947392
v -2.334034 -0.029425 -1.947462
v -2.571700 -0.029425 -1.947160
v -2.771707 -0.029425 -1.946461
v -2.936689 -0.029425 -1.945340
v -3.069276 -0.029425 -1.943772
v -3.172100 -0.029425 -1.941733
v -3.247792 -0.029425 -1.939198
v -3.298982 -0.029425 -1.936140
v -3.328303 -0.029425 -1.932538
v -3.339652 -0.029425 -1.912093
v -3.340769 -0.029425 -1.870720
v -3.341737 -0.029425 -1.806016
v -3.342556 -0.029425 -1.719758
v -3.343226 -0.029425 -1.613719
v -3.343748 -0.029425 -1.489676
v -3.344120 -0.029425 -1.349400
v -3.344343 -0.029425 -1.194667
v -3.344418 -0.029425 -1.027253
v -3.344343 -0.029425 -0.848931
v -3.344120 -0.029425 -0.661475
v -3.343747 -0.029425 -0.466661
v -3.342495 -0.029425 -0.139181
v -3.341323 -0.029425 0.134399
v -3.340089 -0.029425 0.358926
v -3.338650 -0.029425 0.539244
v -3.336864 -0.029425 0.680201
v -3.334587 -0.029425 0.786642
v -3.331678 -0.029425 0.863413
v -3.327993 -0.029425 0.915359
v -3.323389 -0.029425 0.947326
v -3.317724 -0.029425 0.964160
v -3.302639 -0.029425 0.971813
v -3.294424 -0.029425 0.970721
v -3.287555 -0.029425 0.964268
v -3.281890 -0.029425 0.947690
v -3.277286 -0.029425 0.916220
v -3.273601 -0.029425 0.865094
v -3.270691 -0.029425 0.789547
v -3.268414 -0.029425 0.684813
v -3.266628 -0.029425 0.546128
v -3.265189 -0.029425 0.368726
v -3.263955 -0.029425 0.147842
v -3.262783 -0.029425 -0.121288
v -3.261531 -0.029425 -0.443430
v -3.261461 -0.029425 -0.471312
v -3.261267 -0.029425 -0.548396
v -3.260973 -0.029425 -0.664841
v -3.260604 -0.029425 -0.810809
v -3.260187 -0.029425 -0.976457
v -3.259744 -0.029425 -1.151946
v -3.259301 -0.029425 -1.327435
v -3.258883 -0.029425 -1.493083
v -3.258515 -0.029425 -1.639050
v -3.258222 -0.029425 -1.755497
v -3.258027 -0.029425 -1.832580
v -3.257957 -0.029425 -1.860461
v -1.331246 -0.029425 -1.864035
v -0.892008 -0.029425 -1.865287
v -0.525248 -0.029425 -1.866459
v -0.224432 -0.029425 -1.867692
v 0.016975 -0.029425 -1.869131
v 0.205507 -0.029425 -1.870917
v 0.347700 -0.029425 -1.873193
v 0.450089 -0.029425 -1.876102
v 0.519207 -0.029425 -1.879786
v 0.561590 -0.029425 -1.884388
v 0.583772 -0.029425 -1.890052
v 0.593677 -0.029425 -1.905134
v 0.583599 -0.029425 -1.920216
v 0.561003 -0.029425 -1.925880
v 0.517816 -0.029425 -1.930482
v 0.447372 -0.029425 -1.934166
v 0.343008 -0.029425 -1.937075
v 0.198056 -0.029425 -1.939351
v 0.005853 -0.029425 -1.941137
v -0.240267 -0.029425 -1.942576
v -0.546969 -0.029425 -1.943810
v -0.920918 -0.029425 -1.944981
v -1.368780 -0.029425 -1.946233
v -1.735205 -0.029425 -1.946973
v -2.056080 -0.029425 -1.947392
v -2.334034 -0.029425 -1.947462
v -2.571700 -0.029425 -1.947160
v -2.771707 -0.029425 -1.946461
v -2.936689 -0.029425 -1.945340
v -3.069276 -0.029425 -1.943772
v -3.172100 -0.029425 -1.941733
v -3.247792 -0.029425 -1.939198
v -3.298982 -0.029425 -1.936140
v -3.328303 -0.029425 -1.932538
v -3.339652 -0.029425 -1.912093
v -3.340769 -0.029425 -1.870720
v -3.341737 -0.029425 -1.806016
v -3.342556 -0.029425 -1.719758
v -3.343226 -0.029425 -1.613719
v -3.343748 -0.029425 -1.489676
v -3.344120 -0.029425 -1.349400
v -3.344343 -0.029425 -1.194667
v -3.344418 -0.029425 -1.027253
v -3.344343 -0.029425 -0.848931
v -3.344120 -0.029425 -0.661475
v -3.343747 -0.029425 -0.466661
v -3.342495 -0.029425 -0.139181
v -3.341323 -0.029425 0.134399
v -3.340089 -0.029425 0.358926
v -3.338650 -0.029425 0.539244
v -3.336864 -0.029425 0.680201
v -3.334587 -0.029425 0.786642
v -3.331678 -0.029425 0.863413
v -3.327993 -0.029425 0.915359
v -3.323389 -0.029425 0.947326
v -3.317724 -0.029425 0.964160
v -3.302639 -0.029425 0.971813
v -3.294424 -0.029425 0.970721
v -3.287555 -0.029425 0.964268
v -3.281890 -0.029425 0.947690
v -3.277286 -0.029425 0.916220
v -3.273601 -0.029425 0.865094
v -3.270691 -0.029425 0.789547
v -3.268414 -0.029425 0.684813
v -3.266628 -0.029425 0.546128
v -3.265189 -0.029425 0.368726
v -3.263955 -0.029425 0.147842
v -3.262783 -0.029425 -0.121288
v -3.261531 -0.029425 -0.443430
v -3.261461 -0.029425 -0.471312
v -3.261267 -0.029425 -0.548396
v -3.260973 -0.029425 -0.664841
v -3.260604 -0.029425 -0.810809
v -3.260187 -0.029425 -0.976457
v -3.259744 -0.029425 -1.151946
v -3.259301 -0.029425 -1.327435
v -3.258883 -0.029425 -1.493083
v -3.258515 -0.029425 -1.639050
v -3.258222 -0.029425 -1.755497
v -3.258027 -0.029425 -1.832580
v -3.257957 -0.029425 -1.860461
v -1.331246 -0.029425 -1.864035
v -0.892008 -0.029425 -1.865287
v -0.525248 -0.029425 -1.866459
v -0.224432 -0.029425 -1.867692
v 0.016975 -0.029425 -1.869131
v 0.205507 -0.029425 -1.870917
v 0.347700 -0.029425 -1.873193
v 0.450089 -0.029425 -1.876102
v 0.519207 -0.029425 -1.879786
v 0.561590 -0.029425 -1.884388
v 0.583772 -0.029425 -1.890052
v 0.593677 -0.029425 -1.905134
v 0.583599 -0.029425 -1.920216
v 0.561003 -0.029425 -1.925880
v 0.517816 -0.029425 -1.930482
v 0.447372 -0.029425 -1.934166
v 0.343008 -0.029425 -1.937075
v 0.198056 -0.029425 -1.939351
v 0.005853 -0.029425 -1.941137
v -0.240267 -0.029425 -1.942576
v -0.546969 -0.029425 -1.943810
v -0.920918 -0.029425 -1.944981
v -1.368780 -0.029425 -1.946233
v -1.735205 -0.029425 -1.946973
v -2.056080 -0.029425 -1.947392
v -2.334034 -0.029425 -1.947462
v -2.571700 -0.029425 -1.947160
v -2.771707 -0.029425 -1.946461
v -2.936689 -0.029425 -1.945340
v -3.069276 -0.029425 -1.943772
v -3.172100 -0.029425 -1.941733
v -3.247792 -0.029425 -1.939198
v -3.298982 -0.029425 -1.936140
v -3.328303 -0.029425 -1.932538
v -3.339652 -0.029425 -1.912093
v -3.340769 -0.029425 -1.870720
v -3.341737 -0.029425 -1.806016
v -3.342556 -0.029425 -1.719758
v -3.343226 -0.029425 -1.613719
v -3.343748 -0.029425 -1.489676
v -3.344120 -0.029425 -1.349400
v -3.344343 -0.029425 -1.194667
v -3.344418 -0.029425 -1.027253
v -3.344343 -0.029425 -0.848931
v -3.344120 -0.029425 -0.661475
v -3.343747 -0.029425 -0.466661
v -3.342495 -0.029425 -0.139181
v -3.341323 -0.029425 0.134399
v -3.340089 -0.029425 0.358926
v -3.338650 -0.029425 0.539244
v -3.336864 -0.029425 0.680201
v -3.334587 -0.029425 0.786642
v -3.331678 -0.029425 0.863413
v -3.327993 -0.029425 0.915359
v -3.323389 -0.029425 0.947326
v -3.317724 -0.029425 0.964160
v -3.302639 -0.029425 0.971813
v -3.294424 -0.029425 0.970721
v -3.287555 -0.029425 0.964268
v -3.281890 -0.029425 0.947690
v -3.277286 -0.029425 0.916220
v -3.273601 -0.029425 0.865094
v -3.270691 -0.029425 0.789547
v -3.268414 -0.029425 0.684813
v -3.266628 -0.029425 0.546128
v -3.265189 -0.029425 0.368726
v -3.263955 -0.029425 0.147842
v -3.262783 -0.029425 -0.121288
v -3.261531 -0.029425 -0.443430
v -3.261461 -0.029425 -0.471312
v -3.261267 -0.029425 -0.548396
v -3.260973 -0.029425 -0.664841
v -3.260604 -0.029425 -0.810809
v -3.260187 -0.029425 -0.976457
v -3.259744 -0.029425 -1.151946
v -3.259301 -0.029425 -1.327435
v -3.258883 -0.029425 -1.493083
v -3.258515 -0.029425 -1.639050
v -3.258222 -0.029425 -1.755497
v -3.258027 -0.029425 -1.832580
v -3.257957 -0.029425 -1.860461
v -1.331246 -0.029425 -1.864035
v -0.892008 -0.029425 -1.865287
v -0.525248 -0.029425 -1.866459
v -0.224432 -0.029425 -1.867692
v 0.016975 -0.029425 -1.869131
v 0.205507 -0.029425 -1.870917
v 0.347700 -0.029425 -1.873193
v 0.450089 -0.029425 -1.876102
v 0.519207 -0.029425 -1.879786
v 0.561590 -0.029425 -1.884388
v 0.583772 -0.029425 -1.890052
v 0.593677 -0.029425 -1.905134
v 0.583599 -0.029425 -1.920216
v 0.561003 -0.029425 -1.925880
v 0.517816 -0.029425 -1.930482
v 0.447372 -0.029425 -1.934166
v 0.343008 -0.029425 -1.937075
v 0.198056 -0.029425 -1.939351
v 0.005853 -0.029425 -1.941137
v -0.240267 -0.029425 -1.942576
v -0.546969 -0.029425 -1.943810
v -0.920918 -0.029425 -1.944981
v -1.368780 -0.029425 -1.946233
v -1.735205 -0.029425 -1.946973
v -2.056080 -0.029425 -1.947392
v -2.334034 -0.029425 -1.947462
v -2.571700 -0.029425 -1.947160
v -2.771707 -0.029425 -1.946461
v -2.936689 -0.029425 -1.945340
v -3.069276 -0.029425 -1.943772
v -3.172100 -0.029425 -1.941733
v -3.247792 -0.029425 -1.939198
v -3.298982 -0.029425 -1.936140
v -3.328303 -0.029425 -1.932538
v -3.339652 -0.029425 -1.912093
v -3.340769 -0.029425 -1.870720
v -3.341737 -0.029425 -1.806016
v -3.342556 -0.029425 -1.719758
v -3.343226 -0.029425 -1.613719
v -3.343748 -0.029425 -1.489676
v -3.344120 -0.029425 -1.349400
v -3.344343 -0.029425 -1.194667
v -3.344418 -0.029425 -1.027253
v -3.344343 -0.029425 -0.848931
v -3.344120 -0.029425 -0.661475
v -3.343747 -0.029425 -0.466661
v -3.342495 -0.029425 -0.139181
v -3.341323 -0.029425 0.134399
v -3.340089 -0.029425 0.358926
v -3.338650 -0.029425 0.539244
v -3.336864 -0.029425 0.680201
v -3.334587 -0.029425 0.786642
v -3.331678 -0.029425 0.863413
v -3.327993 -0.029425 0.915359
v -3.323389 -0.029425 0.947326
v -3.317724 -0.029425 0.964160
v -3.302639 -0.029425 0.971813
v -3.294424 -0.029425 0.970721
v -3.287555 -0.029425 0.964268
v -3.281890 -0.029425 0.947690
v -3.277286 -0.029425 0.916220
v -3.273601 -0.029425 0.865094
v -3.270691 -0.029425 0.789547
v -3.268414 -0.029425 0.684813
v -3.266628 -0.029425 0.546128
v -3.265189 -0.029425 0.368726
v -3.263955 -0.029425 0.147842
v -3.262783 -0.029425 -0.121288
v -3.261531 -0.029425 -0.443430
v -3.261461 -0.029425 -0.471312
v -3.261267 -0.029425 -0.548396
v -3.260973 -0.029425 -0.664841
v -3.260604 -0.029425 -0.810809
v -3.260187 -0.029425 -0.976457
v -3.259744 -0.029425 -1.151946
v -3.259301 -0.029425 -1.327435
v -3.258883 -0.029425 -1.493083
v -3.258515 -0.029425 -1.639050
v -3.258222 -0.029425 -1.755497
v -3.258027 -0.029425 -1.832580
v -3.257957 -0.029425 -1.860461
v -1.331246 -0.029425 -1.864035
v -0.892008 -0.029425 -1.865287
v -0.525248 -0.029425 -1.866459
v -0.224432 -0.029425 -1.867692
v 0.016975 -0.029425 -1.869131
v 0.205507 -0.029425 -1.870917
v 0.347700 -0.029425 -1.873193
v 0.450089 -0.029425 -1.876102
v 0.519207 -0.029425 -1.879786
v 0.561590 -0.029425 -1.884388
v 0.583772 -0.029425 -1.890052
v 0.593677 -0.029425 -1.905134
v 0.583599 -0.029425 -1.920216
v 0.561003 -0.029425 -1.925880
v 0.517816 -0.029425 -1.930482
v 0.447372 -0.029425 -1.934166
v 0.343008 -0.029425 -1.937075
v 0.198056 -0.029425 -1.939351
v 0.005853 -0.029425 -1.941137
v -0.240267 -0.029425 -1.942576
v -0.546969 -0.029425 -1.943810
v -0.920918 -0.029425 -1.944981
v -1.368780 -0.029425 -1.946233
v -1.735205 -0.029425 -1.946973
v -2.056080 -0.029425 -1.947392
v -2.334034 -0.029425 -1.947462
v -2.571700 -0.029425 -1.947160
v -2.771707 -0.029425 -1.946461
v -2.936689 -0.029425 -1.945340
v -3.069276 -0.029425 -1.943772
v -3.172100 -0.029425 -1.941733
v -3.247792 -0.029425 -1.939198
v -3.298982 -0.029425 -1.936140
v -3.328303 -0.029425 -1.932538
v -3.339652 -0.029425 -1.912093
v -3.340769 -0.029425 -1.870720
v -3.341737 -0.029425 -1.806016
v -3.342556 -0.029425 -1.719758
v -3.343226 -0.029425 -1.613719
v -3.343748 -0.029425 -1.489676
v -3.344120 -0.029425 -1.349400
v -3.344343 -0.029425 -1.194667
v -3.344418 -0.029425 -1.027253
v -3.344343 -0.029425 -0.848931
v -3.344120 -0.029425 -0.661475
v -3.343747 -0.029425 -0.466661
v -3.342495 -0.029425 -0.139181
v -3.341323 -0.029425 0.134399
v -3.340089 -0.029425 0.358926
v -3.338650 -0.029425 0.539244
v -3.336864 -0.029425 0.680201
v -3.334587 -0.029425 0.786642
v -3.331678 -0.029425 0.863413
v -3.327993 -0.029425 0.915359
v -3.323389 -0.029425 0.947326
v -3.317724 -0.029425 0.964160
v -3.302639 -0.029425 0.971813
v -3.294424 -0.029425 0.970721
v -3.287555 -0.029425 0.964268
v -3.281890 -0.029425 0.947690
v -3.277286 -0.029425 0.916220
v -3.273601 -0.029425 0.865094
v -3.270691 -0.029425 0.789547
v -3.268414 -0.029425 0.684813
v -3.266628 -0.029425 0.546128
v -3.265189 -0.029425 0.368726
v -3.263955 -0.029425 0.147842
v -3.262783 -0.029425 -0.121288
v -3.261531 -0.029425 -0.443430
v -3.261461 -0.029425 -0.471312
v -3.261267 -0.029425 -0.548396
v -3.260973 -0.029425 -0.664841
v -3.260604 -0.029425 -0.810809
v -3.260187 -0.029425 -0.976457
v -3.259744 -0.029425 -1.151946
v -3.259301 -0.029425 -1.327435
v -3.258883 -0.029425 -1.493083
v -3.258515 -0.029425 -1.639050
v -3.258222 -0.029425 -1.755497
v -3.258027 -0.029425 -1.832580
v -3.257957 -0.029425 -1.860461
v -1.331246 -0.029425 -1.864035
v -0.892008 -0.029425 -1.865287
v -0.525248 -0.029425 -1.866459
v -0.224432 -0.029425 -1.867692
v 0.016975 -0.029425 -1.869131
v 0.205507 -0.029425 -1.870917
v 0.347700 -0.029425 -1.873193
v 0.450089 -0.029425 -1.876102
v 0.519207 -0.029425 -1.879786
v 0.561590 -0.029425 -1.884388
v 0.583772 -0.029425 -1.890052
v 0.593677 -0.029425 -1.905134
v 0.583599 -0.029425 -1.920216
v 0.561003 -0.029425 -1.925880
v 0.517816 -0.029425 -1.930482
v 0.447372 -0.029425 -1.934166
v 0.343008 -0.029425 -1.937075
v 0.198056 -0.029425 -1.939351
v 0.005853 -0.029425 -1.941137
v -0.240267 -0.029425 -1.942576
v -0.546969 -0.029425 -1.943810
v -0.920918 -0.029425 -1.944981
v -1.368780 -0.029425 -1.946233
v -1.735205 -0.029425 -1.946973
v -2.056080 -0.029425 -1.947392
v -2.334034 -0.029425 -1.947462
v -2.571700 -0.029425 -1.947160
v -2.771707 -0.029425 -1.946461
v -2.936689 -0.029425 -1.945340
v -3.069276 -0.029425 -1.943772
v -3.172100 -0.029425 -1.941733
v -3.247792 -0.029425 -1.939198
v -3.298982 -0.029425 -1.936140
v -3.328303 -0.029425 -1.932538
v -3.339652 -0.029425 -1.912093
v -3.340769 -0.029425 -1.870720
v -3.341737 -0.029425 -1.806016
v -3.342556 -0.029425 -1.719758
v -3.343226 -0.029425 -1.613719
v -3.343748 -0.029425 -1.489676
v -3.344120 -0.029425 -1.349400
v -3.344343 -0.029425 -1.194667
v -3.344418 -0.029425 -1.027253
v -3.344343 -0.029425 -0.848931
v -3.344120 -0.029425 -0.661475
v -3.343747 -0.029425 -0.466661
v -3.342495 -0.029425 -0.139181
v -3.341323 -0.029425 0.134399
v -3.340089 -0.029425 0.358926
v -3.338650 -0.029425 0.539244
v -3.336864 -0.029425 0.680201
v -3.334587 -0.029425 0.786642
v -3.331678 -0.029425 0.863413
v -3.327993 -0.029425 0.915359
v -3.323389 -0.029425 0.947326
v -3.317724 -0.029425 0.964160
v -3.302639 -0.029425 0.971813
v -3.294424 -0.029425 0.970721
v -3.287555 -0.029425 0.964268
v -3.281890 -0.029425 0.947690
v -3.277286 -0.029425 0.916220
v -3.273601 -0.029425 0.865094
v -3.270691 -0.029425 0.789547
v -3.268414 -0.029425 0.684813
v -3.266628 -0.029425 0.546128
v -3.265189 -0.029425 0.368726
v -3.263955 -0.029425 0.147842
v -3.262783 -0.029425 -0.121288
v -3.261531 -0.029425 -0.443430
v -3.261461 -0.029425 -0.471312
v -3.261267 -0.029425 -0.548396
v -3.260973 -0.029425 -0.664841
v -3.260604 -0.029425 -0.810809
v -3.260187 -0.029425 -0.976457
v -3.259744 -0.029425 -1.151946
v -3.259301 -0.029425 -1.327435
v -3.258883 -0.029425 -1.493083
v -3.258515 -0.029425 -1.639050
v -3.258222 -0.029425 -1.755497
v -3.258027 -0.029425 -1.832580
v -3.257957 -0.029425 -1.860461
v -1.331246 -0.029425 -1.864035
v -0.892008 -0.029425 -1.865287
v -0.525248 -0.029425 -1.866459
v -0.224432 -0.029425 -1.867692
v 0.016975 -0.029425 -1.869131
v 0.205507 -0.029425 -1.870917
v 0.347700 -0.029425 -1.873193
v 0.450089 -0.029425 -1.876102
v 0.519207 -0.029425 -1.879786
v 0.561590 -0.029425 -1.884388
v 0.583772 -0.029425 -1.890052
v 0.593677 -0.029425 -1.905134
v 0.583599 -0.029425 -1.920216
v 0.561003 -0.029425 -1.925880
v 0.517816 -0.029425 -1.930482
v 0.447372 -0.029425 -1.934166
v 0.343008 -0.029425 -1.937075
v 0.198056 -0.029425 -1.939351
v 0.005853 -0.029425 -1.941137
v -0.240267 -0.029425 -1.942576
v -0.546969 -0.029425 -1.943810
v -0.920918 -0.029425 -1.944981
v -1.368780 -0.029425 -1.946233
v -1.735205 -0.029425 -1.946973
v -2.056080 -0.029425 -1.947392
v -2.334034 -0.029425 -1.947462
v -2.571700 -0.029425 -1.947160
v -2.771707 -0.029425 -1.946461
v -2.936689 -0.029425 -1.945340
v -3.069276 -0.029425 -1.943772
v -3.172100 -0.029425 -1.941733
v -3.247792 -0.029425 -1.939198
v -3.298982 -0.029425 -1.936140
v -3.328303 -0.029425 -1.932538
v -3.339652 -0.029425 -1.912093
v -3.340769 -0.029425 -1.870720
v -3.341737 -0.029425 -1.806016
v -3.342556 -0.029425 -1.719758
v -3.343226 -0.029425 -1.613719
v -3.343748 -0.029425 -1.489676
v -3.344120 -0.029425 -1.349400
v -3.344343 -0.029425 -1.194667
v -3.344418 -0.029425 -1.027253
v -3.344343 -0.029425 -0.848931
v -3.344120 -0.029425 -0.661475
v -3.343747 -0.029425 -0.466661
v -3.342495 -0.029425 -0.139181
v -3.341323 -0.029425 0.134399
v -3.340089 -0.029425 0.358926
v -3.338650 -0.029425 0.539244
v -3.336864 -0.029425 0.680201
v -3.334587 -0.029425 0.786642
v -3.331678 -0.029425 0.863413
v -3.327993 -0.029425 0.915359
v -3.323389 -0.029425 0.947326
v -3.317724 -0.029425 0.964160
v -3.302639 -0.029425 0.971813
v -3.294424 -0.029425 0.970721
v -3.287555 -0.029425 0.964268
v -3.281890 -0.029425 0.947690
v -3.277286 -0.029425 0.916220
v -3.273601 -0.029425 0.865094
v -3.270691 -0.029425 0.789547
v -3.268414 -0.029425 0.684813
v -3.266628 -0.029425 0.546128
v -3.265189 -0.029425 0.368726
v -3.263955 -0.029425 0.147842
v -3.262783 -0.029425 -0.121288
v -3.261531 -0.029425 -0.443430
v -3.261461 -0.029425 -0.471312
v -3.261267 -0.029425 -0.548396
v -3.260973 -0.029425 -0.664841
v -3.260604 -0.029425 -0.810809
v -3.260187 -0.029425 -0.976457
v -3.259744 -0.029425 -1.151946
v -3.259301 -0.029425 -1.327435
v -3.258883 -0.029425 -1.493083
v -3.258515 -0.029425 -1.639050
v -3.258222 -0.029425 -1.755497
v -3.258027 -0.029425 -1.832580
v -3.257957 -0.029425 -1.860461
v -1.331246 -0.029425 -1.864035
v -0.892008 -0.029425 -1.865287
v -0.525248 -0.029425 -1.866459
v -0.224432 -0.029425 -1.867692
v 0.016975 -0.029425 -1.869131
v 0.205507 -0.029425 -1.870917
v 0.347700 -0.029425 -1.873193
v 0.450089 -0.029425 -1.876102
v 0.519207 -0.029425 -1.879786
v 0.561590 -0.029425 -1.884388
v 0.583772 -0.029425 -1.890052
v 0.593677 -0.029425 -1.905134
v 0.583599 -0.029425 -1.920216
v 0.561003 -0.029425 -1.925880
v 0.517816 -0.029425 -1.930482
v 0.447372 -0.029425 -1.934166
v 0.343008 -0.029425 -1.937075
v 0.198056 -0.029425 -1.939351
v 0.005853 -0.029425 -1.941137
v -0.240267 -0.029425 -1.942576
v -0.546969 -0.029425 -1.943810
v -0.920918 -0.029425 -1.944981
v -1.368780 -0.029425 -1.946233
v -1.735205 -0.029425 -1.946973
v -2.056080 -0.029425 -1.947392
v -2.334034 -0.029425 -1.947462
v -2.571700 -0.029425 -1.947160
v -2.771707 -0.029425 -1.946461
v -2.936689 -0.029425 -1.945340
v -3.069276 -0.029425 -1.943772
v -3.172100 -0.029425 -1.941733
v -3.247792 -0.029425 -1.939198
v -3.298982 -0.029425 -1.936140
v -3.328303 -0.029425 -1.932538
v -3.339652 -0.029425 -1.912093
v -3.340769 -0.029425 -1.870720
v -3.341737 -0.029425 -1.806016
v -3.342556 -0.029425 -1.719758
v -3.343226 -0.029425 -1.613719
v -3.343748 -0.029425 -1.489676
v -3.344120 -0.029425 -1.349400
v -3.344343 -0.029425 -1.194667
v -3.344418 -0.029425 -1.027253
v -3.344343 -0.029425 -0.848931
v -3.344120 -0.029425 -0.661475
v -3.343747 -0.029425 -0.466661
v -3.342495 -0.029425 -0.139181
v -3.341323 -0.029425 0.134399
v -3.340089 -0.029425 0.358926
v -3.338650 -0.029425 0.539244
v -3.336864 -0.029425 0.680201
v -3.334587 -0.029425 0.786642
v -3.331678 -0.029425 0.863413
v -3.327993 -0.029425 0.915359
v -3.323389 -0.029425 0.947326
v -3.317724 -0.029425 0.964160
v -3.302639 -0.029425 0.971813
v -3.294424 -0.029425 0.970721
v -3.287555 -0.029425 0.964268
v -3.281890 -0.029425 0.947690
v -3.277286 -0.029425 0.916220
v -3.273601 -0.029425 0.865094
v -3.270691 -0.029425 0.789547
v -3.268414 -0.029425 0.684813
v -3.266628 -0.029425 0.546128
v -3.265189 -0.029425 0.368726
v -3.263955 -0.029425 0.147842
v -3.262783 -0.029425 -0.121288
v -3.261531 -0.029425 -0.443430
v -3.261461 -0.029425 -0.471312
v -3.261267 -0.029425 -0.548396
v -3.260973 -0.029425 -0.664841
v -3.260604 -0.029425 -0.810809
v -3.260187 -0.029425 -0.976457
v -3.259744 -0.029425 -1.151946
v -3.259301 -0.029425 -1.327435
v -3.258883 -0.029425 -1.493083
v -3.258515 -0.029425 -1.639050
v -3.258222 -0.029425 -1.755497
v -3.258027 -0.029425 -1.832580
v -3.257957 -0.029425 -1.860461
v -1.331246 -0.029425 -1.864035
v -0.892008 -0.029425 -1.865287
v -0.525248 -0.029425 -1.866459
v -0.224432 -0.029425 -1.867692
v 0.016975 -0.029425 -1.869131
v 0.205507 -0.029425 -1.870917
v 0.347700 -0.029425 -1.873193
v 0.450089 -0.029425 -1.876102
v 0.519207 -0.029425 -1.879786
v 0.561590 -0.029425 -1.884388
v 0.583772 -0.029425 -1.890052
v 0.593677 -0.029425 -1.905134
v 0.583599 -0.029425 -1.920216
v 0.561003 -0.029425 -1.925880
v 0.517816 -0.029425 -1.930482
v 0.447372 -0.029425 -1.934166
v 0.343008 -0.029425 -1.937075
v 0.198056 -0.029425 -1.939351
v 0.005853 -0.029425 -1.941137
v -0.240267 -0.029425 -1.942576
v -0.546969 -0.029425 -1.943810
v -0.920918 -0.029425 -1.944981
v -1.368780 -0.029425 -1.946233
v -1.735205 -0.029425 -1.946973
v -2.056080 -0.029425 -1.947392
v -2.334034 -0.029425 -1.947462
v -2.571700 -0.029425 -1.947160
v -2.771707 -0.029425 -1.946461
v -2.936689 -0.029425 -1.945340
v -3.069276 -0.029425 -1.943772
v -3.172100 -0.029425 -1.941733
v -3.247792 -0.029425 -1.939198
v -3.298982 -0.029425 -1.936140
v -3.328303 -0.029425 -1.932538
v -3.339652 0.759334 -1.912093
v -3.340769 0.759334 -1.870720
v -3.341737 0.759334 -1.806016
v -3.342556 0.759334 -1.719758
v -3.343226 0.759334 -1.613719
v -3.343748 0.759334 -1.489676
v -3.344120 0.759334 -1.349400
v -3.344343 0.759334 -1.194667
v -3.344418 0.759334 -1.027253
v -3.344343 0.759334 -0.848931
v -3.344120 0.759334 -0.661475
v -3.343747 0.759334 -0.466661
v -3.342495 0.759334 -0.139181
v -3.341323 0.759334 0.134399
v -3.340089 0.759334 0.358926
v -3.338650 0.759334 0.539244
v -3.336864 0.759334 0.680201
v -3.334587 0.759334 0.786642
v -3.331678 0.759334 0.863413
v -3.327993 0.759334 0.915359
v -3.323389 0.759334 0.947326
v -3.317724 0.759334 0.964160
v -3.302639 0.759334 0.971813
v -3.294424 0.759334 0.970721
v -3.287555 0.759334 0.964268
v -3.281890 0.759334 0.947690
v -3.277286 0.759334 0.916220
v -3.273601 0.759334 0.865094
v -3.270691 0.759334 0.789547
v -3.268414 0.759334 0.684813
v -3.266628 0.759334 0.546128
v -3.265189 0.759334 0.368726
v -3.263955 0.759334 0.147842
v -3.262783 0.759334 -0.121288
v -3.261531 0.759334 -0.443430
v -3.261461 0.759334 -0.471312
v -3.261267 0.759334 -0.548396
v -3.260973 0.759334 -0.664841
v -3.260604 0.759334 -0.810809
v -3.260187 0.759334 -0.976457
v -3.259744 0.759334 -1.151946
v -3.259301 0.759334 -1.327435
v -3.258883 0.759334 -1.493083
v -3.258515 0.759334 -1.639050
v -3.258222 0.759334 -1.755497
v -3.258027 0.759334 -1.832580
v -3.257957 0.759334 -1.860461
v -1.331246 0.759334 -1.864035
v -0.892008 0.759334 -1.865287
v -0.525248 0.759334 -1.866459
v -0.224432 0.759334 -1.867692
v 0.016975 0.759334 -1.869131
v 0.205507 0.759334 -1.870917
v 0.347700 0.759334 -1.873193
v 0.450089 0.759334 -1.876102
v 0.519207 0.759334 -1.879786
v 0.561590 0.759334 -1.884388
v 0.583772 0.759334 -1.890052
v 0.593677 0.759334 -1.905134
v 0.583599 0.759334 -1.920216
v 0.561003 0.759334 -1.925880
v 0.517816 0.759334 -1.930482
v 0.447372 0.759334 -1.934166
v 0.343008 0.759334 -1.937075
v 0.198056 0.759334 -1.939351
v 0.005853 0.759334 -1.941137
v -0.240267 0.759334 -1.942576
v -0.546969 0.759334 -1.943810
v -0.920918 0.759334 -1.944981
v -1.368780 0.759334 -1.946233
v -1.735205 0.759334 -1.946973
v -2.056080 0.759334 -1.947392
v -2.334034 0.759334 -1.947462
v -2.571700 0.759334 -1.947160
v -2.771707 0.759334 -1.946461
v -2.936689 0.759334 -1.945340
v -3.069276 0.759334 -1.943772
v -3.172100 0.759334 -1.941733
v -3.247792 0.759334 -1.939198
v -3.298982 0.759334 -1.936140
v -3.328303 0.759334 -1.932538
vt 0.000000 0.000000
vt 0.000000 0.000000
vt 0.000000 0.000000
vt 0.000000 0.000000
vt 0.000000 0.000000
vt 0.000000 0.000000
vt 0.000000 0.000000
vt 0.000000 0.000000
vt 0.000000 0.000000
vt 0.000000 0.000000
vt 0.000000 0.000000
vt 0.000000 0.000000
vt 0.000000 0.000000
vt 0.000000 0.000000
vt 0.000000 0.000000
vt 0.000000 0.000000
vt 0.000000 0.000000
vt 0.000000 0.000000
vt 0.000000 0.000000
vt 0.000000 0.000000
vt 0.309524 0.000000
vt 0.297619 0.000000
vt 0.297619 0.000000
vt 0.309524 0.000000
vt 0.000000 0.000000
vt 0.000000 0.000000
vt 0.000000 0.000000
vt 0.000000 0.000000
vt 0.000000 0.000000
vt 0.000000 0.000000
vt 0.000000 0.000000
vt 0.000000 0.000000
vt 0.000000 0.000000
vt 0.000000 0.000000
vt 0.000000 0.000000
vt 0.000000 0.000000
vt 0.000000 0.000000
vt 0.000000 0.000000
vt 0.000000 0.000000
vt 0.000000 0.000000
vt 0.000000 0.000000
vt 0.000000 0.000000
vt 0.000000 0.000000
vt 0.000000 0.000000
vt 0.000000 0.000000
vt 0.000000 0.000000
vt 0.000000 0.000000
vt 0.000000 0.000000
vt 0.000000 0.000000
vt 0.000000 0.000000
vt 0.000000 0.000000
vt 0.000000 0.000000
vt 0.000000 0.000000
vt 0.000000 0.000000
vt 0.000000 0.000000
vt 0.000000 0.000000
vt 0.000000 0.000000
vt 0.000000 0.000000
vt 0.000000 0.000000
vt 0.000000 0.000000
vt 0.000000 0.000000
vt 0.773810 0.000000
vt 1.000000 0.000000
vt 0.761905 0.000000
vt 0.011905 0.000000
vt 0.000000 0.000000
vt 0.000000 0.000000
vt 0.000000 0.000000
vt 0.000000 0.000000
vt 0.738095 0.000000
vt 0.750000 0.000000
vt 0.726190 0.000000
vt 0.000000 0.000000
vt 0.000000 0.000000
vt 0.023810 0.000000
vt 0.714286 0.000000
vt 0.702381 0.000000
vt 0.000000 0.000000
vt 0.000000 0.000000
vt 0.000000 0.000000
vt 0.000000 0.000000
vt 0.261905 0.000000
vt 0.261905 0.000000
vt 0.000000 0.000000
vt 0.000000 0.000000
vt 0.000000 0.000000
vt 0.000000 0.000000
vt 0.023810 0.000000
vt 0.702381 0.000000
vt 0.000000 0.000000
vt 0.000000 0.000000
vt 0.000000 0.000000
vt 0.000000 0.000000
vt 0.000000 0.000000
vt 0.000000 0.000000
vt 0.000000 0.000000
vt 0.000000 0.000000
vt 0.000000 0.000000
vt 0.000000 0.000000
vt 0.000000 0.000000
vt 0.000000 0.000000
vt 0.000000 0.000000
vt 0.000000 0.000000
vt 0.000000 0.000000
vt 0.000000 0.000000
vt 0.000000 0.000000
vt 0.000000 0.000000
vt 0.726190 0.000000
vt 0.000000 0.000000
vt 0.000000 0.000000
vt 0.000000 0.000000
vt 0.000000 0.000000
vt 0.000000 0.000000
vt 0.000000 0.000000
vt 0.000000 0.000000
vt 0.000000 0.000000
vt 0.000000 0.000000
vt 0.000000 0.000000
vt 0.000000 0.000000
vt 0.000000 0.000000
vt 0.000000 0.000000
vt 0.000000 0.000000
vt 0.000000 0.000000
vt 0.000000 0.000000
vt 0.000000 0.000000
vt 0.000000 0.000000
vt 0.000000 0.000000
vt 0.000000 0.000000
vt 0.000000 0.000000
vt 0.000000 0.000000
vt 0.011905 0.000000
vt 0.000000 0.000000
vt 0.000000 0.000000
vt 0.000000 0.000000
vt 0.000000 0.000000
vt 0.000000 0.000000
vt 0.000000 0.000000
vt 0.000000 0.000000
vt 0.000000 0.000000
vt 0.000000 0.000000
vt 0.000000 0.000000
vt 0.000000 0.000000
vt 0.000000 0.000000
vt 0.000000 0.000000
vt 0.000000 0.000000
vt 0.000000 0.000000
vt 0.000000 0.000000
vt 0.000000 0.000000
vt 0.000000 0.000000
vt 0.000000 0.000000
vt 0.000000 0.000000
vt 0.750000 0.000000
vt 0.000000 0.000000
vt 0.000000 0.000000
vt 0.000000 0.000000
vt 0.000000 0.000000
vt 0.000000 0.000000
vt 0.000000 0.000000
vt 0.761905 0.000000
vt 0.000000 0.000000
vt 0.000000 0.000000
vt 0.000000 0.000000
vt 0.000000 0.000000
vt 0.000000 0.000000
vt 0.000000 0.000000
vt 0.773810 0.000000
vt 0.000000 0.000000
vt 0.000000 0.000000
vt 0.000000 0.000000
vt 0.000000 0.000000
vt 0.000000 0.000000
vt 0.000000 0.000000
vt 0.000000 0.000000
vt 0.000000 0.000000
vt 0.000000 0.000000
vt 0.000000 0.000000
vt 0.000000 0.000000
vt 0.000000 0.000000
vt 0.273810 0.000000
vt 0.285714 0.000000
vt 0.000000 0.000000
vt 0.000000 0.000000
vt 0.000000 0.000000
vt 0.000000 0.000000
vt 0.000000 0.000000
vt 0.000000 0.000000
vt 0.000000 0.000000
vt 0.000000 0.000000
vt 0.000000 0.000000
vt 0.000000 0.000000
vt 0.000000 0.000000
vt 0.000000 0.000000
vt 0.000000 0.000000
vt 0.000000 0.000000
vt 0.285714 0.000000
vt 0.285714 0.000000
vt 0.297619 0.000000
vt 0.000000 0.000000
vt 0.000000 0.000000
vt 0.000000 0.000000
vt 0.000000 0.000000
vt 0.309524 0.000000
vt 0.000000 0.000000
vt 0.000000 0.000000
vt 0.000000 0.000000
vt 0.000000 0.000000
vt 0.000000 0.000000
vt 0.000000 0.000000
vt 0.000000 0.000000
vt 0.000000 0.000000
vt 0.261905 0.000000
vt 0.023810 0.000000
vt 0.702381 0.000000
vt 0.000000 0.000000
vt 0.000000 0.000000
vt 0.726190 0.000000
vt 0.000000 0.000000
vt 0.000000 0.000000
vt 0.000000 0.000000
vt 0.000000 0.000000
vt 0.000000 0.000000
vt 0.000000 0.000000
vt 0.000000 0.000000
vt 0.000000 0.000000
vt 0.000000 0.000000
vt 0.000000 0.000000
vt 0.011905 0.000000
vt 0.000000 0.000000
vt 0.000000 0.000000
vt 0.000000 0.000000
vt 0.000000 0.000000
vt 0.000000 0.000000
vt 0.000000 0.000000
vt 0.750000 0.000000
vt 0.000000 0.000000
vt 0.000000 0.000000
vt 0.000000 0.000000
vt 0.761905 0.000000
vt 0.000000 0.000000
vt 0.000000 0.000000
vt 0.000000 0.000000
vt 0.773810 0.000000
vt 0.000000 0.000000
vt 0.000000 0.000000
vt 0.000000 0.000000
vt 0.000000 0.000000
vt 0.000000 0.000000
vt 0.000000 0.000000
vt 0.000000 0.000000
vt 1.000000 0.000000
vt 1.000000 0.000000
vt 0.000000 0.000000
vt 0.000000 0.000000
vt 0.000000 0.000000
vt 0.000000 0.000000
vt 0.000000 0.000000
vt 0.000000 0.000000
vt 0.000000 0.000000
vt 0.000000 0.000000
vt 0.000000 0.000000
vt 0.000000 0.000000
vt 0.000000 0.000000
vt 0.000000 0.000000
vt 0.000000 0.000000
vt 0.000000 0.000000
vt 0.000000 0.000000
vt 0.000000 0.000000
vt 0.000000 0.000000
vt 0.000000 0.000000
vt 0.000000 0.000000
vt 0.000000 0.000000
vt 0.000000 0.000000
vt 0.000000 0.000000
vt 0.000000 0.000000
vt 0.726190 0.000000
vt 0.023810 0.000000
vt 0.000000 0.000000
vt 0.000000 0.000000
vt 0.000000 0.000000
vt 0.000000 0.000000
vt 0.000000 0.000000
vt 0.000000 0.000000
vt 0.000000 0.000000
vt 0.000000 0.000000
vt 0.000000 0.000000
vt 0.000000 0.000000
vt 0.000000 0.000000
vt 0.000000 0.000000
vt 0.000000 0.000000
vt 0.000000 0.000000
vt 0.011905 0.000000
vt 0.000000 0.000000
vt 0.000000 0.000000
vt 0.000000 0.000000
vt 0.000000 0.000000
vt 0.000000 0.000000
vt 0.000000 0.000000
vt 0.000000 0.000000
vt 0.000000 0.000000
vt 0.000000 0.000000
vt 0.750000 0.000000
vt 0.000000 0.000000
vt 0.000000 0.000000
vt 0.000000 0.000000
vt 0.761905 0.000000
vt 0.000000 0.000000
vt 0.000000 0.000000
vt 0.000000 0.000000
vt 0.773810 0.000000
vt 0.000000 0.000000
vt 0.000000 0.000000
vt 0.000000 0.000000
vt 0.000000 0.000000
vt 0.000000 0.000000
vt 0.000000 0.000000
vt 1.000000 0.000000
vt 0.000000 0.000000
vt 0.000000 0.000000
vt 0.000000 0.000000
vt 0.000000 0.000000
vt 0.000000 0.000000
vt 0.000000 0.000000
vt 0.000000 0.000000
vt 0.000000 0.000000
vt 0.000000 0.000000
vt 0.000000 0.000000
vt 0.000000 0.000000
vt 0.000000 0.000000
vt 0.000000 0.000000
vt 0.000000 0.000000
vt 0.000000 0.000000
vt 0.000000 0.000000
vt 0.000000 0.000000
vt 0.000000 0.000000
vt 0.000000 0.000000
vt 0.000000 0.000000
vt 0.000000 0.000000
vt 0.000000 0.000000
vt 0.000000 0.000000
vt 0.000000 0.000000
vt 0.000000 0.000000
vt 0.000000 0.000000
vt 0.000000 0.000000
vt 0.000000 0.000000
vt 0.000000 0.000000
vt 0.000000 0.000000
vt 0.000000 0.000000
vt 0.000000 0.000000
vt 0.000000 0.000000
vt 0.000000 0.000000
vt 0.000000 0.000000
vt 0.000000 0.000000
vt 0.000000 0.000000
vt 0.000000 0.000000
vt 0.000000 0.000000
vt 0.000000 0.000000
vt 0.285714 0.000000
vt 0.297619 0.000000
vt 0.000000 0.000000
vt 0.000000 0.000000
vt 0.773810 0.000000
vt 1.000000 0.000000
vt 0.000000 0.000000
vt 0.000000 0.000000
vt 0.000000 0.000000
vt 0.000000 0.000000
vt 0.000000 0.000000
vt 0.000000 0.000000
vt 0.000000 0.000000
vt 0.000000 0.000000
vt 0.000000 0.000000
vt 0.000000 0.000000
vt 0.000000 0.000000
vt 0.000000 0.000000
vt 0.000000 0.000000
vt 0.000000 0.000000
vt 0.000000 0.000000
vt 0.000000 0.000000
vt 0.000000 0.000000
vt 0.000000 0.000000
vt 0.000000 0.000000
vt 0.000000 0.000000
vt 0.000000 0.000000
vt 0.000000 0.000000
vt 0.000000 0.000000
vt 0.000000 0.000000
vt 0.000000 0.000000
vt 0.000000 0.000000
vt 0.000000 0.000000
vt 0.000000 0.000000
vt 0.000000 0.000000
vt 0.000000 0.000000
vt 0.000000 0.000000
vt 0.000000 0.000000
vt 0.000000 0.000000
vt 0.000000 0.000000
vt 0.000000 0.000000
vt 0.000000 0.000000
vt 0.000000 0.000000
vt 0.000000 0.000000
vt 0.000000 0.000000
vt 0.000000 0.000000
vt 0.000000 0.000000
vt 0.000000 0.000000
vt 0.000000 0.000000
vt 0.000000 0.000000
vt 0.000000 0.000000
vt 0.000000 0.000000
vt 0.000000 0.000000
vt 0.000000 0.000000
vt 0.000000 0.000000
vt 0.285714 0.000000
vt 0.297619 0.000000
vt 0.000000 0.000000
vt 0.309524 0.000000
vt 0.309524 0.000000
vt 0.000000 0.000000
vt 0.000000 0.000000
vt 0.000000 0.000000
vt 0.000000 0.000000
vt 0.000000 0.000000
vt 0.000000 0.000000
vt 0.000000 0.000000
vt 0.000000 0.000000
vt 0.000000 0.000000
vt 0.000000 0.000000
vt 0.000000 0.000000
vt 0.261905 0.000000
vt 0.261905 0.000000
vt 0.702381 0.000000
vt 0.023810 0.000000
vt 0.702381 0.000000
vt 0.000000 0.000000
vt 0.000000 0.000000
vt 0.726190 0.000000
vt 0.000000 0.000000
vt 0.000000 0.000000
vt 0.000000 0.000000
vt 0.000000 0.000000
vt 0.000000 0.000000
vt 0.000000 0.000000
vt 0.000000 0.000000
vt 0.000000 0.000000
vt 0.000000 0.000000
vt 0.011905 0.000000
vt 0.000000 0.000000
vt 0.000000 0.000000
vt 0.000000 0.000000
vt 0.000000 0.000000
vt 0.000000 0.000000
vt 0.750000 0.000000
vt 0.000000 0.000000
vt 0.000000 0.000000
vt 0.000000 0.000000
vt 0.000000 0.000000
vt 0.000000 0.000000
vt 0.000000 0.000000
vt 0.000000 0.000000
vt 0.000000 0.000000
vt 0.000000 0.000000
vt 0.000000 0.000000
vt 0.000000 0.000000
vt 0.000000 0.000000
vt 0.000000 0.000000
vt 0.000000 0.000000
vt 0.000000 0.000000
vt 0.000000 0.000000
vt 0.000000 0.000000
vt 0.000000 0.000000
vt 0.000000 0.000000
vt 0.000000 0.000000
vt 0.000000 0.000000
vt 0.000000 0.000000
vt 0.000000 0.000000
vt 0.000000 0.000000
vt 0.000000 0.000000
vt 0.000000 0.000000
vt 0.285714 0.000000
vt 0.297619 0.000000
vt 0.000000 0.000000
vt 0.000000 0.000000
vt 0.309524 0.000000
vt 0.000000 0.000000
vt 0.000000 0.000000
vt 0.000000 0.000000
vt 0.000000 0.000000
vt 0.000000 0.000000
vt 0.000000 0.000000
vt 0.000000 0.000000
vt 0.000000 0.000000
vt 0.261905 0.000000
vt 0.023810 0.000000
vt 0.702381 0.000000
vt 0.000000 0.000000
vt 0.000000 0.000000
vt 0.726190 0.000000
vt 0.000000 0.000000
vt 0.000000 0.000000
vt 0.000000 0.000000
vt 0.000000 0.000000
vt 0.000000 0.000000
vt 0.000000 0.000000
vt 0.000000 0.000000
vt 0.000000 0.000000
vt 0.000000 0.000000
vt 0.000000 0.000000
vt 0.011905 0.000000
vt 0.000000 0.000000
vt 0.000000 0.000000
vt 0.000000 0.000000
vt 0.000000 0.000000
vt 0.000000 0.000000
vt 0.000000 0.000000
vt 0.750000 0.000000
vt 0.000000 0.000000
vt 0.000000 0.000000
vt 0.000000 0.000000
vt 0.761905 0.000000
vt 0.761905 0.000000
vt 0.000000 0.000000
vt 0.000000 0.000000
vt 0.000000 0.000000
vt 0.000000 0.000000
vt 0.773810 0.000000
vt 0.000000 0.000000
vt 0.000000 0.000000
vt 0.000000 0.000000
vt 0.000000 0.000000
vt 0.000000 0.000000
vt 0.000000 0.000000
vt 0.000000 0.000000
vt 1.000000 0.000000
vt 0.000000 0.000000
vt 0.000000 0.000000
vt 0.000000 0.000000
vt 0.000000 0.000000
vt 0.000000 0.000000
vt 0.000000 0.000000
vt 0.000000 0.000000
vt 0.000000 0.000000
vt 0.000000 0.000000
vt 0.000000 0.000000
vt 0.000000 0.000000
vt 0.000000 0.000000
vt 0.000000 0.000000
vt 0.000000 0.000000
vt 0.000000 0.000000
vt 0.000000 0.000000
vt 0.000000 0.000000
vt 0.000000 0.000000
vt 0.309524 0.000000
vt 0.261905 0.000000
vt 0.023810 0.000000
vt 0.702381 0.000000
vt 0.000000 0.000000
vt 0.000000 0.000000
vt 0.000000 0.000000
vt 0.000000 0.000000
vt 0.726190 0.000000
vt 0.000000 0.000000
vt 0.000000 0.000000
vt 0.000000 0.000000
vt 0.000000 0.000000
vt 0.000000 0.000000
vt 0.000000 0.000000
vt 0.000000 0.000000
vt 0.000000 0.000000
vt 0.000000 0.000000
vt 0.000000 0.000000
vt 0.000000 0.000000
vt 0.000000 0.000000
vt 0.011905 0.000000
vt 0.000000 0.000000
vt 0.000000 0.000000
vt 0.000000 0.000000
vt 0.000000 0.000000
vt 0.000000 0.000000
vt 0.000000 0.000000
vt 0.750000 0.000000
vt 0.000000 0.000000
vt 0.000000 0.000000
vt 0.000000 0.000000
vt 0.761905 0.000000
vt 0.000000 0.000000
vt 0.000000 0.000000
vt 0.000000 0.000000
vt 0.773810 0.000000
vt 0.000000 0.000000
vt 0.000000 0.000000
vt 0.000000 0.000000
vt 0.000000 0.000000
vt 0.000000 0.000000
vt 0.000000 0.000000
vt 1.000000 0.000000
vt 0.000000 0.000000
vt 0.000000 0.000000
vt 0.000000 0.000000
vt 0.000000 0.000000
vt 0.000000 0.000000
vt 0.000000 0.000000
vt 0.000000 0.000000
vt 0.000000 0.000000
vt 0.000000 0.000000
vt 0.000000 0.000000
vt 0.000000 0.000000
vt 0.000000 0.000000
vt 0.000000 0.000000
vt 0.000000 0.000000
vt 0.000000 0.000000
vt 0.000000 0.000000
vt 0.000000 0.000000
vt 0.000000 0.000000
vt 0.000000 0.000000
vt 0.000000 0.000000
vt 0.000000 0.000000
vt 0.000000 0.000000
vt 0.000000 0.000000
vt 0.000000 0.000000
vt 0.000000 0.000000
vt 0.000000 0.000000
vt 0.000000 0.000000
vt 0.000000 0.000000
vt 0.000000 0.000000
vt 0.000000 0.000000
vt 0.000000 0.000000
vt 0.000000 0.000000
vt 0.000000 0.000000
vt 0.000000 0.000000
vt 0.000000 0.000000
vt 0.000000 0.000000
vt 0.000000 0.000000
vt 0.000000 0.000000
vt 0.011905 0.000000
vt 0.761905 0.000000
vt 0.000000 0.000000
vt 0.000000 0.000000
vt 0.000000 0.000000
vt 0.000000 0.000000
vt 0.000000 0.000000
vt 0.000000 0.000000
vt 0.773810 0.000000
vt 0.000000 0.000000
vt 0.000000 0.000000
vt 0.000000 0.000000
vt 0.000000 0.000000
vt 0.000000 0.000000
vt 0.000000 0.000000
vt 0.000000 0.000000
vt 0.000000 0.000000
vt 0.000000 0.000000
vt 1.000000 0.000000
vt 0.000000 0.000000
vt 0.000000 0.000000
vt 0.000000 0.000000
vt 0.000000 0.000000
vt 0.000000 0.000000
vt 0.000000 0.000000
vt 0.000000 0.000000
vt 0.000000 0.000000
vt 0.000000 0.000000
vt 0.000000 0.000000
vt 0.000000 0.000000
vt 0.000000 0.000000
vt 0.000000 0.000000
vt 0.000000 0.000000
vt 0.000000 0.000000
vt 0.000000 0.000000
vt 0.000000 0.000000
vt 0.000000 0.000000
vt 0.000000 0.000000
vt 0.000000 0.000000
vt 0.000000 0.000000
vt 0.000000 0.000000
vt 0.000000 0.000000
vt 0.000000 0.000000
vt 0.000000 0.000000
vt 0.000000 0.000000
vt 0.000000 0.000000
vt 0.000000 0.000000
vt 0.000000 0.000000
vt 0.000000 0.000000
vt 0.000000 0.000000
vt 0.000000 0.000000
vt 0.000000 0.000000
vt 0.000000 0.000000
vt 0.000000 0.000000
vt 0.000000 0.000000
vt 0.000000 0.000000
vt 0.000000 0.000000
vt 0.000000 0.000000
vt 0.000000 0.000000
vt 0.000000 0.000000
vt 0.000000 0.000000
vt 0.000000 0.000000
vt 0.297619 0.000000
vt 0.285714 0.000000
vt 0.285714 0.000000
vt 0.297619 0.000000
vt 0.000000 0.000000
vt 0.309524 0.000000
vt 0.000000 0.000000
vt 0.000000 0.000000
vt 0.000000 0.000000
vt 0.000000 0.000000
vt 0.000000 0.000000
vt 0.000000 0.000000
vt 0.000000 0.000000
vt 0.000000 0.000000
vt 0.000000 0.000000
vt 0.261905 0.000000
vt 0.023810 0.000000
vt 0.702381 0.000000
vt 0.000000 0.000000
vt 0.000000 0.000000
vt 0.726190 0.000000
vt 0.000000 0.000000
vt 0.000000 0.000000
vt 0.000000 0.000000
vt 0.000000 0.000000
vt 0.000000 0.000000
vt 0.000000 0.000000
vt 0.000000 0.000000
vt 0.000000 0.000000
vt 0.000000 0.000000
vt 0.000000 0.000000
vt 0.000000 0.000000
vt 0.000000 0.000000
vt 0.000000 0.000000
vt 0.000000 0.000000
vt 0.000000 0.000000
vt 0.000000 0.000000
vt 0.000000 0.000000
vt 0.000000 0.000000
vt 0.000000 0.000000
vt 0.000000 0.000000
vt 0.000000 0.000000
vt 0.000000 0.000000
vt 0.000000 0.000000
vt 0.000000 0.000000
vt 0.000000 0.000000
vt 0.000000 0.000000
vt 0.000000 0.000000
vt 0.000000 0.000000
vt 0.000000 0.000000
vt 0.000000 0.000000
vt 0.000000 0.000000
vt 0.000000 0.000000
vt 0.000000 0.000000
vt 0.000000 0.000000
vt 0.000000 0.000000
vt 0.000000 0.000000
vt 0.000000 0.000000
vt 0.000000 0.000000
vt 0.000000 0.000000
vt 0.000000 0.000000
vt 0.000000 0.000000
vt 0.285714 0.000000
vt 0.297619 0.000000
vt 0.000000 0.000000
vt 0.000000 0.000000
vt 0.309524 0.000000
vt 0.000000 0.000000
vt 0.000000 0.000000
vt 0.000000 0.000000
vt 0.000000 0.000000
vt 0.000000 0.000000
vt 0.000000 0.000000
vt 0.000000 0.000000
vt 0.000000 0.000000
vt 0.261905 0.000000
vt 0.023810 0.000000
vt 0.702381 0.000000
vt 0.000000 0.000000
vt 0.000000 0.000000
vt 0.726190 0.000000
vt 0.000000 0.000000
vt 0.000000 0.000000
vt 0.000000 0.000000
vt 0.000000 0.000000
vt 0.000000 0.000000
vt 0.000000 0.000000
vt 0.000000 0.000000
vt 0.000000 0.000000
vt 0.000000 0.000000
vt 0.000000 0.000000
vt 0.011905 0.000000
vt 0.000000 0.000000
vt 0.000000 0.000000
vt 0.000000 0.000000
vt 0.000000 0.000000
vt 0.000000 0.000000
vt 0.000000 0.000000
vt 0.000000 0.000000
vt 0.000000 0.000000
vt 0.750000 0.000000
vt 0.750000 0.000000
vt 0.000000 0.000000
vt 0.000000 0.000000
vt 0.000000 0.000000
vt 0.761905 0.000000
vt 0.000000 0.000000
vt 0.000000 0.000000
vt 0.000000 0.000000
vt 0.773810 0.000000
vt 0.000000 0.000000
vt 0.000000 0.000000
vt 0.000000 0.000000
vt 0.000000 0.000000
vt 0.000000 0.000000
vt 1.000000 0.000000
vt 0.000000 0.000000
vt 0.000000 0.000000
vt 0.000000 0.000000
vt 0.285714 0.000000
vt 0.297619 0.000000
vt 0.000000 0.000000
vt 0.000000 0.000000
vt 0.000000 0.000000
vt 0.000000 0.000000
vt 0.309524 0.000000
vt 0.000000 0.000000
vt 0.000000 0.000000
vt 0.000000 0.000000
vt 0.000000 0.000000
vt 0.000000 0.000000
vt 0.000000 0.000000
vt 0.000000 0.000000
vt 0.000000 0.000000
vt 0.000000 0.000000
vt 0.000000 0.000000
vt 0.000000 0.000000
vt 0.000000 0.000000
vt 0.000000 0.000000
vt 0.000000 0.000000
vt 0.261905 0.000000
vt 0.023810 0.000000
vt 0.702381 0.000000
vt 0.000000 0.000000
vt 0.000000 0.000000
vt 0.000000 0.000000
vt 0.726190 0.000000
vt 0.000000 0.000000
vt 0.000000 0.000000
vt 0.000000 0.000000
vt 0.000000 0.000000
vt 0.000000 0.000000
vt 0.000000 0.000000
vt 0.000000 0.000000
vt 0.000000 0.000000
vt 0.000000 0.000000
vt 0.000000 0.000000
vt 0.011905 0.000000
vt 0.000000 0.000000
vt 0.000000 0.000000
vt 0.000000 0.000000
vt 0.000000 0.000000
vt 0.000000 0.000000
vt 0.000000 0.000000
vt 0.750000 0.000000
vt 0.000000 0.000000
vt 0.000000 0.000000
vt 0.000000 0.000000
vt 0.761905 0.000000
vt 0.000000 0.000000
vt 0.000000 0.000000
vt 0.000000 0.000000
vt 0.773810 0.000000
vt 0.000000 0.000000
vt 0.000000 0.000000
vt 0.000000 0.000000
vt 0.000000 0.000000
vt 0.000000 0.000000
vt 0.000000 0.000000
vt 1.000000 0.000000
vt 0.000000 0.000000
vt 0.000000 0.000000
vt 0.000000 0.000000
vt 0.000000 0.000000
vt 0.000000 0.000000
vt 0.000000 0.000000
vt 0.000000 0.000000
vt 0.000000 0.000000
vt 0.000000 0.000000
vt 0.000000 0.000000
vt 0.000000 0.000000
vt 0.000000 0.000000
vt 0.000000 0.000000
vt 0.000000 0.000000
vt 0.000000 0.000000
vt 0.000000 0.000000
vt 0.000000 0.000000
vt 0.000000 0.000000
vt 0.000000 0.000000
vt 0.000000 0.000000
vt 0.000000 0.000000
vt 0.000000 0.000000
vt 0.000000 0.000000
vt 0.000000 0.000000
vt 0.000000 0.000000
vt 0.000000 0.000000
vt 0.000000 0.000000
vt 0.011905 0.000000
vt 0.726190 0.000000
vt 0.000000 0.000000
vt 0.000000 0.000000
vt 0.000000 0.000000
vt 0.000000 0.000000
vt 0.000000 0.000000
vt 0.000000 0.000000
vt 0.000000 0.000000
vt 0.000000 0.000000
vt 0.000000 0.000000
vt 0.000000 0.000000
vt 0.000000 0.000000
vt 0.000000 0.000000
vt 0.750000 0.000000
vt 0.000000 0.000000
vt 0.000000 0.000000
vt 0.000000 0.000000
vt 0.000000 0.000000
vt 0.000000 0.000000
vt 0.000000 0.000000
vt 0.761905 0.000000
vt 0.000000 0.000000
vt 0.000000 0.000000
vt 0.000000 0.000000
vt 0.285714 0.000000
vt 0.297619 0.000000
vt 0.000000 0.000000
vt 0.000000 0.000000
vt 0.773810 0.000000
vt 0.000000 0.000000
vt 0.309524 0.000000
vt 0.000000 0.000000
vt 0.000000 0.000000
vt 0.000000 0.000000
vt 0.000000 0.000000
vt 0.000000 0.000000
vt 1.000000 0.000000
vt 0.000000 0.000000
vt 0.000000 0.000000
vt 0.000000 0.000000
vt 0.000000 0.000000
vt 0.000000 0.000000
vt 0.000000 0.000000
vt 0.000000 0.000000
vt 0.000000 0.000000
vt 0.000000 0.000000
vt 0.000000 0.000000
vt 0.000000 0.000000
vt 0.000000 0.000000
vt 0.000000 0.000000
vt 0.000000 0.000000
vt 0.000000 0.000000
vt 0.000000 0.000000
vt 0.000000 0.000000
vt 0.000000 0.000000
vt 0.000000 0.000000
vt 0.000000 0.000000
vt 0.000000 0.000000
vt 0.000000 0.000000
vt 0.000000 0.000000
vt 0.000000 0.000000
vt 0.000000 0.000000
vt 0.000000 0.000000
vt 0.000000 0.000000
vt 0.000000 0.000000
vt 0.000000 0.000000
vt 0.000000 0.000000
vt 0.000000 0.000000
vt 0.000000 0.000000
vt 0.000000 0.000000
vt 0.000000 0.000000
vt 0.000000 0.000000
vt 0.000000 0.000000
vt 0.000000 0.000000
vt 0.000000 0.000000
vt 0.000000 0.000000
vt 0.000000 0.000000
vt 0.000000 0.000000
vt 0.000000 0.000000
vt 0.000000 0.000000
vt 0.000000 0.000000
vt 0.000000 0.000000
vt 0.000000 0.000000
vt 0.000000 0.000000
vt 0.000000 0.000000
vt 0.000000 0.000000
vt 0.000000 0.000000
vt 0.261905 0.000000
vt 0.023810 0.000000
vt 0.726190 0.000000
vt 0.023810 0.000000
vt 0.000000 0.000000
vt 0.000000 0.000000
vt 0.000000 0.000000
vt 0.000000 0.000000
vt 0.000000 0.000000
vt 0.000000 0.000000
vt 0.000000 0.000000
vt 0.000000 0.000000
vt 0.000000 0.000000
vt 0.000000 0.000000
vt 0.000000 0.000000
vt 0.000000 0.000000
vt 0.000000 0.000000
vt 0.000000 0.000000
vt 0.000000 0.000000
vt 0.000000 0.000000
vt 0.011905 0.000000
vt 0.000000 0.000000
vt 0.000000 0.000000
vt 0.000000 0.000000
vt 0.000000 0.000000
vt 0.000000 0.000000
vt 0.000000 0.000000
vt 0.000000 0.000000
vt 0.000000 0.000000
vt 0.000000 0.000000
vt 0.000000 0.000000
vt 0.750000 0.000000
vt 0.000000 0.000000
vt 0.000000 0.000000
vt 0.000000 0.000000
vt 0.761905 0.000000
vt 0.000000 0.000000
vt 0.000000 0.000000
vt 0.000000 0.000000
vt 0.773810 0.000000
vt 0.000000 0.000000
vt 0.000000 0.000000
vt 0.000000 0.000000
vt 0.000000 0.000000
vt 0.000000 0.000000
vt 0.000000 0.000000
vt 1.000000 0.000000
vt 0.000000 0.000000
vt 0.000000 0.000000
vt 0.000000 0.000000
vt 0.000000 0.000000
vt 0.000000 0.000000
vt 0.000000 0.000000
vt 0.000000 0.000000
vt 0.000000 0.000000
vt 0.000000 0.000000
vt 0.000000 0.000000
vt 0.000000 0.000000
vt 0.000000 0.000000
vt 0.000000 0.000000
vt 0.000000 0.000000
vt 0.000000 0.000000
vt 0.000000 0.000000
vt 0.000000 0.000000
vt 0.000000 0.000000
vt 0.000000 0.000000
vt 0.000000 0.000000
vt 0.000000 0.000000
vt 0.000000 0.000000
vt 0.000000 0.000000
vt 0.000000 0.000000
vt 0.000000 0.000000
vt 0.000000 0.000000
vt 0.000000 0.000000
vt 0.000000 0.000000
vt 0.000000 0.000000
vt 0.000000 0.000000
vt 0.000000 0.000000
vt 0.000000 0.000000
vt 0.000000 0.000000
vt 0.000000 0.000000
vt 0.000000 0.000000
vt 0.000000 0.000000
vt 0.000000 0.000000
vt 0.000000 0.000000
vt 0.000000 0.000000
vt 0.285714 0.000000
vt 0.297619 0.000000
vt 0.309524 0.000000
vt 0.702381 0.000000
vt 0.916667 0.000000
vt 0.892857 0.000000
vt 0.904762 0.000000
vt 0.880952 0.000000
vt 0.928571 0.000000
vt 0.869048 0.000000
vt 0.940476 0.000000
vt 0.857143 0.000000
vt 0.952381 0.000000
vt 0.845238 0.000000
vt 0.833333 0.000000
vt 0.964286 0.000000
vt 0.821429 0.000000
vt 0.976190 0.000000
vt 0.809524 0.000000
vt 0.797619 0.000000
vt 0.988095 0.000000
vt 0.785714 0.000000
vt 0.690476 0.000000
vt 0.702381 0.000000
vt 0.678571 0.000000
vt 0.666667 0.000000
vt 0.654762 0.000000
vt 0.642857 0.000000
vt 0.630952 0.000000
vt 0.035714 0.000000
vt 0.571429 0.000000
vt 0.619048 0.000000
vt 0.607143 0.000000
vt 0.595238 0.000000
vt 0.583333 0.000000
vt 0.559524 0.000000
vt 0.547619 0.000000
vt 0.047619 0.000000
vt 0.535714 0.000000
vt 0.059524 0.000000
vt 0.523810 0.000000
vt 0.071429 0.000000
vt 0.511905 0.000000
vt 0.083333 0.000000
vt 0.095238 0.000000
vt 0.500000 0.000000
vt 0.107143 0.000000
vt 0.488095 0.000000
vt 0.119048 0.000000
vt 0.476190 0.000000
vt 0.130952 0.000000
vt 0.464286 0.000000
vt 0.452381 0.000000
vt 0.142857 0.000000
vt 0.440476 0.000000
vt 0.428571 0.000000
vt 0.154762 0.000000
vt 0.416667 0.000000
vt 0.166667 0.000000
vt 0.404762 0.000000
vt 0.178571 0.000000
vt 0.392857 0.000000
vt 0.190476 0.000000
vt 0.380952 0.000000
vt 0.202381 0.000000
vt 0.369048 0.000000
vt 0.214286 0.000000
vt 0.357143 0.000000
vt 0.226190 0.000000
vt 0.345238 0.000000
vt 0.238095 0.000000
vt 0.333333 0.000000
vt 0.250000 0.000000
vt 0.321429 0.000000
vt 0.261905 0.000000
vt 0.000000 0.000000
vt 0.000000 0.000000
vt 0.000000 0.000000
vn 0.0000 0.0000 1.0000
vn 0.0000 1.0000 -0.0000
vn 0.0087 0.0000 1.0000
vn -1.0000 0.0000 0.0004
vn 0.0031 0.0000 -1.0000
vn -0.9478 0.0000 0.3189
vn -0.9996 0.0000 -0.0270
vn 0.0029 0.0000 1.0000
vn 1.0000 0.0000 0.0025
vn 0.9895 0.0000 0.1448
vn 0.0018 0.0000 -1.0000
vn 0.0019 0.0000 1.0000
vn -1.0000 0.0000 0.0055
vn 0.2431 0.0000 -0.9700
vn 0.0032 0.0000 1.0000
vn 1.0000 0.0000 0.0044
vn -0.0118 0.0000 -0.9999
vn 0.0021 0.0000 1.0000
vn -1.0000 0.0000 -0.0004
vn 0.0028 0.0000 -1.0000
vn -0.9898 0.0000 0.1425
vn -0.0035 0.0000 -1.0000
vn 0.0041 0.0000 1.0000
vn 0.9974 0.0000 0.0719
vn -0.1060 0.0000 0.9944
vn -1.0000 0.0000 0.0043
vn 0.0522 0.0000 -0.9986
vn 0.0060 0.0000 1.0000
vn 1.0000 0.0000 0.0039
vn -0.0068 0.0000 -1.0000
vn -0.0005 0.0000 1.0000
vn -1.0000 0.0000 -0.0014
vn 0.0020 0.0000 -1.0000
vn -0.9975 0.0000 0.0708
vn 0.9993 0.0000 0.0385
vn -0.1219 0.0000 -0.9925
vn -1.0000 0.0000 -0.0027
vn -1.0000 0.0000 0.0038
vn 0.0279 0.0000 -0.9996
vn -0.9999 0.0000 -0.0150
vn 0.0013 0.0000 -1.0000
vn -0.9993 0.0000 0.0379
vn 0.0095 0.0000 1.0000
vn 0.9998 0.0000 0.0217
vn -0.0596 0.0000 -0.9982
vn -1.0000 0.0000 -0.0042
vn 0.0003 0.0000 -1.0000
vn 0.0157 0.0000 -0.9999
vn 0.0160 0.0000 0.9999
vn -1.0000 0.0000 0.0019
vn -0.0013 0.0000 -1.0000
vn -0.9998 0.0000 0.0214
vn 0.0093 0.0000 -1.0000
vn 0.0284 0.0000 0.9996
vn 0.9999 0.0000 0.0129
vn -1.0000 0.0000 -0.0063
vn 0.0532 0.0000 0.9986
vn -0.0335 0.0000 -0.9994
vn -0.9999 0.0000 0.0127
vn 0.0058 0.0000 -1.0000
vn 0.1080 0.0000 0.9942
vn 1.0000 0.0000 0.0081
vn -0.1317 0.0000 -0.9913
vn -1.0000 0.0000 -0.0095
vn -1.0000 0.0000 0.0012
vn -0.6847 0.0000 -0.7289
vn 0.0000 1.0000 0.0002
vn 0.0000 1.0000 0.0001
vn 0.0000 1.0000 -0.0001
vn 1.0000 0.0000 0.0056
vn -0.0049 0.0000 -1.0000
vn -0.0036 0.0000 1.0000
vn 0.0040 0.0000 -1.0000
vn -1.0000 0.0000 0.0080
vn 0.9463 0.0000 0.3233
vn -0.0198 0.0000 -0.9998
vn 0.2474 0.0000 0.9689
usemtl SVGMat.001
s off
f 266/193/7 267/194/7 348/195/7 347/196/7
f 249/197/7 250/198/7 333/199/7 332/200/7
f 238/201/7 239/202/7 322/203/7 321/204/7
f 232/205/7 233/206/7 316/207/7 315/208/7
f 276/209/7 277/210/7 358/211/7 357/212/7
f 219/213/7 218/214/7 301/215/7 302/216/7
f 209/217/7 210/218/7 294/219/7 293/220/7
f 259/221/7 260/222/7 341/223/7 340/224/7
f 250/198/7 251/225/7 334/226/7 333/199/7
f 270/227/7 271/228/7 352/229/7 351/230/7
f 225/231/7 226/232/7 309/233/7 308/234/7
f 196/235/7 197/236/7 281/237/7 280/238/7
f 203/239/7 204/240/7 288/241/7 287/242/7
f 267/194/7 268/243/7 349/244/7 348/195/7
f 251/225/7 252/245/7 335/246/7 334/226/7
f 239/202/7 240/247/7 323/248/7 322/203/7
f 233/206/7 234/249/7 317/250/7 316/207/7
f 275/251/7 276/209/7 357/212/7 356/252/7
f 193/253/8 258/254/8 277/255/8
f 193/253/8 257/256/8 258/254/8
f 194/257/8 257/256/8 193/253/8
f 219/258/7 220/259/7 303/260/7 302/261/7
f 194/257/8 255/262/8 256/263/8
f 194/257/8 254/264/8 255/262/8
f 268/243/7 269/265/7 350/266/7 349/244/7
f 195/267/8 253/268/8 254/264/8
f 195/267/8 252/269/8 253/268/8
f 208/270/7 209/217/7 293/220/7 292/271/7
f 260/222/7 261/272/7 342/273/7 341/223/7
f 215/274/7 219/213/7 302/216/7 299/275/7
f 240/247/7 241/276/7 324/277/7 323/248/7
f 226/232/7 227/278/7 310/279/7 309/233/7
f 252/269/7 195/267/7 279/280/7 335/281/7
f 202/282/7 203/239/7 287/242/7 286/283/7
f 269/265/7 270/227/7 351/230/7 350/266/7
f 261/272/7 262/284/7 343/285/7 342/273/7
f 214/286/7 215/287/7 299/288/7 298/289/7
f 242/290/7 243/291/7 326/292/7 325/293/7
f 234/249/7 235/294/7 318/295/7 317/250/7
f 220/259/7 221/296/7 304/297/7 303/260/7
f 241/276/7 242/290/7 325/293/7 324/277/7
f 207/298/7 208/270/7 292/271/7 291/299/7
f 195/267/7 254/264/7 336/300/7 279/280/7
f 243/291/7 244/301/7 327/302/7 326/292/7
f 227/278/7 228/303/7 311/304/7 310/279/7
f 274/305/7 275/251/7 356/252/7 355/306/7
f 194/307/7 195/308/7 279/309/7 278/310/7
f 201/311/7 202/282/7 286/283/7 285/312/7
f 262/284/7 263/313/7 344/314/7 343/285/7
f 213/315/7 214/286/7 298/289/7 297/316/7
f 244/301/7 245/317/7 328/318/7 327/302/7
f 235/294/7 236/319/7 319/320/7 318/295/7
f 221/296/7 222/321/7 305/322/7 304/297/7
f 254/264/7 194/257/7 278/323/7 336/300/7
f 206/324/7 207/298/7 291/299/7 290/325/7
f 245/317/7 246/326/7 329/327/7 328/318/7
f 228/303/7 229/328/7 312/329/7 311/304/7
f 273/330/7 274/305/7 355/306/7 354/331/7
f 200/332/7 201/311/7 285/312/7 284/333/7
f 263/313/7 264/334/7 345/335/7 344/314/7
f 212/336/7 213/315/7 297/316/7 296/337/7
f 256/338/7 257/339/7 338/340/7 337/341/7
f 222/321/7 223/342/7 306/343/7 305/322/7
f 194/257/7 256/263/7 337/344/7 278/323/7
f 199/345/7 200/332/7 284/333/7 283/346/7
f 205/347/7 206/324/7 290/325/7 289/348/7
f 264/334/7 265/349/7 346/350/7 345/335/7
f 257/256/7 194/257/7 278/323/7 338/351/7
f 236/319/7 237/352/7 320/353/7 319/320/7
f 229/328/7 230/354/7 313/355/7 312/329/7
f 195/308/7 196/235/7 280/238/7 279/309/7
f 211/356/7 212/336/7 296/337/7 295/357/7
f 258/254/7 257/256/7 338/351/7 339/358/7
f 246/326/7 247/359/7 330/360/7 329/327/7
f 230/354/7 231/361/7 314/362/7 313/355/7
f 272/363/7 273/330/7 354/331/7 353/364/7
f 223/342/7 224/365/7 307/366/7 306/343/7
f 198/367/7 199/345/7 283/346/7 282/368/7
f 265/349/7 266/193/7 347/196/7 346/350/7
f 247/359/7 248/369/7 331/370/7 330/360/7
f 216/371/8 219/213/8 215/274/8
f 216/371/8 218/214/8 219/213/8
f 217/372/8 218/214/8 216/371/8
f 321/204/7 322/203/7 403/373/7 402/374/7
f 315/208/7 316/207/7 397/375/7 396/376/7
f 355/306/7 356/252/7 437/377/7 436/378/7
f 293/220/7 294/219/7 375/379/7 374/380/7
f 343/285/7 344/314/7 425/381/7 424/382/7
f 333/199/7 334/226/7 415/383/7 414/384/7
f 308/234/7 309/233/7 390/385/7 389/386/7
f 301/215/7 300/387/7 381/388/7 382/389/7
f 280/238/7 281/237/7 362/390/7 361/391/7
f 287/242/7 288/241/7 369/392/7 368/393/7
f 302/216/7 301/215/7 382/389/7 383/394/7
f 334/226/7 335/246/7 416/395/7 415/383/7
f 322/203/7 323/248/7 404/396/7 403/373/7
f 316/207/7 317/250/7 398/397/7 397/375/7
f 354/331/7 355/306/7 436/378/7 435/398/7
f 302/261/7 303/260/7 384/399/7 383/400/7
f 292/271/7 293/220/7 374/380/7 373/401/7
f 344/314/7 345/335/7 426/402/7 425/381/7
f 299/275/7 302/216/7 383/394/7 380/403/7
f 335/281/7 279/280/7 360/404/7 416/405/7
f 323/248/7 324/277/7 405/406/7 404/396/7
f 309/233/7 310/279/7 391/407/7 390/385/7
f 279/280/7 336/300/7 417/408/7 360/404/7
f 286/283/7 287/242/7 368/393/7 367/409/7
f 345/335/7 346/350/7 427/410/7 426/402/7
f 298/289/7 299/288/7 380/411/7 379/412/7
f 278/310/7 279/309/7 360/413/7 359/414/7
f 325/293/7 326/292/7 407/415/7 406/416/7
f 317/250/7 318/295/7 399/417/7 398/397/7
f 303/260/7 304/297/7 385/418/7 384/399/7
f 336/300/7 278/323/7 359/419/7 417/408/7
f 324/277/7 325/293/7 406/416/7 405/406/7
f 291/299/7 292/271/7 373/401/7 372/420/7
f 337/341/7 338/340/7 419/421/7 418/422/7
f 326/292/7 327/302/7 408/423/7 407/415/7
f 310/279/7 311/304/7 392/424/7 391/407/7
f 353/364/7 354/331/7 435/398/7 434/425/7
f 278/323/7 337/344/7 418/426/7 359/419/7
f 285/312/7 286/283/7 367/409/7 366/427/7
f 346/350/7 347/196/7 428/428/7 427/410/7
f 297/316/7 298/289/7 379/412/7 378/429/7
f 338/351/7 278/323/7 359/419/7 419/430/7
f 327/302/7 328/318/7 409/431/7 408/423/7
f 318/295/7 319/320/7 400/432/7 399/417/7
f 304/297/7 305/322/7 386/433/7 385/418/7
f 339/358/7 338/351/7 419/430/7 420/434/7
f 290/325/7 291/299/7 372/420/7 371/435/7
f 339/436/7 340/224/7 421/437/7 420/438/7
f 328/318/7 329/327/7 410/439/7 409/431/7
f 311/304/7 312/329/7 393/440/7 392/424/7
f 352/229/7 353/364/7 434/425/7 433/441/7
f 358/442/7 339/358/7 420/434/7 439/443/7
f 284/333/7 285/312/7 366/427/7 365/444/7
f 347/196/7 348/195/7 429/445/7 428/428/7
f 296/337/7 297/316/7 378/429/7 377/446/7
f 305/322/7 306/343/7 387/447/7 386/433/7
f 357/212/7 358/211/7 439/448/7 438/449/7
f 283/346/7 284/333/7 365/444/7 364/450/7
f 289/348/7 290/325/7 371/435/7 370/451/7
f 340/224/7 341/223/7 422/452/7 421/437/7
f 319/320/7 320/353/7 401/453/7 400/432/7
f 312/329/7 313/355/7 394/454/7 393/440/7
f 351/230/7 352/229/7 433/441/7 432/455/7
f 279/309/7 280/238/7 361/391/7 360/413/7
f 348/195/7 349/244/7 430/456/7 429/445/7
f 295/357/7 296/337/7 377/446/7 376/457/7
f 329/327/7 330/360/7 411/458/7 410/439/7
f 313/355/7 314/362/7 395/459/7 394/454/7
f 306/343/7 307/366/7 388/460/7 387/447/7
f 356/252/7 357/212/7 438/449/7 437/377/7
f 282/368/7 283/346/7 364/450/7 363/461/7
f 349/244/7 350/266/7 431/462/7 430/456/7
f 341/223/7 342/273/7 423/463/7 422/452/7
f 197/236/7 198/367/7 282/368/7 281/237/7
f 218/214/7 217/372/7 300/387/7 301/215/7
f 277/255/7 258/254/7 339/358/7 358/442/7
f 224/365/7 225/231/7 308/234/7 307/366/7
f 271/228/7 272/363/7 353/364/7 352/229/7
f 231/361/7 232/205/7 315/208/7 314/362/7
f 248/369/7 249/197/7 332/200/7 331/370/7
f 258/464/7 259/221/7 340/224/7 339/436/7
f 210/218/7 211/356/7 295/357/7 294/219/7
f 204/240/7 205/347/7 289/348/7 288/241/7
f 237/352/7 238/201/7 321/204/7 320/353/7
f 390/385/7 391/407/7 472/465/7 471/466/7
f 360/404/7 417/408/7 498/467/7 441/468/7
f 367/409/7 368/393/7 449/469/7 448/470/7
f 426/402/7 427/410/7 508/471/7 507/472/7
f 379/412/7 380/411/7 461/473/7 460/474/7
f 359/414/7 360/413/7 441/475/7 440/476/7
f 406/416/7 407/415/7 488/477/7 487/478/7
f 398/397/7 399/417/7 480/479/7 479/480/7
f 384/399/7 385/418/7 466/481/7 465/482/7
f 417/408/7 359/419/7 440/483/7 498/467/7
f 405/406/7 406/416/7 487/478/7 486/484/7
f 372/420/7 373/401/7 454/485/7 453/486/7
f 418/422/7 419/421/7 500/487/7 499/488/7
f 407/415/7 408/423/7 489/489/7 488/477/7
f 391/407/7 392/424/7 473/490/7 472/465/7
f 434/425/7 435/398/7 516/491/7 515/492/7
f 359/419/7 418/426/7 499/493/7 440/483/7
f 366/427/7 367/409/7 448/470/7 447/494/7
f 427/410/7 428/428/7 509/495/7 508/471/7
f 378/429/7 379/412/7 460/474/7 459/496/7
f 419/430/7 359/419/7 440/483/7 500/497/7
f 408/423/7 409/431/7 490/498/7 489/489/7
f 399/417/7 400/432/7 481/499/7 480/479/7
f 385/418/7 386/433/7 467/500/7 466/481/7
f 420/434/7 419/430/7 500/497/7 501/501/7
f 371/435/7 372/420/7 453/486/7 452/502/7
f 420/438/7 421/437/7 502/503/7 501/504/7
f 409/431/7 410/439/7 491/505/7 490/498/7
f 392/424/7 393/440/7 474/506/7 473/490/7
f 433/441/7 434/425/7 515/492/7 514/507/7
f 439/443/7 420/434/7 501/501/7 520/508/7
f 365/444/7 366/427/7 447/494/7 446/509/7
f 428/428/7 429/445/7 510/510/7 509/495/7
f 377/446/7 378/429/7 459/496/7 458/511/7
f 386/433/7 387/447/7 468/512/7 467/500/7
f 438/449/7 439/448/7 520/513/7 519/514/7
f 364/450/7 365/444/7 446/509/7 445/515/7
f 370/451/7 371/435/7 452/502/7 451/516/7
f 421/437/7 422/452/7 503/517/7 502/503/7
f 400/432/7 401/453/7 482/518/7 481/499/7
f 393/440/7 394/454/7 475/519/7 474/506/7
f 432/455/7 433/441/7 514/507/7 513/520/7
f 360/413/7 361/391/7 442/521/7 441/475/7
f 429/445/7 430/456/7 511/522/7 510/510/7
f 376/457/7 377/446/7 458/511/7 457/523/7
f 410/439/7 411/458/7 492/524/7 491/505/7
f 394/454/7 395/459/7 476/525/7 475/519/7
f 387/447/7 388/460/7 469/526/7 468/512/7
f 437/377/7 438/449/7 519/514/7 518/527/7
f 363/461/7 364/450/7 445/515/7 444/528/7
f 430/456/7 431/462/7 512/529/7 511/522/7
f 422/452/7 423/463/7 504/530/7 503/517/7
f 411/458/7 412/531/7 493/532/7 492/524/7
f 401/453/7 402/374/7 483/533/7 482/518/7
f 369/392/7 370/451/7 451/516/7 450/534/7
f 431/462/7 432/455/7 513/520/7 512/529/7
f 375/379/7 376/457/7 457/523/7 456/535/7
f 423/463/7 424/382/7 505/536/7 504/530/7
f 412/531/7 413/537/7 494/538/7 493/532/7
f 395/459/7 396/376/7 477/539/7 476/525/7
f 388/460/7 389/386/7 470/540/7 469/526/7
f 362/390/7 363/461/7 444/528/7 443/541/7
f 413/537/7 414/384/7 495/542/7 494/538/7
f 402/374/7 403/373/7 484/543/7 483/533/7
f 396/376/7 397/375/7 478/544/7 477/539/7
f 436/378/7 437/377/7 518/527/7 517/545/7
f 374/380/7 375/379/7 456/535/7 455/546/7
f 424/382/7 425/381/7 506/547/7 505/536/7
f 414/384/7 415/383/7 496/548/7 495/542/7
f 389/386/7 390/385/7 471/466/7 470/540/7
f 382/389/7 381/388/7 462/549/7 463/550/7
f 361/391/7 362/390/7 443/541/7 442/521/7
f 368/393/7 369/392/7 450/534/7 449/469/7
f 332/200/7 333/199/7 414/384/7 413/537/7
f 281/237/7 282/368/7 363/461/7 362/390/7
f 307/366/7 308/234/7 389/386/7 388/460/7
f 314/362/7 315/208/7 396/376/7 395/459/7
f 331/370/7 332/200/7 413/537/7 412/531/7
f 342/273/7 343/285/7 424/382/7 423/463/7
f 294/219/7 295/357/7 376/457/7 375/379/7
f 350/266/7 351/230/7 432/455/7 431/462/7
f 288/241/7 289/348/7 370/451/7 369/392/7
f 320/353/7 321/204/7 402/374/7 401/453/7
f 330/360/7 331/370/7 412/531/7 411/458/7
f 514/507/7 515/492/7 596/551/7 595/552/7
f 520/508/7 501/501/7 582/553/7 601/554/7
f 446/509/7 447/494/7 528/555/7 527/556/7
f 509/495/7 510/510/7 591/557/7 590/558/7
f 458/511/7 459/496/7 540/559/7 539/560/7
f 467/500/7 468/512/7 549/561/7 548/562/7
f 519/514/7 520/513/7 601/563/7 600/564/7
f 445/515/7 446/509/7 527/556/7 526/565/7
f 451/516/7 452/502/7 533/566/7 532/567/7
f 502/503/7 503/517/7 584/568/7 583/569/7
f 481/499/7 482/518/7 563/570/7 562/571/7
f 474/506/7 475/519/7 556/572/7 555/573/7
f 513/520/7 514/507/7 595/552/7 594/574/7
f 441/475/7 442/521/7 523/575/7 522/576/7
f 510/510/7 511/522/7 592/577/7 591/557/7
f 457/523/7 458/511/7 539/560/7 538/578/7
f 491/505/7 492/524/7 573/579/7 572/580/7
f 475/519/7 476/525/7 557/581/7 556/572/7
f 468/512/7 469/526/7 550/582/7 549/561/7
f 518/527/7 519/514/7 600/564/7 599/583/7
f 444/528/7 445/515/7 526/565/7 525/584/7
f 511/522/7 512/529/7 593/585/7 592/577/7
f 503/517/7 504/530/7 585/586/7 584/568/7
f 492/524/7 493/532/7 574/587/7 573/579/7
f 482/518/7 483/533/7 564/588/7 563/570/7
f 450/534/7 451/516/7 532/567/7 531/589/7
f 512/529/7 513/520/7 594/574/7 593/585/7
f 456/535/7 457/523/7 538/578/7 537/590/7
f 504/530/7 505/536/7 586/591/7 585/586/7
f 493/532/7 494/538/7 575/592/7 574/587/7
f 476/525/7 477/539/7 558/593/7 557/581/7
f 469/526/7 470/540/7 551/594/7 550/582/7
f 443/541/7 444/528/7 525/584/7 524/595/7
f 494/538/7 495/542/7 576/596/7 575/592/7
f 483/533/7 484/543/7 565/597/7 564/588/7
f 477/539/7 478/544/7 559/598/7 558/593/7
f 517/545/7 518/527/7 599/583/7 598/599/7
f 455/546/7 456/535/7 537/590/7 536/600/7
f 505/536/7 506/547/7 587/601/7 586/591/7
f 495/542/7 496/548/7 577/602/7 576/596/7
f 470/540/7 471/466/7 552/603/7 551/594/7
f 463/550/7 462/549/7 543/604/7 544/605/7
f 442/521/7 443/541/7 524/595/7 523/575/7
f 449/469/7 450/534/7 531/589/7 530/606/7
f 464/607/7 463/550/7 544/605/7 545/608/7
f 496/548/7 497/609/7 578/610/7 577/602/7
f 484/543/7 485/611/7 566/612/7 565/597/7
f 478/544/7 479/480/7 560/613/7 559/598/7
f 516/491/7 517/545/7 598/599/7 597/614/7
f 464/615/7 465/482/7 546/616/7 545/617/7
f 454/485/7 455/546/7 536/600/7 535/618/7
f 506/547/7 507/472/7 588/619/7 587/601/7
f 461/620/7 464/607/7 545/608/7 542/621/7
f 497/622/7 441/468/7 522/623/7 578/624/7
f 485/611/7 486/484/7 567/625/7 566/612/7
f 471/466/7 472/465/7 553/626/7 552/603/7
f 441/468/7 498/467/7 579/627/7 522/623/7
f 448/470/7 449/469/7 530/606/7 529/628/7
f 507/472/7 508/471/7 589/629/7 588/619/7
f 460/474/7 461/473/7 542/630/7 541/631/7
f 440/476/7 441/475/7 522/576/7 521/632/7
f 487/478/7 488/477/7 569/633/7 568/634/7
f 479/480/7 480/479/7 561/635/7 560/613/7
f 465/482/7 466/481/7 547/636/7 546/616/7
f 498/467/7 440/483/7 521/637/7 579/627/7
f 486/484/7 487/478/7 568/634/7 567/625/7
f 453/486/7 454/485/7 535/618/7 534/638/7
f 499/488/7 500/487/7 581/639/7 580/640/7
f 488/477/7 489/489/7 570/641/7 569/633/7
f 472/465/7 473/490/7 554/642/7 553/626/7
f 515/492/7 516/491/7 597/614/7 596/551/7
f 440/483/7 499/493/7 580/643/7 521/637/7
f 447/494/7 448/470/7 529/628/7 528/555/7
f 404/396/7 405/406/7 486/484/7 485/611/7
f 416/405/7 360/404/7 441/468/7 497/622/7
f 380/403/7 383/394/7 464/607/7 461/620/7
f 425/381/7 426/402/7 507/472/7 506/547/7
f 373/401/7 374/380/7 455/546/7 454/485/7
f 383/400/7 384/399/7 465/482/7 464/615/7
f 435/398/7 436/378/7 517/545/7 516/491/7
f 397/375/7 398/397/7 479/480/7 478/544/7
f 403/373/7 404/396/7 485/611/7 484/543/7
f 415/383/7 416/395/7 497/609/7 496/548/7
f 383/394/7 382/389/7 463/550/7 464/607/7
f 531/589/7 532/567/7 613/644/7 612/645/7
f 593/585/7 594/574/7 675/646/7 674/647/7
f 537/590/7 538/578/7 619/648/7 618/649/7
f 585/586/7 586/591/7 667/650/7 666/651/7
f 574/587/7 575/592/7 656/652/7 655/653/7
f 557/581/7 558/593/7 639/654/7 638/655/7
f 550/582/7 551/594/7 632/656/7 631/657/7
f 524/595/7 525/584/7 606/658/7 605/659/7
f 575/592/7 576/596/7 657/660/7 656/652/7
f 564/588/7 565/597/7 646/661/7 645/662/7
f 558/593/7 559/598/7 640/663/7 639/654/7
f 598/599/7 599/583/7 680/664/7 679/665/7
f 536/600/7 537/590/7 618/649/7 617/666/7
f 586/591/7 587/601/7 668/667/7 667/650/7
f 576/596/7 577/602/7 658/668/7 657/660/7
f 551/594/7 552/603/7 633/669/7 632/656/7
f 544/605/7 543/604/7 624/670/7 625/671/7
f 523/575/7 524/595/7 605/659/7 604/672/7
f 530/606/7 531/589/7 612/645/7 611/673/7
f 545/608/7 544/605/7 625/671/7 626/674/7
f 577/602/7 578/610/7 659/675/7 658/668/7
f 565/597/7 566/612/7 647/676/7 646/661/7
f 559/598/7 560/613/7 641/677/7 640/663/7
f 597/614/7 598/599/7 679/665/7 678/678/7
f 545/617/7 546/616/7 627/679/7 626/680/7
f 535/618/7 536/600/7 617/666/7 616/681/7
f 587/601/7 588/619/7 669/682/7 668/667/7
f 542/621/7 545/608/7 626/674/7 623/683/7
f 578/624/7 522/623/7 603/684/7 659/685/7
f 566/612/7 567/625/7 648/686/7 647/676/7
f 552/603/7 553/626/7 634/687/7 633/669/7
f 522/623/7 579/627/7 660/688/7 603/684/7
f 529/628/7 530/606/7 611/673/7 610/689/7
f 588/619/7 589/629/7 670/690/7 669/682/7
f 541/631/7 542/630/7 623/691/7 622/692/7
f 521/632/7 522/576/7 603/693/7 602/694/7
f 568/634/7 569/633/7 650/695/7 649/696/7
f 560/613/7 561/635/7 642/697/7 641/677/7
f 546/616/7 547/636/7 628/698/7 627/679/7
f 579/627/7 521/637/7 602/699/7 660/688/7
f 567/625/7 568/634/7 649/696/7 648/686/7
f 534/638/7 535/618/7 616/681/7 615/700/7
f 580/640/7 581/639/7 662/701/7 661/702/7
f 569/633/7 570/641/7 651/703/7 650/695/7
f 553/626/7 554/642/7 635/704/7 634/687/7
f 596/551/7 597/614/7 678/678/7 677/705/7
f 521/637/7 580/643/7 661/706/7 602/699/7
f 528/555/7 529/628/7 610/689/7 609/707/7
f 589/629/7 590/558/7 671/708/7 670/690/7
f 540/559/7 541/631/7 622/692/7 621/709/7
f 581/710/7 521/637/7 602/699/7 662/711/7
f 570/641/7 571/712/7 652/713/7 651/703/7
f 561/635/7 562/571/7 643/714/7 642/697/7
f 547/636/7 548/562/7 629/715/7 628/698/7
f 582/553/7 581/710/7 662/711/7 663/716/7
f 533/566/7 534/638/7 615/700/7 614/717/7
f 582/718/7 583/569/7 664/719/7 663/720/7
f 571/712/7 572/580/7 653/721/7 652/713/7
f 554/642/7 555/573/7 636/722/7 635/704/7
f 595/552/7 596/551/7 677/705/7 676/723/7
f 601/554/7 582/553/7 663/716/7 682/724/7
f 527/556/7 528/555/7 609/707/7 608/725/7
f 590/558/7 591/557/7 672/726/7 671/708/7
f 539/560/7 540/559/7 621/709/7 620/727/7
f 548/562/7 549/561/7 630/728/7 629/715/7
f 600/564/7 601/563/7 682/729/7 681/730/7
f 526/565/7 527/556/7 608/725/7 607/731/7
f 532/567/7 533/566/7 614/717/7 613/644/7
f 583/569/7 584/568/7 665/732/7 664/719/7
f 562/571/7 563/570/7 644/733/7 643/714/7
f 555/573/7 556/572/7 637/734/7 636/722/7
f 594/574/7 595/552/7 676/723/7 675/646/7
f 522/576/7 523/575/7 604/672/7 603/693/7
f 473/490/7 474/506/7 555/573/7 554/642/7
f 490/498/7 491/505/7 572/580/7 571/712/7
f 501/504/7 502/503/7 583/569/7 582/718/7
f 452/502/7 453/486/7 534/638/7 533/566/7
f 501/501/7 500/497/7 581/710/7 582/553/7
f 466/481/7 467/500/7 548/562/7 547/636/7
f 480/479/7 481/499/7 562/571/7 561/635/7
f 489/489/7 490/498/7 571/712/7 570/641/7
f 500/497/7 440/483/7 521/637/7 581/710/7
f 459/496/7 460/474/7 541/631/7 540/559/7
f 508/471/7 509/495/7 590/558/7 589/629/7
f 678/678/7 679/665/7 760/735/7 759/736/7
f 626/680/7 627/679/7 708/737/7 707/738/7
f 616/681/7 617/666/7 698/739/7 697/740/7
f 668/667/7 669/682/7 750/741/7 749/742/7
f 623/683/7 626/674/7 707/743/7 704/744/7
f 659/685/7 603/684/7 684/745/7 740/746/7
f 647/676/7 648/686/7 729/747/7 728/748/7
f 633/669/7 634/687/7 715/749/7 714/750/7
f 603/684/7 660/688/7 741/751/7 684/745/7
f 610/689/7 611/673/7 692/752/7 691/753/7
f 669/682/7 670/690/7 751/754/7 750/741/7
f 622/692/7 623/691/7 704/755/7 703/756/7
f 602/694/7 603/693/7 684/757/7 683/758/7
f 649/696/7 650/695/7 731/759/7 730/760/7
f 641/677/7 642/697/7 723/761/7 722/762/7
f 627/679/7 628/698/7 709/763/7 708/737/7
f 660/688/7 602/699/7 683/764/7 741/751/7
f 648/686/7 649/696/7 730/760/7 729/747/7
f 615/700/7 616/681/7 697/740/7 696/765/7
f 661/702/7 662/701/7 743/766/7 742/767/7
f 650/695/7 651/703/7 732/768/7 731/759/7
f 634/687/7 635/704/7 716/769/7 715/749/7
f 677/705/7 678/678/7 759/736/7 758/770/7
f 602/699/7 661/706/7 742/771/7 683/764/7
f 609/707/7 610/689/7 691/753/7 690/772/7
f 670/690/7 671/708/7 752/773/7 751/754/7
f 621/709/7 622/692/7 703/756/7 702/774/7
f 662/711/7 602/699/7 683/764/7 743/775/7
f 651/703/7 652/713/7 733/776/7 732/768/7
f 642/697/7 643/714/7 724/777/7 723/761/7
f 628/698/7 629/715/7 710/778/7 709/763/7
f 663/716/7 662/711/7 743/775/7 744/779/7
f 614/717/7 615/700/7 696/765/7 695/780/7
f 663/720/7 664/719/7 745/781/7 744/782/7
f 652/713/7 653/721/7 734/783/7 733/776/7
f 635/704/7 636/722/7 717/784/7 716/769/7
f 676/723/7 677/705/7 758/770/7 757/785/7
f 682/724/7 663/716/7 744/779/7 763/786/7
f 608/725/7 609/707/7 690/772/7 689/787/7
f 671/708/7 672/726/7 753/788/7 752/773/7
f 620/727/7 621/709/7 702/774/7 701/789/7
f 629/715/7 630/728/7 711/790/7 710/778/7
f 681/730/7 682/729/7 763/791/7 762/792/7
f 607/731/7 608/725/7 689/787/7 688/793/7
f 613/644/7 614/717/7 695/780/7 694/794/7
f 664/719/7 665/732/7 746/795/7 745/781/7
f 643/714/7 644/733/7 725/796/7 724/777/7
f 636/722/7 637/734/7 718/797/7 717/784/7
f 675/646/7 676/723/7 757/785/7 756/798/7
f 603/693/7 604/672/7 685/799/7 684/757/7
f 672/726/7 673/800/7 754/801/7 753/788/7
f 619/648/7 620/727/7 701/789/7 700/802/7
f 653/721/7 654/803/7 735/804/7 734/783/7
f 637/734/7 638/655/7 719/805/7 718/797/7
f 630/728/7 631/657/7 712/806/7 711/790/7
f 680/664/7 681/730/7 762/792/7 761/807/7
f 606/658/7 607/731/7 688/793/7 687/808/7
f 673/800/7 674/647/7 755/809/7 754/801/7
f 665/732/7 666/651/7 747/810/7 746/795/7
f 654/803/7 655/653/7 736/811/7 735/804/7
f 644/733/7 645/662/7 726/812/7 725/796/7
f 612/645/7 613/644/7 694/794/7 693/813/7
f 674/647/7 675/646/7 756/798/7 755/809/7
f 618/649/7 619/648/7 700/802/7 699/814/7
f 666/651/7 667/650/7 748/815/7 747/810/7
f 655/653/7 656/652/7 737/816/7 736/811/7
f 638/655/7 639/654/7 720/817/7 719/805/7
f 631/657/7 632/656/7 713/818/7 712/806/7
f 605/659/7 606/658/7 687/808/7 686/819/7
f 656/652/7 657/660/7 738/820/7 737/816/7
f 645/662/7 646/661/7 727/821/7 726/812/7
f 639/654/7 640/663/7 721/822/7 720/817/7
f 679/665/7 680/664/7 761/807/7 760/735/7
f 563/570/7 564/588/7 645/662/7 644/733/7
f 573/579/7 574/587/7 655/653/7 654/803/7
f 584/568/7 585/586/7 666/651/7 665/732/7
f 592/577/7 593/585/7 674/647/7 673/800/7
f 525/584/7 526/565/7 607/731/7 606/658/7
f 599/583/7 600/564/7 681/730/7 680/664/7
f 549/561/7 550/582/7 631/657/7 630/728/7
f 556/572/7 557/581/7 638/655/7 637/734/7
f 572/580/7 573/579/7 654/803/7 653/721/7
f 538/578/7 539/560/7 620/727/7 619/648/7
f 591/557/7 592/577/7 673/800/7 672/726/7
f 702/774/7 703/756/7 784/823/7 783/824/7
f 743/775/7 683/764/7 764/825/7 824/826/7
f 732/768/7 733/776/7 814/827/7 813/828/7
f 723/761/7 724/777/7 805/829/7 804/830/7
f 709/763/7 710/778/7 791/831/7 790/832/7
f 744/779/7 743/775/7 824/826/7 825/833/7
f 695/780/7 696/765/7 777/834/7 776/835/7
f 744/782/7 745/781/7 826/836/7 825/837/7
f 733/776/7 734/783/7 815/838/7 814/827/7
f 716/769/7 717/784/7 798/839/7 797/840/7
f 757/785/7 758/770/7 839/841/7 838/842/7
f 763/786/7 744/779/7 825/833/7 844/843/7
f 689/787/7 690/772/7 771/844/7 770/845/7
f 752/773/7 753/788/7 834/846/7 833/847/7
f 701/789/7 702/774/7 783/824/7 782/848/7
f 710/778/7 711/790/7 792/849/7 791/831/7
f 762/792/7 763/791/7 844/850/7 843/851/7
f 688/793/7 689/787/7 770/845/7 769/852/7
f 694/794/7 695/780/7 776/835/7 775/853/7
f 745/781/7 746/795/7 827/854/7 826/836/7
f 724/777/7 725/796/7 806/855/7 805/829/7
f 717/784/7 718/797/7 799/856/7 798/839/7
f 756/798/7 757/785/7 838/842/7 837/857/7
f 684/757/7 685/799/7 766/858/7 765/859/7
f 753/788/7 754/801/7 835/860/7 834/846/7
f 700/802/7 701/789/7 782/848/7 781/861/7
f 734/783/7 735/804/7 816/862/7 815/838/7
f 718/797/7 719/805/7 800/863/7 799/856/7
f 711/790/7 712/806/7 793/864/7 792/849/7
f 761/807/7 762/792/7 843/851/7 842/865/7
f 687/808/7 688/793/7 769/852/7 768/866/7
f 754/801/7 755/809/7 836/867/7 835/860/7
f 746/795/7 747/810/7 828/868/7 827/854/7
f 735/804/7 736/811/7 817/869/7 816/862/7
f 725/796/7 726/812/7 807/870/7 806/855/7
f 693/813/7 694/794/7 775/853/7 774/871/7
f 755/809/7 756/798/7 837/857/7 836/867/7
f 699/814/7 700/802/7 781/861/7 780/872/7
f 747/810/7 748/815/7 829/873/7 828/868/7
f 736/811/7 737/816/7 818/874/7 817/869/7
f 719/805/7 720/817/7 801/875/7 800/863/7
f 712/806/7 713/818/7 794/876/7 793/864/7
f 686/819/7 687/808/7 768/866/7 767/877/7
f 737/816/7 738/820/7 819/878/7 818/874/7
f 726/812/7 727/821/7 808/879/7 807/870/7
f 720/817/7 721/822/7 802/880/7 801/875/7
f 760/735/7 761/807/7 842/865/7 841/881/7
f 698/739/7 699/814/7 780/872/7 779/882/7
f 748/815/7 749/742/7 830/883/7 829/873/7
f 738/820/7 739/884/7 820/885/7 819/878/7
f 713/818/7 714/750/7 795/886/7 794/876/7
f 706/887/7 705/888/7 786/889/7 787/890/7
f 685/799/7 686/819/7 767/877/7 766/858/7
f 692/752/7 693/813/7 774/871/7 773/891/7
f 707/743/7 706/887/7 787/890/7 788/892/7
f 739/884/7 740/893/7 821/894/7 820/885/7
f 727/821/7 728/748/7 809/895/7 808/879/7
f 721/822/7 722/762/7 803/896/7 802/880/7
f 759/736/7 760/735/7 841/881/7 840/897/7
f 707/738/7 708/737/7 789/898/7 788/899/7
f 697/740/7 698/739/7 779/882/7 778/900/7
f 749/742/7 750/741/7 831/901/7 830/883/7
f 704/744/7 707/743/7 788/892/7 785/902/7
f 740/746/7 684/745/7 765/903/7 821/904/7
f 728/748/7 729/747/7 810/905/7 809/895/7
f 714/750/7 715/749/7 796/906/7 795/886/7
f 684/745/7 741/751/7 822/907/7 765/903/7
f 691/753/7 692/752/7 773/891/7 772/908/7
f 750/741/7 751/754/7 832/909/7 831/901/7
f 703/756/7 704/755/7 785/910/7 784/823/7
f 683/758/7 684/757/7 765/859/7 764/911/7
f 730/760/7 731/759/7 812/912/7 811/913/7
f 722/762/7 723/761/7 804/830/7 803/896/7
f 640/663/7 641/677/7 722/762/7 721/822/7
f 646/661/7 647/676/7 728/748/7 727/821/7
f 658/668/7 659/675/7 740/893/7 739/884/7
f 626/674/7 625/671/7 706/887/7 707/743/7
f 611/673/7 612/645/7 693/813/7 692/752/7
f 604/672/7 605/659/7 686/819/7 685/799/7
f 625/671/7 624/670/7 705/888/7 706/887/7
f 632/656/7 633/669/7 714/750/7 713/818/7
f 657/660/7 658/668/7 739/884/7 738/820/7
f 667/650/7 668/667/7 749/742/7 748/815/7
f 617/666/7 618/649/7 699/814/7 698/739/7
f 815/838/7 816/862/7 897/914/7 896/915/7
f 799/856/7 800/863/7 881/916/7 880/917/7
f 792/849/7 793/864/7 874/918/7 873/919/7
f 842/865/7 843/851/7 924/920/7 923/921/7
f 768/866/7 769/852/7 850/922/7 849/923/7
f 835/860/7 836/867/7 917/924/7 916/925/7
f 827/854/7 828/868/7 909/926/7 908/927/7
f 816/862/7 817/869/7 898/928/7 897/914/7
f 806/855/7 807/870/7 888/929/7 887/930/7
f 774/871/7 775/853/7 856/931/7 855/932/7
f 836/867/7 837/857/7 918/933/7 917/924/7
f 780/872/7 781/861/7 862/934/7 861/935/7
f 828/868/7 829/873/7 910/936/7 909/926/7
f 817/869/7 818/874/7 899/937/7 898/928/7
f 800/863/7 801/875/7 882/938/7 881/916/7
f 793/864/7 794/876/7 875/939/7 874/918/7
f 767/877/7 768/866/7 849/923/7 848/940/7
f 818/874/7 819/878/7 900/941/7 899/937/7
f 807/870/7 808/879/7 889/942/7 888/929/7
f 801/875/7 802/880/7 883/943/7 882/938/7
f 841/881/7 842/865/7 923/921/7 922/944/7
f 779/882/7 780/872/7 861/935/7 860/945/7
f 829/873/7 830/883/7 911/946/7 910/936/7
f 819/878/7 820/885/7 901/947/7 900/941/7
f 794/876/7 795/886/7 876/948/7 875/939/7
f 787/890/7 786/889/7 867/949/7 868/950/7
f 766/858/7 767/877/7 848/940/7 847/951/7
f 773/891/7 774/871/7 855/932/7 854/952/7
f 788/892/7 787/890/7 868/950/7 869/953/7
f 820/885/7 821/894/7 902/954/7 901/947/7
f 808/879/7 809/895/7 890/955/7 889/942/7
f 802/880/7 803/896/7 884/956/7 883/943/7
f 840/897/7 841/881/7 922/944/7 921/957/7
f 788/899/7 789/898/7 870/958/7 869/959/7
f 778/900/7 779/882/7 860/945/7 859/960/7
f 830/883/7 831/901/7 912/961/7 911/946/7
f 785/902/7 788/892/7 869/953/7 866/962/7
f 821/904/7 765/903/7 846/963/7 902/964/7
f 809/895/7 810/905/7 891/965/7 890/955/7
f 795/886/7 796/906/7 877/966/7 876/948/7
f 765/903/7 822/907/7 903/967/7 846/963/7
f 772/908/7 773/891/7 854/952/7 853/968/7
f 831/901/7 832/909/7 913/969/7 912/961/7
f 784/823/7 785/910/7 866/970/7 865/971/7
f 764/911/7 765/859/7 846/972/7 845/973/7
f 811/913/7 812/912/7 893/974/7 892/975/7
f 803/896/7 804/830/7 885/976/7 884/956/7
f 789/898/7 790/832/7 871/977/7 870/958/7
f 822/907/7 764/825/7 845/978/7 903/967/7
f 810/905/7 811/913/7 892/975/7 891/965/7
f 777/834/7 778/900/7 859/960/7 858/979/7
f 823/980/7 824/981/7 905/982/7 904/983/7
f 812/912/7 813/828/7 894/984/7 893/974/7
f 796/906/7 797/840/7 878/985/7 877/966/7
f 839/841/7 840/897/7 921/957/7 920/986/7
f 764/825/7 823/987/7 904/988/7 845/978/7
f 771/844/7 772/908/7 853/968/7 852/989/7
f 832/909/7 833/847/7 914/990/7 913/969/7
f 783/824/7 784/823/7 865/971/7 864/991/7
f 824/826/7 764/825/7 845/978/7 905/992/7
f 813/828/7 814/827/7 895/993/7 894/984/7
f 804/830/7 805/829/7 886/994/7 885/976/7
f 790/832/7 791/831/7 872/995/7 871/977/7
f 825/833/7 824/826/7 905/992/7 906/996/7
f 776/835/7 777/834/7 858/979/7 857/997/7
f 825/837/7 826/836/7 907/998/7 906/999/7
f 814/827/7 815/838/7 896/915/7 895/993/7
f 797/840/7 798/839/7 879/1000/7 878/985/7
f 838/842/7 839/841/7 920/986/7 919/1001/7
f 844/843/7 825/833/7 906/996/7 925/1002/7
f 770/845/7 771/844/7 852/989/7 851/1003/7
f 833/847/7 834/846/7 915/1004/7 914/990/7
f 782/848/7 783/824/7 864/991/7 863/1005/7
f 751/754/7 752/773/7 833/847/7 832/909/7
f 690/772/7 691/753/7 772/908/7 771/844/7
f 683/764/7 742/771/7 823/987/7 764/825/7
f 758/770/7 759/736/7 840/897/7 839/841/7
f 715/749/7 716/769/7 797/840/7 796/906/7
f 731/759/7 732/768/7 813/828/7 812/912/7
f 742/767/7 743/766/7 824/981/7 823/980/7
f 696/765/7 697/740/7 778/900/7 777/834/7
f 729/747/7 730/760/7 811/913/7 810/905/7
f 741/751/7 683/764/7 764/825/7 822/907/7
f 708/737/7 709/763/7 790/832/7 789/898/7
f 868/950/7 867/949/7 948/1006/7 949/1007/7
f 847/951/7 848/940/7 929/1008/7 928/1009/7
f 854/952/7 855/932/7 936/1010/7 935/1011/7
f 869/953/7 868/950/7 949/1007/7 950/1012/7
f 901/947/7 902/954/7 983/1013/7 982/1014/7
f 889/942/7 890/955/7 971/1015/7 970/1016/7
f 883/943/7 884/956/7 965/1017/7 964/1018/7
f 921/957/7 922/944/7 1003/1019/7 1002/1020/7
f 869/959/7 870/958/7 951/1021/7 950/1022/7
f 859/960/7 860/945/7 941/1023/7 940/1024/7
f 911/946/7 912/961/7 993/1025/7 992/1026/7
f 866/962/7 869/953/7 950/1012/7 947/1027/7
f 902/964/7 846/963/7 927/1028/7 983/1029/7
f 890/955/7 891/965/7 972/1030/7 971/1015/7
f 876/948/7 877/966/7 958/1031/7 957/1032/7
f 846/963/7 903/967/7 984/1033/7 927/1028/7
f 853/968/7 854/952/7 935/1011/7 934/1034/7
f 912/961/7 913/969/7 994/1035/7 993/1025/7
f 865/971/7 866/970/7 947/1036/7 946/1037/7
f 845/973/7 846/972/7 927/1038/7 926/1039/7
f 892/975/7 893/974/7 974/1040/7 973/1041/7
f 884/956/7 885/976/7 966/1042/7 965/1017/7
f 870/958/7 871/977/7 952/1043/7 951/1021/7
f 903/967/7 845/978/7 926/1044/7 984/1033/7
f 891/965/7 892/975/7 973/1041/7 972/1030/7
f 858/979/7 859/960/7 940/1024/7 939/1045/7
f 904/983/7 905/982/7 986/1046/7 985/1047/7
f 893/974/7 894/984/7 975/1048/7 974/1040/7
f 877/966/7 878/985/7 959/1049/7 958/1031/7
f 920/986/7 921/957/7 1002/1020/7 1001/1050/7
f 845/978/7 904/988/7 985/1051/7 926/1044/7
f 852/989/7 853/968/7 934/1034/7 933/1052/7
f 913/969/7 914/990/7 995/1053/7 994/1035/7
f 864/991/7 865/971/7 946/1037/7 945/1054/7
f 905/992/7 845/978/7 926/1044/7 986/1055/7
f 894/984/7 895/993/7 976/1056/7 975/1048/7
f 885/976/7 886/994/7 967/1057/7 966/1042/7
f 871/977/7 872/995/7 953/1058/7 952/1043/7
f 906/996/7 905/992/7 986/1055/7 987/1059/7
f 857/997/7 858/979/7 939/1045/7 938/1060/7
f 906/999/7 907/998/7 988/1061/7 987/1062/7
f 895/993/7 896/915/7 977/1063/7 976/1056/7
f 878/985/7 879/1000/7 960/1064/7 959/1049/7
f 919/1001/7 920/986/7 1001/1050/7 1000/1065/7
f 925/1002/7 906/996/7 987/1059/7 1006/1066/7
f 851/1003/7 852/989/7 933/1052/7 932/1067/7
f 914/990/7 915/1004/7 996/1068/7 995/1053/7
f 863/1005/7 864/991/7 945/1054/7 944/1069/7
f 872/995/7 873/919/7 954/1070/7 953/1058/7
f 924/920/7 925/1071/7 1006/1072/7 1005/1073/7
f 850/922/7 851/1003/7 932/1067/7 931/1074/7
f 856/931/7 857/997/7 938/1060/7 937/1075/7
f 907/998/7 908/927/7 989/1076/7 988/1061/7
f 886/994/7 887/930/7 968/1077/7 967/1057/7
f 879/1000/7 880/917/7 961/1078/7 960/1064/7
f 918/933/7 919/1001/7 1000/1065/7 999/1079/7
f 846/972/7 847/951/7 928/1009/7 927/1038/7
f 915/1004/7 916/925/7 997/1080/7 996/1068/7
f 862/934/7 863/1005/7 944/1069/7 943/1081/7
f 896/915/7 897/914/7 978/1082/7 977/1063/7
f 880/917/7 881/916/7 962/1083/7 961/1078/7
f 873/919/7 874/918/7 955/1084/7 954/1070/7
f 923/921/7 924/920/7 1005/1073/7 1004/1085/7
f 849/923/7 850/922/7 931/1074/7 930/1086/7
f 916/925/7 917/924/7 998/1087/7 997/1080/7
f 908/927/7 909/926/7 990/1088/7 989/1076/7
f 897/914/7 898/928/7 979/1089/7 978/1082/7
f 887/930/7 888/929/7 969/1090/7 968/1077/7
f 855/932/7 856/931/7 937/1075/7 936/1010/7
f 917/924/7 918/933/7 999/1079/7 998/1087/7
f 861/935/7 862/934/7 943/1081/7 942/1091/7
f 909/926/7 910/936/7 991/1092/7 990/1088/7
f 898/928/7 899/937/7 980/1093/7 979/1089/7
f 781/861/7 782/848/7 863/1005/7 862/934/7
f 834/846/7 835/860/7 916/925/7 915/1004/7
f 765/859/7 766/858/7 847/951/7 846/972/7
f 837/857/7 838/842/7 919/1001/7 918/933/7
f 798/839/7 799/856/7 880/917/7 879/1000/7
f 805/829/7 806/855/7 887/930/7 886/994/7
f 826/836/7 827/854/7 908/927/7 907/998/7
f 775/853/7 776/835/7 857/997/7 856/931/7
f 769/852/7 770/845/7 851/1003/7 850/922/7
f 843/851/7 844/850/7 925/1071/7 924/920/7
f 791/831/7 792/849/7 873/919/7 872/995/7
f 984/1033/7 926/1044/7 1007/1094/7 1065/1095/7
f 972/1030/7 973/1041/7 1054/1096/7 1053/1097/7
f 939/1045/7 940/1024/7 1021/1098/7 1020/1099/7
f 985/1047/7 986/1046/7 1067/1100/7 1066/1101/7
f 974/1040/7 975/1048/7 1056/1102/7 1055/1103/7
f 958/1031/7 959/1049/7 1040/1104/7 1039/1105/7
f 1001/1050/7 1002/1020/7 1083/1106/7 1082/1107/7
f 926/1044/7 985/1051/7 1066/1108/7 1007/1094/7
f 933/1052/7 934/1034/7 1015/1109/7 1014/1110/7
f 994/1035/7 995/1053/7 1076/1111/7 1075/1112/7
f 945/1054/7 946/1037/7 1027/1113/7 1026/1114/7
f 986/1055/7 926/1044/7 1007/1094/7 1067/1115/7
f 975/1048/7 976/1056/7 1057/1116/7 1056/1102/7
f 966/1042/7 967/1057/7 1048/1117/7 1047/1118/7
f 949/1007/7 948/1006/7 1029/1119/7 1030/1120/7
f 952/1043/7 953/1058/7 1034/1121/7 1033/1122/7
f 987/1059/7 986/1055/7 1067/1115/7 1068/1123/7
f 938/1060/7 939/1045/7 1020/1099/7 1019/1124/7
f 950/1012/7 949/1007/7 1030/1120/7 1031/1125/7
f 987/1062/7 988/1061/7 1069/1126/7 1068/1127/7
f 976/1056/7 977/1063/7 1058/1128/7 1057/1116/7
f 959/1049/7 960/1064/7 1041/1129/7 1040/1104/7
f 1000/1065/7 1001/1050/7 1082/1107/7 1081/1130/7
f 1006/1066/7 987/1059/7 1068/1123/7 1087/1131/7
f 932/1067/7 933/1052/7 1014/1110/7 1013/1132/7
f 995/1053/7 996/1068/7 1077/1133/7 1076/1111/7
f 944/1069/7 945/1054/7 1026/1114/7 1025/1134/7
f 953/1058/7 954/1070/7 1035/1135/7 1034/1121/7
f 1005/1073/7 1006/1072/7 1087/1136/7 1086/1137/7
f 931/1074/7 932/1067/7 1013/1132/7 1012/1138/7
f 937/1075/7 938/1060/7 1019/1124/7 1018/1139/7
f 988/1061/7 989/1076/7 1070/1140/7 1069/1126/7
f 967/1057/7 968/1077/7 1049/1141/7 1048/1117/7
f 960/1064/7 961/1078/7 1042/1142/7 1041/1129/7
f 999/1079/7 1000/1065/7 1081/1130/7 1080/1143/7
f 927/1038/7 928/1009/7 1009/1144/7 1008/1145/7
f 996/1068/7 997/1080/7 1078/1146/7 1077/1133/7
f 943/1081/7 944/1069/7 1025/1134/7 1024/1147/7
f 977/1063/7 978/1082/7 1059/1148/7 1058/1128/7
f 961/1078/7 962/1083/7 1043/1149/7 1042/1142/7
f 954/1070/7 955/1084/7 1036/1150/7 1035/1135/7
f 1004/1085/7 1005/1073/7 1086/1137/7 1085/1151/7
f 930/1086/7 931/1074/7 1012/1138/7 1011/1152/7
f 997/1080/7 998/1087/7 1079/1153/7 1078/1146/7
f 989/1076/7 990/1088/7 1071/1154/7 1070/1140/7
f 978/1082/7 979/1089/7 1060/1155/7 1059/1148/7
f 968/1077/7 969/1090/7 1050/1156/7 1049/1141/7
f 936/1010/7 937/1075/7 1018/1139/7 1017/1157/7
f 998/1087/7 999/1079/7 1080/1143/7 1079/1153/7
f 942/1091/7 943/1081/7 1024/1147/7 1023/1158/7
f 990/1088/7 991/1092/7 1072/1159/7 1071/1154/7
f 979/1089/7 980/1093/7 1061/1160/7 1060/1155/7
f 962/1083/7 963/1161/7 1044/1162/7 1043/1149/7
f 955/1084/7 956/1163/7 1037/1164/7 1036/1150/7
f 929/1008/7 930/1086/7 1011/1152/7 1010/1165/7
f 980/1093/7 981/1166/7 1062/1167/7 1061/1160/7
f 969/1090/7 970/1016/7 1051/1168/7 1050/1156/7
f 963/1161/7 964/1018/7 1045/1169/7 1044/1162/7
f 1003/1019/7 1004/1085/7 1085/1151/7 1084/1170/7
f 941/1023/7 942/1091/7 1023/1158/7 1022/1171/7
f 991/1092/7 992/1026/7 1073/1172/7 1072/1159/7
f 981/1166/7 982/1014/7 1063/1173/7 1062/1167/7
f 956/1163/7 957/1032/7 1038/1174/7 1037/1164/7
f 928/1009/7 929/1008/7 1010/1165/7 1009/1144/7
f 935/1011/7 936/1010/7 1017/1157/7 1016/1175/7
f 982/1014/7 983/1013/7 1064/1176/7 1063/1173/7
f 970/1016/7 971/1015/7 1052/1177/7 1051/1168/7
f 964/1018/7 965/1017/7 1046/1178/7 1045/1169/7
f 1002/1020/7 1003/1019/7 1084/1170/7 1083/1106/7
f 950/1022/7 951/1021/7 1032/1179/7 1031/1180/7
f 940/1024/7 941/1023/7 1022/1171/7 1021/1098/7
f 992/1026/7 993/1025/7 1074/1181/7 1073/1172/7
f 947/1027/7 950/1012/7 1031/1125/7 1028/1182/7
f 875/939/7 876/948/7 957/1032/7 956/1163/7
f 900/941/7 901/947/7 982/1014/7 981/1166/7
f 910/936/7 911/946/7 992/1026/7 991/1092/7
f 860/945/7 861/935/7 942/1091/7 941/1023/7
f 922/944/7 923/921/7 1004/1085/7 1003/1019/7
f 882/938/7 883/943/7 964/1018/7 963/1161/7
f 888/929/7 889/942/7 970/1016/7 969/1090/7
f 899/937/7 900/941/7 981/1166/7 980/1093/7
f 848/940/7 849/923/7 930/1086/7 929/1008/7
f 874/918/7 875/939/7 956/1163/7 955/1084/7
f 881/916/7 882/938/7 963/1161/7 962/1083/7
f 1008/1183/9 1065/1095/9 1146/1184/9 1089/1185/9
f 1015/1109/10 1016/1175/10 1097/1186/10 1096/1187/10
f 1074/1181/11 1075/1112/11 1156/1188/11 1155/1189/11
f 1027/1113/12 1028/1190/12 1109/1191/12 1108/1192/12
f 1007/1193/13 1008/1145/13 1089/1194/13 1088/1195/13
f 1054/1096/14 1055/1103/14 1136/1196/14 1135/1197/14
f 1046/1178/15 1047/1118/15 1128/1198/15 1127/1199/15
f 1032/1179/16 1033/1122/16 1114/1200/16 1113/1201/16
f 1065/1095/17 1007/1094/17 1088/1202/17 1146/1184/17
f 1053/1097/18 1054/1096/18 1135/1197/18 1134/1203/18
f 1020/1099/19 1021/1098/19 1102/1204/19 1101/1205/19
f 1066/1101/20 1067/1100/20 1148/1206/20 1147/1207/20
f 1055/1103/21 1056/1102/21 1137/1208/21 1136/1196/21
f 1039/1105/22 1040/1104/22 1121/1209/22 1120/1210/22
f 1082/1107/23 1083/1106/23 1164/1211/23 1163/1212/23
f 1007/1094/24 1066/1108/24 1147/1213/24 1088/1202/24
f 1014/1110/25 1015/1109/25 1096/1187/25 1095/1214/25
f 1075/1112/26 1076/1111/26 1157/1215/26 1156/1188/26
f 1026/1114/27 1027/1113/27 1108/1192/27 1107/1216/27
f 1067/1115/28 1007/1094/28 1088/1202/28 1148/1217/28
f 1056/1102/29 1057/1116/29 1138/1218/29 1137/1208/29
f 1047/1118/15 1048/1117/15 1129/1219/15 1128/1198/15
f 1033/1122/30 1034/1121/30 1115/1220/30 1114/1200/30
f 1068/1123/31 1067/1115/31 1148/1217/31 1149/1221/31
f 1019/1124/32 1020/1099/32 1101/1205/32 1100/1222/32
f 1068/1127/33 1069/1126/33 1150/1223/33 1149/1224/33
f 1057/1116/34 1058/1128/34 1139/1225/34 1138/1218/34
f 1040/1104/35 1041/1129/35 1122/1226/35 1121/1209/35
f 1081/1130/36 1082/1107/36 1163/1212/36 1162/1227/36
f 1087/1131/37 1068/1123/37 1149/1221/37 1168/1228/37
f 1013/1132/38 1014/1110/38 1095/1214/38 1094/1229/38
f 1076/1111/39 1077/1133/39 1158/1230/39 1157/1215/39
f 1025/1134/40 1026/1114/40 1107/1216/40 1106/1231/40
f 1034/1121/41 1035/1135/41 1116/1232/41 1115/1220/41
f 1086/1137/42 1087/1136/42 1168/1233/42 1167/1234/42
f 1012/1138/43 1013/1132/43 1094/1229/43 1093/1235/43
f 1018/1139/44 1019/1124/44 1100/1222/44 1099/1236/44
f 1069/1126/45 1070/1140/45 1151/1237/45 1150/1223/45
f 1048/1117/15 1049/1141/15 1130/1238/15 1129/1219/15
f 1041/1129/15 1042/1142/15 1123/1239/15 1122/1226/15
f 1080/1143/28 1081/1130/28 1162/1227/28 1161/1240/28
f 1008/1145/46 1009/1144/46 1090/1241/46 1089/1194/46
f 1077/1133/47 1078/1146/47 1159/1242/47 1158/1230/47
f 1024/1147/48 1025/1134/48 1106/1231/48 1105/1243/48
f 1058/1128/49 1059/1148/49 1140/1244/49 1139/1225/49
f 1042/1142/15 1043/1149/15 1124/1245/15 1123/1239/15
f 1035/1135/50 1036/1150/50 1117/1246/50 1116/1232/50
f 1085/1151/51 1086/1137/51 1167/1234/51 1166/1247/51
f 1011/1152/52 1012/1138/52 1093/1235/52 1092/1248/52
f 1078/1146/53 1079/1153/53 1160/1249/53 1159/1242/53
f 1070/1140/54 1071/1154/54 1152/1250/54 1151/1237/54
f 1059/1148/55 1060/1155/55 1141/1251/55 1140/1244/55
f 1049/1141/15 1050/1156/15 1131/1252/15 1130/1238/15
f 1017/1157/56 1018/1139/56 1099/1236/56 1098/1253/56
f 1079/1153/57 1080/1143/57 1161/1240/57 1160/1249/57
f 1023/1158/58 1024/1147/58 1105/1243/58 1104/1254/58
f 1071/1154/59 1072/1159/59 1153/1255/59 1152/1250/59
f 1060/1155/60 1061/1160/60 1142/1256/60 1141/1251/60
f 1043/1149/15 1044/1162/15 1125/1257/15 1124/1245/15
f 1036/1150/61 1037/1164/61 1118/1258/61 1117/1246/61
f 1010/1165/62 1011/1152/62 1092/1248/62 1091/1259/62
f 1061/1160/63 1062/1167/63 1143/1260/63 1142/1256/63
f 1050/1156/15 1051/1168/15 1132/1261/15 1131/1252/15
f 1044/1162/15 1045/1169/15 1126/1262/15 1125/1257/15
f 1084/1170/64 1085/1151/64 1166/1247/64 1165/1263/64
f 1022/1171/65 1023/1158/65 1104/1254/65 1103/1264/65
f 1072/1159/66 1073/1172/66 1154/1265/66 1153/1255/66
f 1062/1167/67 1063/1173/67 1144/1266/67 1143/1260/67
f 1037/1164/68 1038/1174/68 1119/1267/68 1118/1258/68
f 1030/1120/69 1029/1119/69 1110/1268/69 1111/1269/69
f 1009/1144/70 1010/1165/70 1091/1259/70 1090/1241/70
f 1016/1175/71 1017/1157/71 1098/1253/71 1097/1186/71
f 1031/1125/72 1030/1120/72 1111/1269/72 1112/1270/72
f 951/1021/7 952/1043/7 1033/1122/7 1032/1179/7
f 965/1017/7 966/1042/7 1047/1118/7 1046/1178/7
f 973/1041/7 974/1040/7 1055/1103/7 1054/1096/7
f 926/1039/7 927/1038/7 1008/1145/7 1007/1193/7
f 946/1037/7 947/1036/7 1028/1190/7 1027/1113/7
f 993/1025/7 994/1035/7 1075/1112/7 1074/1181/7
f 934/1034/7 935/1011/7 1016/1175/7 1015/1109/7
f 927/1028/7 984/1033/7 1065/1095/7 1008/1183/7
f 957/1032/7 958/1031/7 1039/1105/7 1038/1174/7
f 971/1015/7 972/1030/7 1053/1097/7 1052/1177/7
f 983/1029/7 927/1028/7 1008/1183/7 1064/1271/7
f 1161/1272/8 1159/1273/8 1160/1274/8
f 1161/1272/73 1158/1275/73 1159/1273/73
f 1162/1276/8 1158/1275/8 1161/1272/8
f 1162/1276/74 1157/1277/74 1158/1275/74
f 1163/1278/8 1157/1277/8 1162/1276/8
f 1163/1278/8 1156/1279/8 1157/1277/8
f 1164/1280/8 1156/1279/8 1163/1278/8
f 1164/1280/8 1155/1281/8 1156/1279/8
f 1164/1280/8 1154/1282/8 1155/1281/8
f 1165/1283/8 1154/1282/8 1164/1280/8
f 1165/1283/74 1153/1284/74 1154/1282/74
f 1166/1285/8 1153/1284/8 1165/1283/8
f 1166/1285/8 1152/1286/8 1153/1284/8
f 1166/1285/8 1151/1287/8 1152/1286/8
f 1167/1288/8 1151/1287/8 1166/1285/8
f 1167/1288/8 1150/1289/8 1151/1287/8
f 1168/1228/8 1150/1289/8 1167/1288/8
f 1168/1228/8 1149/1221/8 1150/1289/8
f 1088/1202/8 1147/1213/8 1148/1217/8
f 1089/1185/8 1146/1184/8 1088/1202/8
f 1089/1185/8 1144/1290/8 1145/1291/8
f 1089/1185/8 1143/1292/8 1144/1290/8
f 1089/1185/8 1142/1293/8 1143/1292/8
f 1089/1185/8 1141/1294/8 1142/1293/8
f 1089/1185/8 1140/1295/8 1141/1294/8
f 1089/1185/74 1139/1296/74 1140/1295/74
f 1090/1297/8 1134/1298/8 1089/1185/8
f 1134/1298/8 1139/1296/8 1089/1185/8
f 1134/1298/75 1138/1299/75 1139/1296/75
f 1134/1298/8 1137/1300/8 1138/1299/8
f 1134/1298/73 1136/1301/73 1137/1300/73
f 1134/1298/8 1135/1302/8 1136/1301/8
f 1090/1297/8 1133/1303/8 1134/1298/8
f 1090/1297/8 1132/1304/8 1133/1303/8
f 1091/1305/8 1132/1304/8 1090/1297/8
f 1091/1305/8 1131/1306/8 1132/1304/8
f 1092/1307/8 1131/1306/8 1091/1305/8
f 1092/1307/8 1130/1308/8 1131/1306/8
f 1093/1309/8 1130/1308/8 1092/1307/8
f 1093/1309/8 1129/1310/8 1130/1308/8
f 1094/1311/8 1129/1310/8 1093/1309/8
f 1095/1312/8 1129/1310/8 1094/1311/8
f 1095/1312/8 1128/1313/8 1129/1310/8
f 1096/1314/8 1128/1313/8 1095/1312/8
f 1096/1314/8 1127/1315/8 1128/1313/8
f 1097/1316/8 1127/1315/8 1096/1314/8
f 1097/1316/8 1126/1317/8 1127/1315/8
f 1098/1318/8 1126/1317/8 1097/1316/8
f 1098/1318/8 1125/1319/8 1126/1317/8
f 1098/1318/8 1124/1320/8 1125/1319/8
f 1099/1321/8 1124/1320/8 1098/1318/8
f 1099/1321/8 1123/1322/8 1124/1320/8
f 1099/1321/8 1122/1323/8 1123/1322/8
f 1100/1324/8 1122/1323/8 1099/1321/8
f 1100/1324/8 1121/1325/8 1122/1323/8
f 1101/1326/8 1121/1325/8 1100/1324/8
f 1101/1326/8 1120/1327/8 1121/1325/8
f 1102/1328/8 1120/1327/8 1101/1326/8
f 1102/1328/8 1119/1329/8 1120/1327/8
f 1103/1330/8 1119/1329/8 1102/1328/8
f 1103/1330/8 1118/1331/8 1119/1329/8
f 1104/1332/8 1118/1331/8 1103/1330/8
f 1104/1332/8 1117/1333/8 1118/1331/8
f 1105/1334/8 1117/1333/8 1104/1332/8
f 1105/1334/8 1116/1335/8 1117/1333/8
f 1106/1336/8 1116/1335/8 1105/1334/8
f 1106/1336/8 1115/1337/8 1116/1335/8
f 1107/1338/8 1115/1337/8 1106/1336/8
f 1107/1338/8 1114/1339/8 1115/1337/8
f 1108/1340/8 1114/1339/8 1107/1338/8
f 1108/1340/8 1113/1341/8 1114/1339/8
f 1109/1342/8 1113/1341/8 1108/1340/8
f 1109/1342/8 1112/1270/8 1113/1341/8
f 1038/1174/76 1039/1105/76 1120/1210/76 1119/1267/76
f 1052/1177/15 1053/1097/15 1134/1203/15 1133/1343/15
f 1064/1271/77 1008/1183/77 1089/1185/77 1145/1291/77
f 1028/1182/78 1031/1125/78 1112/1270/78 1109/1342/78
f 1073/1172/79 1074/1181/79 1155/1189/79 1154/1265/79
f 1021/1098/80 1022/1171/80 1103/1264/80 1102/1204/80
f 1031/1180/81 1032/1179/81 1113/1201/81 1112/1344/81
f 1083/1106/82 1084/1170/82 1165/1263/82 1164/1211/82
f 1045/1169/15 1046/1178/15 1127/1199/15 1126/1262/15
f 1051/1168/15 1052/1177/15 1133/1343/15 1132/1261/15
f 1063/1173/83 1064/1176/83 1145/1345/83 1144/1266/83
o Curve.002
v 0.186172 -0.029425 -0.598893
v 0.184424 -0.029425 -0.592665
v 0.182764 -0.029425 -0.577955
v 0.181201 -0.029425 -0.555364
v 0.179751 -0.029425 -0.525496
v 0.178425 -0.029425 -0.488952
v 0.177236 -0.029425 -0.446334
v 0.176195 -0.029425 -0.398243
v 0.175316 -0.029425 -0.345281
v 0.174611 -0.029425 -0.288051
v 0.174091 -0.029425 -0.227154
v 0.173770 -0.029425 -0.163192
v 0.173661 -0.029425 -0.096767
v 0.173661 -0.029425 -0.087169
v 0.173661 -0.029425 -0.060632
v 0.173661 -0.029425 -0.020544
v 0.173661 -0.029425 0.029707
v 0.173661 -0.029425 0.086734
v 0.173661 -0.029425 0.147148
v 0.173661 -0.029425 0.207562
v 0.173661 -0.029425 0.264589
v 0.173661 -0.029425 0.314840
v 0.173661 -0.029425 0.354928
v 0.173661 -0.029425 0.381465
v 0.173661 -0.029425 0.391063
v -0.482278 -0.029425 0.394637
v -0.630384 -0.029425 0.395889
v -0.754411 -0.029425 0.397061
v -0.856495 -0.029425 0.398294
v -0.938768 -0.029425 0.399733
v -1.003367 -0.029425 0.401519
v -1.052427 -0.029425 0.403795
v -1.088082 -0.029425 0.406703
v -1.112467 -0.029425 0.410388
v -1.127717 -0.029425 0.414990
v -1.135966 -0.029425 0.420654
v -1.139351 -0.029425 0.427522
v -1.140005 -0.029425 0.435735
v -1.139346 -0.029425 0.443949
v -1.135925 -0.029425 0.450817
v -1.127577 -0.029425 0.456481
v -1.112136 -0.029425 0.461083
v -1.087435 -0.029425 0.464768
v -1.051310 -0.029425 0.467677
v -1.001593 -0.029425 0.469953
v -0.936119 -0.029425 0.471738
v -0.852723 -0.029425 0.473177
v -0.749239 -0.029425 0.474411
v -0.623500 -0.029425 0.475582
v -0.473342 -0.029425 0.476835
v -0.367261 -0.029425 0.477168
v -0.269763 -0.029425 0.477265
v -0.180867 -0.029425 0.477114
v -0.100590 -0.029425 0.476703
v -0.028953 -0.029425 0.476018
v 0.034028 -0.029425 0.475048
v 0.088333 -0.029425 0.473781
v 0.133943 -0.029425 0.472202
v 0.170840 -0.029425 0.470301
v 0.199006 -0.029425 0.468066
v 0.218421 -0.029425 0.465483
v 0.229067 -0.029425 0.462540
v 0.236867 -0.029425 0.457756
v 0.243357 -0.029425 0.451223
v 0.248644 -0.029425 0.441264
v 0.252831 -0.029425 0.426206
v 0.256027 -0.029425 0.404372
v 0.258334 -0.029425 0.374087
v 0.259860 -0.029425 0.333676
v 0.260709 -0.029425 0.281465
v 0.260987 -0.029425 0.215776
v 0.260800 -0.029425 0.134937
v 0.260252 -0.029425 0.037271
v 0.259451 -0.029425 -0.078898
v 0.258136 -0.029425 -0.184514
v 0.256821 -0.029425 -0.275170
v 0.255430 -0.029425 -0.351990
v 0.253891 -0.029425 -0.416097
v 0.252129 -0.029425 -0.468614
v 0.250069 -0.029425 -0.510664
v 0.247636 -0.029425 -0.543370
v 0.244757 -0.029425 -0.567854
v 0.241356 -0.029425 -0.585240
v 0.237360 -0.029425 -0.596651
v 0.232693 -0.029425 -0.603211
v 0.227281 -0.029425 -0.606041
v 0.223229 -0.029425 -0.606412
v 0.219146 -0.029425 -0.606628
v 0.215076 -0.029425 -0.606683
v 0.211062 -0.029425 -0.606570
v 0.207147 -0.029425 -0.606284
v 0.203375 -0.029425 -0.605817
v 0.199789 -0.029425 -0.605165
v 0.196432 -0.029425 -0.604320
v 0.193349 -0.029425 -0.603276
v 0.190582 -0.029425 -0.602028
v 0.188175 -0.029425 -0.600569
v 0.182764 -0.029425 -0.577955
v 0.181201 -0.029425 -0.555364
v 0.179751 -0.029425 -0.525496
v 0.178425 -0.029425 -0.488952
v 0.177236 -0.029425 -0.446334
v 0.176195 -0.029425 -0.398243
v 0.175316 -0.029425 -0.345281
v 0.174611 -0.029425 -0.288051
v 0.174091 -0.029425 -0.227154
v 0.173770 -0.029425 -0.163192
v 0.173661 -0.029425 -0.096767
v 0.173661 -0.029425 -0.087169
v 0.173661 -0.029425 -0.060632
v 0.173661 -0.029425 -0.020544
v 0.173661 -0.029425 0.029707
v 0.173661 -0.029425 0.086734
v 0.173661 -0.029425 0.147148
v 0.173661 -0.029425 0.207562
v 0.173661 -0.029425 0.264589
v 0.173661 -0.029425 0.314840
v 0.173661 -0.029425 0.354928
v 0.173661 -0.029425 0.381465
v 0.173661 -0.029425 0.391063
v -0.482278 -0.029425 0.394637
v -0.630384 -0.029425 0.395889
v -0.754411 -0.029425 0.397061
v -0.856495 -0.029425 0.398294
v -0.938768 -0.029425 0.399733
v -1.003367 -0.029425 0.401519
v -1.052427 -0.029425 0.403795
v -1.088082 -0.029425 0.406703
v -1.112467 -0.029425 0.410388
v -1.127717 -0.029425 0.414990
v -1.135966 -0.029425 0.420654
v -1.140005 -0.029425 0.435735
v -1.135925 -0.029425 0.450817
v -1.127577 -0.029425 0.456481
v -1.112136 -0.029425 0.461083
v -1.087435 -0.029425 0.464768
v -1.051310 -0.029425 0.467677
v -1.001593 -0.029425 0.469953
v -0.936119 -0.029425 0.471738
v -0.852723 -0.029425 0.473177
v -0.749239 -0.029425 0.474411
v -0.623500 -0.029425 0.475582
v -0.473342 -0.029425 0.476835
v -0.367261 -0.029425 0.477168
v -0.269763 -0.029425 0.477265
v -0.180867 -0.029425 0.477114
v -0.100590 -0.029425 0.476703
v -0.028953 -0.029425 0.476018
v 0.034028 -0.029425 0.475048
v 0.088333 -0.029425 0.473781
v 0.133943 -0.029425 0.472202
v 0.170840 -0.029425 0.470301
v 0.199006 -0.029425 0.468066
v 0.218421 -0.029425 0.465483
v 0.229067 -0.029425 0.462540
v 0.236867 -0.029425 0.457756
v 0.243357 -0.029425 0.451223
v 0.248644 -0.029425 0.441264
v 0.252831 -0.029425 0.426206
v 0.256027 -0.029425 0.404372
v 0.258334 -0.029425 0.374087
v 0.259860 -0.029425 0.333676
v 0.260709 -0.029425 0.281465
v 0.260987 -0.029425 0.215776
v 0.260800 -0.029425 0.134937
v 0.260252 -0.029425 0.037271
v 0.259451 -0.029425 -0.078898
v 0.258136 -0.029425 -0.184514
v 0.256821 -0.029425 -0.275170
v 0.255430 -0.029425 -0.351990
v 0.253891 -0.029425 -0.416097
v 0.252129 -0.029425 -0.468614
v 0.250069 -0.029425 -0.510664
v 0.247636 -0.029425 -0.543370
v 0.244757 -0.029425 -0.567854
v 0.241356 -0.029425 -0.585240
v 0.237360 -0.029425 -0.596651
v 0.227281 -0.029425 -0.606041
v 0.223229 -0.029425 -0.606412
v 0.211062 -0.029425 -0.606570
v 0.199789 -0.029425 -0.605165
v 0.196432 -0.029425 -0.604320
v 0.188175 -0.029425 -0.600569
v 0.182764 -0.029425 -0.577955
v 0.181201 -0.029425 -0.555364
v 0.179751 -0.029425 -0.525496
v 0.178425 -0.029425 -0.488952
v 0.177236 -0.029425 -0.446334
v 0.176195 -0.029425 -0.398243
v 0.175316 -0.029425 -0.345281
v 0.174611 -0.029425 -0.288051
v 0.174091 -0.029425 -0.227154
v 0.173770 -0.029425 -0.163192
v 0.173661 -0.029425 -0.096767
v 0.173661 -0.029425 -0.087169
v 0.173661 -0.029425 -0.060632
v 0.173661 -0.029425 -0.020544
v 0.173661 -0.029425 0.029707
v 0.173661 -0.029425 0.086734
v 0.173661 -0.029425 0.147148
v 0.173661 -0.029425 0.207562
v 0.173661 -0.029425 0.264589
v 0.173661 -0.029425 0.314840
v 0.173661 -0.029425 0.354928
v 0.173661 -0.029425 0.381465
v 0.173661 -0.029425 0.391063
v -0.482278 -0.029425 0.394637
v -0.630384 -0.029425 0.395889
v -0.754411 -0.029425 0.397061
v -0.856495 -0.029425 0.398294
v -0.938768 -0.029425 0.399733
v -1.003367 -0.029425 0.401519
v -1.052427 -0.029425 0.403795
v -1.088082 -0.029425 0.406703
v -1.112467 -0.029425 0.410388
v -1.127717 -0.029425 0.414990
v -1.135966 -0.029425 0.420654
v -1.140005 -0.029425 0.435735
v -1.135925 -0.029425 0.450817
v -1.127577 -0.029425 0.456481
v -1.112136 -0.029425 0.461083
v -1.087435 -0.029425 0.464768
v -1.051310 -0.029425 0.467677
v -1.001593 -0.029425 0.469953
v -0.936119 -0.029425 0.471738
v -0.852723 -0.029425 0.473177
v -0.749239 -0.029425 0.474411
v -0.623500 -0.029425 0.475582
v -0.473342 -0.029425 0.476835
v -0.367261 -0.029425 0.477168
v -0.269763 -0.029425 0.477265
v -0.180867 -0.029425 0.477114
v -0.100590 -0.029425 0.476703
v -0.028953 -0.029425 0.476018
v 0.034028 -0.029425 0.475048
v 0.088333 -0.029425 0.473781
v 0.133943 -0.029425 0.472202
v 0.170840 -0.029425 0.470301
v 0.199006 -0.029425 0.468066
v 0.218421 -0.029425 0.465483
v 0.229067 -0.029425 0.462540
v 0.236867 -0.029425 0.457756
v 0.243357 -0.029425 0.451223
v 0.248644 -0.029425 0.441264
v 0.252831 -0.029425 0.426206
v 0.256027 -0.029425 0.404372
v 0.258334 -0.029425 0.374087
v 0.259860 -0.029425 0.333676
v 0.260709 -0.029425 0.281465
v 0.260987 -0.029425 0.215776
v 0.260800 -0.029425 0.134937
v 0.260252 -0.029425 0.037271
v 0.259451 -0.029425 -0.078898
v 0.258136 -0.029425 -0.184514
v 0.256821 -0.029425 -0.275170
v 0.255430 -0.029425 -0.351990
v 0.253891 -0.029425 -0.416097
v 0.252129 -0.029425 -0.468614
v 0.250069 -0.029425 -0.510664
v 0.247636 -0.029425 -0.543370
v 0.244757 -0.029425 -0.567854
v 0.241356 -0.029425 -0.585240
v 0.237360 -0.029425 -0.596651
v 0.227281 -0.029425 -0.606041
v 0.223229 -0.029425 -0.606412
v 0.211062 -0.029425 -0.606570
v 0.199789 -0.029425 -0.605165
v 0.196432 -0.029425 -0.604320
v 0.188175 -0.029425 -0.600569
v 0.182764 -0.029425 -0.577955
v 0.181201 -0.029425 -0.555364
v 0.179751 -0.029425 -0.525496
v 0.178425 -0.029425 -0.488952
v 0.177236 -0.029425 -0.446334
v 0.176195 -0.029425 -0.398243
v 0.175316 -0.029425 -0.345281
v 0.174611 -0.029425 -0.288051
v 0.174091 -0.029425 -0.227154
v 0.173770 -0.029425 -0.163192
v 0.173661 -0.029425 -0.096767
v 0.173661 -0.029425 -0.087169
v 0.173661 -0.029425 -0.060632
v 0.173661 -0.029425 -0.020544
v 0.173661 -0.029425 0.029707
v 0.173661 -0.029425 0.086734
v 0.173661 -0.029425 0.147148
v 0.173661 -0.029425 0.207562
v 0.173661 -0.029425 0.264589
v 0.173661 -0.029425 0.314840
v 0.173661 -0.029425 0.354928
v 0.173661 -0.029425 0.381465
v 0.173661 -0.029425 0.391063
v -0.482278 -0.029425 0.394637
v -0.630384 -0.029425 0.395889
v -0.754411 -0.029425 0.397061
v -0.856495 -0.029425 0.398294
v -0.938768 -0.029425 0.399733
v -1.003367 -0.029425 0.401519
v -1.052427 -0.029425 0.403795
v -1.088082 -0.029425 0.406703
v -1.112467 -0.029425 0.410388
v -1.127717 -0.029425 0.414990
v -1.135966 -0.029425 0.420654
v -1.140005 -0.029425 0.435735
v -1.135925 -0.029425 0.450817
v -1.127577 -0.029425 0.456481
v -1.112136 -0.029425 0.461083
v -1.087435 -0.029425 0.464768
v -1.051310 -0.029425 0.467677
v -1.001593 -0.029425 0.469953
v -0.936119 -0.029425 0.471738
v -0.852723 -0.029425 0.473177
v -0.749239 -0.029425 0.474411
v -0.623500 -0.029425 0.475582
v -0.473342 -0.029425 0.476835
v -0.367261 -0.029425 0.477168
v -0.269763 -0.029425 0.477265
v -0.180867 -0.029425 0.477114
v -0.100590 -0.029425 0.476703
v -0.028953 -0.029425 0.476018
v 0.034028 -0.029425 0.475048
v 0.088333 -0.029425 0.473781
v 0.133943 -0.029425 0.472202
v 0.170840 -0.029425 0.470301
v 0.199006 -0.029425 0.468066
v 0.218421 -0.029425 0.465483
v 0.229067 -0.029425 0.462540
v 0.236867 -0.029425 0.457756
v 0.243357 -0.029425 0.451223
v 0.248644 -0.029425 0.441264
v 0.252831 -0.029425 0.426206
v 0.256027 -0.029425 0.404372
v 0.258334 -0.029425 0.374087
v 0.259860 -0.029425 0.333676
v 0.260709 -0.029425 0.281465
v 0.260987 -0.029425 0.215776
v 0.260800 -0.029425 0.134937
v 0.260252 -0.029425 0.037271
v 0.259451 -0.029425 -0.078898
v 0.258136 -0.029425 -0.184514
v 0.256821 -0.029425 -0.275170
v 0.255430 -0.029425 -0.351990
v 0.253891 -0.029425 -0.416097
v 0.252129 -0.029425 -0.468614
v 0.250069 -0.029425 -0.510664
v 0.247636 -0.029425 -0.543370
v 0.244757 -0.029425 -0.567854
v 0.241356 -0.029425 -0.585240
v 0.237360 -0.029425 -0.596651
v 0.227281 -0.029425 -0.606041
v 0.223229 -0.029425 -0.606412
v 0.211062 -0.029425 -0.606570
v 0.199789 -0.029425 -0.605165
v 0.196432 -0.029425 -0.604320
v 0.188175 -0.029425 -0.600569
v 0.182764 -0.029425 -0.577955
v 0.181201 -0.029425 -0.555364
v 0.179751 -0.029425 -0.525496
v 0.178425 -0.029425 -0.488952
v 0.177236 -0.029425 -0.446334
v 0.176195 -0.029425 -0.398243
v 0.175316 -0.029425 -0.345281
v 0.174611 -0.029425 -0.288051
v 0.174091 -0.029425 -0.227154
v 0.173770 -0.029425 -0.163192
v 0.173661 -0.029425 -0.096767
v 0.173661 -0.029425 -0.087169
v 0.173661 -0.029425 -0.060632
v 0.173661 -0.029425 -0.020544
v 0.173661 -0.029425 0.029707
v 0.173661 -0.029425 0.086734
v 0.173661 -0.029425 0.147148
v 0.173661 -0.029425 0.207562
v 0.173661 -0.029425 0.264589
v 0.173661 -0.029425 0.314840
v 0.173661 -0.029425 0.354928
v 0.173661 -0.029425 0.381465
v 0.173661 -0.029425 0.391063
v -0.482278 -0.029425 0.394637
v -0.630384 -0.029425 0.395889
v -0.754411 -0.029425 0.397061
v -0.856495 -0.029425 0.398294
v -0.938768 -0.029425 0.399733
v -1.003367 -0.029425 0.401519
v -1.052427 -0.029425 0.403795
v -1.088082 -0.029425 0.406703
v -1.112467 -0.029425 0.410388
v -1.127717 -0.029425 0.414990
v -1.135966 -0.029425 0.420654
v -1.140005 -0.029425 0.435735
v -1.135925 -0.029425 0.450817
v -1.127577 -0.029425 0.456481
v -1.112136 -0.029425 0.461083
v -1.087435 -0.029425 0.464768
v -1.051310 -0.029425 0.467677
v -1.001593 -0.029425 0.469953
v -0.936119 -0.029425 0.471738
v -0.852723 -0.029425 0.473177
v -0.749239 -0.029425 0.474411
v -0.623500 -0.029425 0.475582
v -0.473342 -0.029425 0.476835
v -0.367261 -0.029425 0.477168
v -0.269763 -0.029425 0.477265
v -0.180867 -0.029425 0.477114
v -0.100590 -0.029425 0.476703
v -0.028953 -0.029425 0.476018
v 0.034028 -0.029425 0.475048
v 0.088333 -0.029425 0.473781
v 0.133943 -0.029425 0.472202
v 0.170840 -0.029425 0.470301
v 0.199006 -0.029425 0.468066
v 0.218421 -0.029425 0.465483
v 0.229067 -0.029425 0.462540
v 0.236867 -0.029425 0.457756
v 0.243357 -0.029425 0.451223
v 0.248644 -0.029425 0.441264
v 0.252831 -0.029425 0.426206
v 0.256027 -0.029425 0.404372
v 0.258334 -0.029425 0.374087
v 0.259860 -0.029425 0.333676
v 0.260709 -0.029425 0.281465
v 0.260987 -0.029425 0.215776
v 0.260800 -0.029425 0.134937
v 0.260252 -0.029425 0.037271
v 0.259451 -0.029425 -0.078898
v 0.258136 -0.029425 -0.184514
v 0.256821 -0.029425 -0.275170
v 0.255430 -0.029425 -0.351990
v 0.253891 -0.029425 -0.416097
v 0.252129 -0.029425 -0.468614
v 0.250069 -0.029425 -0.510664
v 0.247636 -0.029425 -0.543370
v 0.244757 -0.029425 -0.567854
v 0.241356 -0.029425 -0.585240
v 0.237360 -0.029425 -0.596651
v 0.227281 -0.029425 -0.606041
v 0.223229 -0.029425 -0.606412
v 0.211062 -0.029425 -0.606570
v 0.199789 -0.029425 -0.605165
v 0.196432 -0.029425 -0.604320
v 0.188175 -0.029425 -0.600569
v 0.182764 -0.029425 -0.577955
v 0.181201 -0.029425 -0.555364
v 0.179751 -0.029425 -0.525496
v 0.178425 -0.029425 -0.488952
v 0.177236 -0.029425 -0.446334
v 0.176195 -0.029425 -0.398243
v 0.175316 -0.029425 -0.345281
v 0.174611 -0.029425 -0.288051
v 0.174091 -0.029425 -0.227154
v 0.173770 -0.029425 -0.163192
v 0.173661 -0.029425 -0.096767
v 0.173661 -0.029425 -0.087169
v 0.173661 -0.029425 -0.060632
v 0.173661 -0.029425 -0.020544
v 0.173661 -0.029425 0.029707
v 0.173661 -0.029425 0.086734
v 0.173661 -0.029425 0.147148
v 0.173661 -0.029425 0.207562
v 0.173661 -0.029425 0.264589
v 0.173661 -0.029425 0.314840
v 0.173661 -0.029425 0.354928
v 0.173661 -0.029425 0.381465
v 0.173661 -0.029425 0.391063
v -0.482278 -0.029425 0.394637
v -0.630384 -0.029425 0.395889
v -0.754411 -0.029425 0.397061
v -0.856495 -0.029425 0.398294
v -0.938768 -0.029425 0.399733
v -1.003367 -0.029425 0.401519
v -1.052427 -0.029425 0.403795
v -1.088082 -0.029425 0.406703
v -1.112467 -0.029425 0.410388
v -1.127717 -0.029425 0.414990
v -1.135966 -0.029425 0.420654
v -1.140005 -0.029425 0.435735
v -1.135925 -0.029425 0.450817
v -1.127577 -0.029425 0.456481
v -1.112136 -0.029425 0.461083
v -1.087435 -0.029425 0.464768
v -1.051310 -0.029425 0.467677
v -1.001593 -0.029425 0.469953
v -0.936119 -0.029425 0.471738
v -0.852723 -0.029425 0.473177
v -0.749239 -0.029425 0.474411
v -0.623500 -0.029425 0.475582
v -0.473342 -0.029425 0.476835
v -0.367261 -0.029425 0.477168
v -0.269763 -0.029425 0.477265
v -0.180867 -0.029425 0.477114
v -0.100590 -0.029425 0.476703
v -0.028953 -0.029425 0.476018
v 0.034028 -0.029425 0.475048
v 0.088333 -0.029425 0.473781
v 0.133943 -0.029425 0.472202
v 0.170840 -0.029425 0.470301
v 0.199006 -0.029425 0.468066
v 0.218421 -0.029425 0.465483
v 0.229067 -0.029425 0.462540
v 0.236867 -0.029425 0.457756
v 0.243357 -0.029425 0.451223
v 0.248644 -0.029425 0.441264
v 0.252831 -0.029425 0.426206
v 0.256027 -0.029425 0.404372
v 0.258334 -0.029425 0.374087
v 0.259860 -0.029425 0.333676
v 0.260709 -0.029425 0.281465
v 0.260987 -0.029425 0.215776
v 0.260800 -0.029425 0.134937
v 0.260252 -0.029425 0.037271
v 0.259451 -0.029425 -0.078898
v 0.258136 -0.029425 -0.184514
v 0.256821 -0.029425 -0.275170
v 0.255430 -0.029425 -0.351990
v 0.253891 -0.029425 -0.416097
v 0.252129 -0.029425 -0.468614
v 0.250069 -0.029425 -0.510664
v 0.247636 -0.029425 -0.543370
v 0.244757 -0.029425 -0.567854
v 0.241356 -0.029425 -0.585240
v 0.237360 -0.029425 -0.596651
v 0.227281 -0.029425 -0.606041
v 0.223229 -0.029425 -0.606412
v 0.211062 -0.029425 -0.606570
v 0.199789 -0.029425 -0.605165
v 0.196432 -0.029425 -0.604320
v 0.188175 -0.029425 -0.600569
v 0.182764 -0.029425 -0.577955
v 0.181201 -0.029425 -0.555364
v 0.179751 -0.029425 -0.525496
v 0.178425 -0.029425 -0.488952
v 0.177236 -0.029425 -0.446334
v 0.176195 -0.029425 -0.398243
v 0.175316 -0.029425 -0.345281
v 0.174611 -0.029425 -0.288051
v 0.174091 -0.029425 -0.227154
v 0.173770 -0.029425 -0.163192
v 0.173661 -0.029425 -0.096767
v 0.173661 -0.029425 -0.087169
v 0.173661 -0.029425 -0.060632
v 0.173661 -0.029425 -0.020544
v 0.173661 -0.029425 0.029707
v 0.173661 -0.029425 0.086734
v 0.173661 -0.029425 0.147148
v 0.173661 -0.029425 0.207562
v 0.173661 -0.029425 0.264589
v 0.173661 -0.029425 0.314840
v 0.173661 -0.029425 0.354928
v 0.173661 -0.029425 0.381465
v 0.173661 -0.029425 0.391063
v -0.482278 -0.029425 0.394637
v -0.630384 -0.029425 0.395889
v -0.754411 -0.029425 0.397061
v -0.856495 -0.029425 0.398294
v -0.938768 -0.029425 0.399733
v -1.003367 -0.029425 0.401519
v -1.052427 -0.029425 0.403795
v -1.088082 -0.029425 0.406703
v -1.112467 -0.029425 0.410388
v -1.127717 -0.029425 0.414990
v -1.135966 -0.029425 0.420654
v -1.140005 -0.029425 0.435735
v -1.135925 -0.029425 0.450817
v -1.127577 -0.029425 0.456481
v -1.112136 -0.029425 0.461083
v -1.087435 -0.029425 0.464768
v -1.051310 -0.029425 0.467677
v -1.001593 -0.029425 0.469953
v -0.936119 -0.029425 0.471738
v -0.852723 -0.029425 0.473177
v -0.749239 -0.029425 0.474411
v -0.623500 -0.029425 0.475582
v -0.473342 -0.029425 0.476835
v -0.367261 -0.029425 0.477168
v -0.269763 -0.029425 0.477265
v -0.180867 -0.029425 0.477114
v -0.100590 -0.029425 0.476703
v -0.028953 -0.029425 0.476018
v 0.034028 -0.029425 0.475048
v 0.088333 -0.029425 0.473781
v 0.133943 -0.029425 0.472202
v 0.170840 -0.029425 0.470301
v 0.199006 -0.029425 0.468066
v 0.218421 -0.029425 0.465483
v 0.229067 -0.029425 0.462540
v 0.236867 -0.029425 0.457756
v 0.243357 -0.029425 0.451223
v 0.248644 -0.029425 0.441264
v 0.252831 -0.029425 0.426206
v 0.256027 -0.029425 0.404372
v 0.258334 -0.029425 0.374087
v 0.259860 -0.029425 0.333676
v 0.260709 -0.029425 0.281465
v 0.260987 -0.029425 0.215776
v 0.260800 -0.029425 0.134937
v 0.260252 -0.029425 0.037271
v 0.259451 -0.029425 -0.078898
v 0.258136 -0.029425 -0.184514
v 0.256821 -0.029425 -0.275170
v 0.255430 -0.029425 -0.351990
v 0.253891 -0.029425 -0.416097
v 0.252129 -0.029425 -0.468614
v 0.250069 -0.029425 -0.510664
v 0.247636 -0.029425 -0.543370
v 0.244757 -0.029425 -0.567854
v 0.241356 -0.029425 -0.585240
v 0.237360 -0.029425 -0.596651
v 0.227281 -0.029425 -0.606041
v 0.223229 -0.029425 -0.606412
v 0.211062 -0.029425 -0.606570
v 0.199789 -0.029425 -0.605165
v 0.196432 -0.029425 -0.604320
v 0.188175 -0.029425 -0.600569
v 0.182764 -0.029425 -0.577955
v 0.181201 -0.029425 -0.555364
v 0.179751 -0.029425 -0.525496
v 0.178425 -0.029425 -0.488952
v 0.177236 -0.029425 -0.446334
v 0.176195 -0.029425 -0.398243
v 0.175316 -0.029425 -0.345281
v 0.174611 -0.029425 -0.288051
v 0.174091 -0.029425 -0.227154
v 0.173770 -0.029425 -0.163192
v 0.173661 -0.029425 -0.096767
v 0.173661 -0.029425 -0.087169
v 0.173661 -0.029425 -0.060632
v 0.173661 -0.029425 -0.020544
v 0.173661 -0.029425 0.029707
v 0.173661 -0.029425 0.086734
v 0.173661 -0.029425 0.147148
v 0.173661 -0.029425 0.207562
v 0.173661 -0.029425 0.264589
v 0.173661 -0.029425 0.314840
v 0.173661 -0.029425 0.354928
v 0.173661 -0.029425 0.381465
v 0.173661 -0.029425 0.391063
v -0.482278 -0.029425 0.394637
v -0.630384 -0.029425 0.395889
v -0.754411 -0.029425 0.397061
v -0.856495 -0.029425 0.398294
v -0.938768 -0.029425 0.399733
v -1.003367 -0.029425 0.401519
v -1.052427 -0.029425 0.403795
v -1.088082 -0.029425 0.406703
v -1.112467 -0.029425 0.410388
v -1.127717 -0.029425 0.414990
v -1.135966 -0.029425 0.420654
v -1.140005 -0.029425 0.435735
v -1.135925 -0.029425 0.450817
v -1.127577 -0.029425 0.456481
v -1.112136 -0.029425 0.461083
v -1.087435 -0.029425 0.464768
v -1.051310 -0.029425 0.467677
v -1.001593 -0.029425 0.469953
v -0.936119 -0.029425 0.471738
v -0.852723 -0.029425 0.473177
v -0.749239 -0.029425 0.474411
v -0.623500 -0.029425 0.475582
v -0.473342 -0.029425 0.476835
v -0.367261 -0.029425 0.477168
v -0.269763 -0.029425 0.477265
v -0.180867 -0.029425 0.477114
v -0.100590 -0.029425 0.476703
v -0.028953 -0.029425 0.476018
v 0.034028 -0.029425 0.475048
v 0.088333 -0.029425 0.473781
v 0.133943 -0.029425 0.472202
v 0.170840 -0.029425 0.470301
v 0.199006 -0.029425 0.468066
v 0.218421 -0.029425 0.465483
v 0.229067 -0.029425 0.462540
v 0.236867 -0.029425 0.457756
v 0.243357 -0.029425 0.451223
v 0.248644 -0.029425 0.441264
v 0.252831 -0.029425 0.426206
v 0.256027 -0.029425 0.404372
v 0.258334 -0.029425 0.374087
v 0.259860 -0.029425 0.333676
v 0.260709 -0.029425 0.281465
v 0.260987 -0.029425 0.215776
v 0.260800 -0.029425 0.134937
v 0.260252 -0.029425 0.037271
v 0.259451 -0.029425 -0.078898
v 0.258136 -0.029425 -0.184514
v 0.256821 -0.029425 -0.275170
v 0.255430 -0.029425 -0.351990
v 0.253891 -0.029425 -0.416097
v 0.252129 -0.029425 -0.468614
v 0.250069 -0.029425 -0.510664
v 0.247636 -0.029425 -0.543370
v 0.244757 -0.029425 -0.567854
v 0.241356 -0.029425 -0.585240
v 0.237360 -0.029425 -0.596651
v 0.227281 -0.029425 -0.606041
v 0.223229 -0.029425 -0.606412
v 0.211062 -0.029425 -0.606570
v 0.199789 -0.029425 -0.605165
v 0.196432 -0.029425 -0.604320
v 0.188175 -0.029425 -0.600569
v 0.182764 -0.029425 -0.577955
v 0.181201 -0.029425 -0.555364
v 0.179751 -0.029425 -0.525496
v 0.178425 -0.029425 -0.488952
v 0.177236 -0.029425 -0.446334
v 0.176195 -0.029425 -0.398243
v 0.175316 -0.029425 -0.345281
v 0.174611 -0.029425 -0.288051
v 0.174091 -0.029425 -0.227154
v 0.173770 -0.029425 -0.163192
v 0.173661 -0.029425 -0.096767
v 0.173661 -0.029425 -0.087169
v 0.173661 -0.029425 -0.060632
v 0.173661 -0.029425 -0.020544
v 0.173661 -0.029425 0.029707
v 0.173661 -0.029425 0.086734
v 0.173661 -0.029425 0.147148
v 0.173661 -0.029425 0.207562
v 0.173661 -0.029425 0.264589
v 0.173661 -0.029425 0.314840
v 0.173661 -0.029425 0.354928
v 0.173661 -0.029425 0.381465
v 0.173661 -0.029425 0.391063
v -0.482278 -0.029425 0.394637
v -0.630384 -0.029425 0.395889
v -0.754411 -0.029425 0.397061
v -0.856495 -0.029425 0.398294
v -0.938768 -0.029425 0.399733
v -1.003367 -0.029425 0.401519
v -1.052427 -0.029425 0.403795
v -1.088082 -0.029425 0.406703
v -1.112467 -0.029425 0.410388
v -1.127717 -0.029425 0.414990
v -1.135966 -0.029425 0.420654
v -1.140005 -0.029425 0.435735
v -1.135925 -0.029425 0.450817
v -1.127577 -0.029425 0.456481
v -1.112136 -0.029425 0.461083
v -1.087435 -0.029425 0.464768
v -1.051310 -0.029425 0.467677
v -1.001593 -0.029425 0.469953
v -0.936119 -0.029425 0.471738
v -0.852723 -0.029425 0.473177
v -0.749239 -0.029425 0.474411
v -0.623500 -0.029425 0.475582
v -0.473342 -0.029425 0.476835
v -0.367261 -0.029425 0.477168
v -0.269763 -0.029425 0.477265
v -0.180867 -0.029425 0.477114
v -0.100590 -0.029425 0.476703
v -0.028953 -0.029425 0.476018
v 0.034028 -0.029425 0.475048
v 0.088333 -0.029425 0.473781
v 0.133943 -0.029425 0.472202
v 0.170840 -0.029425 0.470301
v 0.199006 -0.029425 0.468066
v 0.218421 -0.029425 0.465483
v 0.229067 -0.029425 0.462540
v 0.236867 -0.029425 0.457756
v 0.243357 -0.029425 0.451223
v 0.248644 -0.029425 0.441264
v 0.252831 -0.029425 0.426206
v 0.256027 -0.029425 0.404372
v 0.258334 -0.029425 0.374087
v 0.259860 -0.029425 0.333676
v 0.260709 -0.029425 0.281465
v 0.260987 -0.029425 0.215776
v 0.260800 -0.029425 0.134937
v 0.260252 -0.029425 0.037271
v 0.259451 -0.029425 -0.078898
v 0.258136 -0.029425 -0.184514
v 0.256821 -0.029425 -0.275170
v 0.255430 -0.029425 -0.351990
v 0.253891 -0.029425 -0.416097
v 0.252129 -0.029425 -0.468614
v 0.250069 -0.029425 -0.510664
v 0.247636 -0.029425 -0.543370
v 0.244757 -0.029425 -0.567854
v 0.241356 -0.029425 -0.585240
v 0.237360 -0.029425 -0.596651
v 0.227281 -0.029425 -0.606041
v 0.223229 -0.029425 -0.606412
v 0.211062 -0.029425 -0.606570
v 0.199789 -0.029425 -0.605165
v 0.196432 -0.029425 -0.604320
v 0.188175 -0.029425 -0.600569
v 0.182764 -0.029425 -0.577955
v 0.181201 -0.029425 -0.555364
v 0.179751 -0.029425 -0.525496
v 0.178425 -0.029425 -0.488952
v 0.177236 -0.029425 -0.446334
v 0.176195 -0.029425 -0.398243
v 0.175316 -0.029425 -0.345281
v 0.174611 -0.029425 -0.288051
v 0.174091 -0.029425 -0.227154
v 0.173770 -0.029425 -0.163192
v 0.173661 -0.029425 -0.096767
v 0.173661 -0.029425 -0.087169
v 0.173661 -0.029425 -0.060632
v 0.173661 -0.029425 -0.020544
v 0.173661 -0.029425 0.029707
v 0.173661 -0.029425 0.086734
v 0.173661 -0.029425 0.147148
v 0.173661 -0.029425 0.207562
v 0.173661 -0.029425 0.264589
v 0.173661 -0.029425 0.314840
v 0.173661 -0.029425 0.354928
v 0.173661 -0.029425 0.381465
v 0.173661 -0.029425 0.391063
v -0.482278 -0.029425 0.394637
v -0.630384 -0.029425 0.395889
v -0.754411 -0.029425 0.397061
v -0.856495 -0.029425 0.398294
v -0.938768 -0.029425 0.399733
v -1.003367 -0.029425 0.401519
v -1.052427 -0.029425 0.403795
v -1.088082 -0.029425 0.406703
v -1.112467 -0.029425 0.410388
v -1.127717 -0.029425 0.414990
v -1.135966 -0.029425 0.420654
v -1.140005 -0.029425 0.435735
v -1.135925 -0.029425 0.450817
v -1.127577 -0.029425 0.456481
v -1.112136 -0.029425 0.461083
v -1.087435 -0.029425 0.464768
v -1.051310 -0.029425 0.467677
v -1.001593 -0.029425 0.469953
v -0.936119 -0.029425 0.471738
v -0.852723 -0.029425 0.473177
v -0.749239 -0.029425 0.474411
v -0.623500 -0.029425 0.475582
v -0.473342 -0.029425 0.476835
v -0.367261 -0.029425 0.477168
v -0.269763 -0.029425 0.477265
v -0.180867 -0.029425 0.477114
v -0.100590 -0.029425 0.476703
v -0.028953 -0.029425 0.476018
v 0.034028 -0.029425 0.475048
v 0.088333 -0.029425 0.473781
v 0.133943 -0.029425 0.472202
v 0.170840 -0.029425 0.470301
v 0.199006 -0.029425 0.468066
v 0.218421 -0.029425 0.465483
v 0.229067 -0.029425 0.462540
v 0.236867 -0.029425 0.457756
v 0.243357 -0.029425 0.451223
v 0.248644 -0.029425 0.441264
v 0.252831 -0.029425 0.426206
v 0.256027 -0.029425 0.404372
v 0.258334 -0.029425 0.374087
v 0.259860 -0.029425 0.333676
v 0.260709 -0.029425 0.281465
v 0.260987 -0.029425 0.215776
v 0.260800 -0.029425 0.134937
v 0.260252 -0.029425 0.037271
v 0.259451 -0.029425 -0.078898
v 0.258136 -0.029425 -0.184514
v 0.256821 -0.029425 -0.275170
v 0.255430 -0.029425 -0.351990
v 0.253891 -0.029425 -0.416097
v 0.252129 -0.029425 -0.468614
v 0.250069 -0.029425 -0.510664
v 0.247636 -0.029425 -0.543370
v 0.244757 -0.029425 -0.567854
v 0.241356 -0.029425 -0.585240
v 0.237360 -0.029425 -0.596651
v 0.227281 -0.029425 -0.606041
v 0.223229 -0.029425 -0.606412
v 0.211062 -0.029425 -0.606570
v 0.199789 -0.029425 -0.605165
v 0.196432 -0.029425 -0.604320
v 0.188175 -0.029425 -0.600569
v 0.182764 -0.029425 -0.577955
v 0.181201 -0.029425 -0.555364
v 0.179751 -0.029425 -0.525496
v 0.178425 -0.029425 -0.488952
v 0.177236 -0.029425 -0.446334
v 0.176195 -0.029425 -0.398243
v 0.175316 -0.029425 -0.345281
v 0.174611 -0.029425 -0.288051
v 0.174091 -0.029425 -0.227154
v 0.173770 -0.029425 -0.163192
v 0.173661 -0.029425 -0.096767
v 0.173661 -0.029425 -0.087169
v 0.173661 -0.029425 -0.060632
v 0.173661 -0.029425 -0.020544
v 0.173661 -0.029425 0.029707
v 0.173661 -0.029425 0.086734
v 0.173661 -0.029425 0.147148
v 0.173661 -0.029425 0.207562
v 0.173661 -0.029425 0.264589
v 0.173661 -0.029425 0.314840
v 0.173661 -0.029425 0.354928
v 0.173661 -0.029425 0.381465
v 0.173661 -0.029425 0.391063
v -0.482278 -0.029425 0.394637
v -0.630384 -0.029425 0.395889
v -0.754411 -0.029425 0.397061
v -0.856495 -0.029425 0.398294
v -0.938768 -0.029425 0.399733
v -1.003367 -0.029425 0.401519
v -1.052427 -0.029425 0.403795
v -1.088082 -0.029425 0.406703
v -1.112467 -0.029425 0.410388
v -1.127717 -0.029425 0.414990
v -1.135966 -0.029425 0.420654
v -1.140005 -0.029425 0.435735
v -1.135925 -0.029425 0.450817
v -1.127577 -0.029425 0.456481
v -1.112136 -0.029425 0.461083
v -1.087435 -0.029425 0.464768
v -1.051310 -0.029425 0.467677
v -1.001593 -0.029425 0.469953
v -0.936119 -0.029425 0.471738
v -0.852723 -0.029425 0.473177
v -0.749239 -0.029425 0.474411
v -0.623500 -0.029425 0.475582
v -0.473342 -0.029425 0.476835
v -0.367261 -0.029425 0.477168
v -0.269763 -0.029425 0.477265
v -0.180867 -0.029425 0.477114
v -0.100590 -0.029425 0.476703
v -0.028953 -0.029425 0.476018
v 0.034028 -0.029425 0.475048
v 0.088333 -0.029425 0.473781
v 0.133943 -0.029425 0.472202
v 0.170840 -0.029425 0.470301
v 0.199006 -0.029425 0.468066
v 0.218421 -0.029425 0.465483
v 0.229067 -0.029425 0.462540
v 0.236867 -0.029425 0.457756
v 0.243357 -0.029425 0.451223
v 0.248644 -0.029425 0.441264
v 0.252831 -0.029425 0.426206
v 0.256027 -0.029425 0.404372
v 0.258334 -0.029425 0.374087
v 0.259860 -0.029425 0.333676
v 0.260709 -0.029425 0.281465
v 0.260987 -0.029425 0.215776
v 0.260800 -0.029425 0.134937
v 0.260252 -0.029425 0.037271
v 0.259451 -0.029425 -0.078898
v 0.258136 -0.029425 -0.184514
v 0.256821 -0.029425 -0.275170
v 0.255430 -0.029425 -0.351990
v 0.253891 -0.029425 -0.416097
v 0.252129 -0.029425 -0.468614
v 0.250069 -0.029425 -0.510664
v 0.247636 -0.029425 -0.543370
v 0.244757 -0.029425 -0.567854
v 0.241356 -0.029425 -0.585240
v 0.237360 -0.029425 -0.596651
v 0.227281 -0.029425 -0.606041
v 0.223229 -0.029425 -0.606412
v 0.211062 -0.029425 -0.606570
v 0.199789 -0.029425 -0.605165
v 0.196432 -0.029425 -0.604320
v 0.188175 -0.029425 -0.600569
v 0.182764 0.759334 -0.577955
v 0.181201 0.759334 -0.555364
v 0.179751 0.759334 -0.525496
v 0.178425 0.759334 -0.488952
v 0.177236 0.759334 -0.446334
v 0.176195 0.759334 -0.398243
v 0.175316 0.759334 -0.345281
v 0.174611 0.759334 -0.288051
v 0.174091 0.759334 -0.227154
v 0.173770 0.759334 -0.163192
v 0.173661 0.759334 -0.096767
v 0.173661 0.759334 -0.087169
v 0.173661 0.759334 -0.060632
v 0.173661 0.759334 -0.020544
v 0.173661 0.759334 0.029707
v 0.173661 0.759334 0.086734
v 0.173661 0.759334 0.147148
v 0.173661 0.759334 0.207562
v 0.173661 0.759334 0.264589
v 0.173661 0.759334 0.314840
v 0.173661 0.759334 0.354928
v 0.173661 0.759334 0.381465
v 0.173661 0.759334 0.391063
v -0.482278 0.759334 0.394637
v -0.630384 0.759334 0.395889
v -0.754411 0.759334 0.397061
v -0.856495 0.759334 0.398294
v -0.938768 0.759334 0.399733
v -1.003367 0.759334 0.401519
v -1.052427 0.759334 0.403795
v -1.088082 0.759334 0.406703
v -1.112467 0.759334 0.410388
v -1.127717 0.759334 0.414990
v -1.135966 0.759334 0.420654
v -1.140005 0.759334 0.435735
v -1.135925 0.759334 0.450817
v -1.127577 0.759334 0.456481
v -1.112136 0.759334 0.461083
v -1.087435 0.759334 0.464768
v -1.051310 0.759334 0.467677
v -1.001593 0.759334 0.469953
v -0.936119 0.759334 0.471738
v -0.852723 0.759334 0.473177
v -0.749239 0.759334 0.474411
v -0.623500 0.759334 0.475582
v -0.473342 0.759334 0.476835
v -0.367261 0.759334 0.477168
v -0.269763 0.759334 0.477265
v -0.180867 0.759334 0.477114
v -0.100590 0.759334 0.476703
v -0.028953 0.759334 0.476018
v 0.034028 0.759334 0.475048
v 0.088333 0.759334 0.473781
v 0.133943 0.759334 0.472202
v 0.170840 0.759334 0.470301
v 0.199006 0.759334 0.468066
v 0.218421 0.759334 0.465483
v 0.229067 0.759334 0.462540
v 0.236867 0.759334 0.457756
v 0.243357 0.759334 0.451223
v 0.248644 0.759334 0.441264
v 0.252831 0.759334 0.426206
v 0.256027 0.759334 0.404372
v 0.258334 0.759334 0.374087
v 0.259860 0.759334 0.333676
v 0.260709 0.759334 0.281465
v 0.260987 0.759334 0.215776
v 0.260800 0.759334 0.134937
v 0.260252 0.759334 0.037271
v 0.259451 0.759334 -0.078898
v 0.258136 0.759334 -0.184514
v 0.256821 0.759334 -0.275170
v 0.255430 0.759334 -0.351990
v 0.253891 0.759334 -0.416097
v 0.252129 0.759334 -0.468614
v 0.250069 0.759334 -0.510664
v 0.247636 0.759334 -0.543370
v 0.244757 0.759334 -0.567854
v 0.241356 0.759334 -0.585240
v 0.237360 0.759334 -0.596651
v 0.227281 0.759334 -0.606041
v 0.223229 0.759334 -0.606412
v 0.211062 0.759334 -0.606570
v 0.199789 0.759334 -0.605165
v 0.196432 0.759334 -0.604320
v 0.188175 0.759334 -0.600569
vt 0.927083 0.000000
vt 0.906250 0.000000
vt 0.916667 0.000000
vt 0.895833 0.000000
vt 0.937500 0.000000
vt 0.885417 0.000000
vt 0.947917 0.000000
vt 0.875000 0.000000
vt 0.958333 0.000000
vt 0.968750 0.000000
vt 0.979167 0.000000
vt 0.989583 0.000000
vt 0.864583 0.000000
vt 1.000000 0.000000
vt 0.000000 0.000000
vt 0.010417 0.000000
vt 0.854167 0.000000
vt 0.020833 0.000000
vt 0.854167 0.000000
vt 0.864583 0.000000
vt 0.000000 0.000000
vt 0.000000 0.000000
vt 0.000000 0.000000
vt 0.000000 0.000000
vt 0.000000 0.000000
vt 0.000000 0.000000
vt 0.000000 0.000000
vt 0.000000 0.000000
vt 0.895833 0.000000
vt 0.927083 0.000000
vt 0.000000 0.000000
vt 0.000000 0.000000
vt 0.000000 0.000000
vt 0.000000 0.000000
vt 0.000000 0.000000
vt 0.000000 0.000000
vt 0.000000 0.000000
vt 0.000000 0.000000
vt 0.000000 0.000000
vt 0.000000 0.000000
vt 0.000000 0.000000
vt 0.000000 0.000000
vt 0.000000 0.000000
vt 0.000000 0.000000
vt 0.000000 0.000000
vt 0.000000 0.000000
vt 0.000000 0.000000
vt 0.000000 0.000000
vt 0.000000 0.000000
vt 0.000000 0.000000
vt 0.000000 0.000000
vt 0.000000 0.000000
vt 0.000000 0.000000
vt 0.000000 0.000000
vt 0.000000 0.000000
vt 0.000000 0.000000
vt 0.000000 0.000000
vt 0.000000 0.000000
vt 0.364583 0.000000
vt 0.677083 0.000000
vt 0.677083 0.000000
vt 0.364583 0.000000
vt 0.000000 0.000000
vt 0.000000 0.000000
vt 0.000000 0.000000
vt 0.000000 0.000000
vt 0.000000 0.000000
vt 0.000000 0.000000
vt 0.000000 0.000000
vt 0.000000 0.000000
vt 0.000000 0.000000
vt 0.000000 0.000000
vt 0.000000 0.000000
vt 0.000000 0.000000
vt 0.000000 0.000000
vt 0.000000 0.000000
vt 0.000000 0.000000
vt 0.000000 0.000000
vt 0.000000 0.000000
vt 0.000000 0.000000
vt 0.000000 0.000000
vt 0.000000 0.000000
vt 1.000000 0.000000
vt 0.000000 0.000000
vt 0.000000 0.000000
vt 0.000000 0.000000
vt 0.000000 0.000000
vt 0.000000 0.000000
vt 0.000000 0.000000
vt 0.000000 0.000000
vt 0.000000 0.000000
vt 0.000000 0.000000
vt 0.000000 0.000000
vt 0.000000 0.000000
vt 0.000000 0.000000
vt 0.000000 0.000000
vt 0.000000 0.000000
vt 0.000000 0.000000
vt 0.000000 0.000000
vt 0.000000 0.000000
vt 0.000000 0.000000
vt 0.000000 0.000000
vt 0.000000 0.000000
vt 0.000000 0.000000
vt 0.000000 0.000000
vt 0.000000 0.000000
vt 0.000000 0.000000
vt 0.000000 0.000000
vt 0.000000 0.000000
vt 0.000000 0.000000
vt 0.000000 0.000000
vt 0.000000 0.000000
vt 0.000000 0.000000
vt 0.000000 0.000000
vt 0.000000 0.000000
vt 0.000000 0.000000
vt 0.000000 0.000000
vt 0.000000 0.000000
vt 0.000000 0.000000
vt 0.000000 0.000000
vt 0.000000 0.000000
vt 0.000000 0.000000
vt 0.000000 0.000000
vt 0.000000 0.000000
vt 0.000000 0.000000
vt 0.000000 0.000000
vt 0.000000 0.000000
vt 0.000000 0.000000
vt 0.000000 0.000000
vt 0.000000 0.000000
vt 0.000000 0.000000
vt 0.000000 0.000000
vt 0.000000 0.000000
vt 0.000000 0.000000
vt 0.000000 0.000000
vt 0.000000 0.000000
vt 0.000000 0.000000
vt 0.000000 0.000000
vt 0.000000 0.000000
vt 0.000000 0.000000
vt 0.000000 0.000000
vt 0.375000 0.000000
vt 0.666667 0.000000
vt 0.385417 0.000000
vt 0.395833 0.000000
vt 0.656250 0.000000
vt 0.406250 0.000000
vt 0.958333 0.000000
vt 0.968750 0.000000
vt 0.000000 0.000000
vt 0.000000 0.000000
vt 0.000000 0.000000
vt 0.000000 0.000000
vt 0.000000 0.000000
vt 0.000000 0.000000
vt 0.406250 0.000000
vt 0.656250 0.000000
vt 0.000000 0.000000
vt 0.000000 0.000000
vt 0.000000 0.000000
vt 0.000000 0.000000
vt 0.000000 0.000000
vt 0.000000 0.000000
vt 0.000000 0.000000
vt 0.000000 0.000000
vt 0.000000 0.000000
vt 0.000000 0.000000
vt 0.000000 0.000000
vt 0.000000 0.000000
vt 0.000000 0.000000
vt 0.000000 0.000000
vt 0.666667 0.000000
vt 0.000000 0.000000
vt 0.000000 0.000000
vt 0.000000 0.000000
vt 0.000000 0.000000
vt 0.000000 0.000000
vt 0.000000 0.000000
vt 0.000000 0.000000
vt 0.000000 0.000000
vt 0.000000 0.000000
vt 0.000000 0.000000
vt 0.000000 0.000000
vt 0.000000 0.000000
vt 0.000000 0.000000
vt 0.000000 0.000000
vt 0.885417 0.000000
vt 0.000000 0.000000
vt 0.000000 0.000000
vt 0.000000 0.000000
vt 0.000000 0.000000
vt 0.000000 0.000000
vt 0.000000 0.000000
vt 0.000000 0.000000
vt 0.000000 0.000000
vt 0.000000 0.000000
vt 0.000000 0.000000
vt 0.000000 0.000000
vt 0.000000 0.000000
vt 0.000000 0.000000
vt 0.000000 0.000000
vt 0.000000 0.000000
vt 0.000000 0.000000
vt 0.000000 0.000000
vt 0.000000 0.000000
vt 0.000000 0.000000
vt 0.000000 0.000000
vt 0.000000 0.000000
vt 0.000000 0.000000
vt 0.000000 0.000000
vt 0.000000 0.000000
vt 0.000000 0.000000
vt 0.000000 0.000000
vt 0.000000 0.000000
vt 0.000000 0.000000
vt 0.000000 0.000000
vt 0.000000 0.000000
vt 0.000000 0.000000
vt 0.000000 0.000000
vt 0.000000 0.000000
vt 0.000000 0.000000
vt 0.000000 0.000000
vt 0.000000 0.000000
vt 0.000000 0.000000
vt 0.000000 0.000000
vt 0.000000 0.000000
vt 0.000000 0.000000
vt 0.000000 0.000000
vt 0.000000 0.000000
vt 0.000000 0.000000
vt 0.000000 0.000000
vt 0.000000 0.000000
vt 0.000000 0.000000
vt 0.000000 0.000000
vt 0.000000 0.000000
vt 0.000000 0.000000
vt 0.000000 0.000000
vt 0.000000 0.000000
vt 0.000000 0.000000
vt 0.000000 0.000000
vt 0.000000 0.000000
vt 0.000000 0.000000
vt 0.000000 0.000000
vt 0.000000 0.000000
vt 0.000000 0.000000
vt 0.000000 0.000000
vt 0.000000 0.000000
vt 0.000000 0.000000
vt 0.000000 0.000000
vt 0.000000 0.000000
vt 0.000000 0.000000
vt 0.000000 0.000000
vt 0.000000 0.000000
vt 0.000000 0.000000
vt 0.020833 0.000000
vt 0.020833 0.000000
vt 0.854167 0.000000
vt 0.000000 0.000000
vt 0.000000 0.000000
vt 0.406250 0.000000
vt 0.656250 0.000000
vt 0.864583 0.000000
vt 0.000000 0.000000
vt 0.666667 0.000000
vt 1.000000 0.000000
vt 0.000000 0.000000
vt 0.385417 0.000000
vt 0.385417 0.000000
vt 0.958333 0.000000
vt 0.968750 0.000000
vt 0.000000 0.000000
vt 0.000000 0.000000
vt 0.000000 0.000000
vt 0.000000 0.000000
vt 0.677083 0.000000
vt 0.885417 0.000000
vt 0.895833 0.000000
vt 0.000000 0.000000
vt 0.364583 0.000000
vt 0.927083 0.000000
vt 0.000000 0.000000
vt 0.000000 0.000000
vt 0.000000 0.000000
vt 0.000000 0.000000
vt 0.000000 0.000000
vt 0.000000 0.000000
vt 0.000000 0.000000
vt 0.000000 0.000000
vt 0.000000 0.000000
vt 0.000000 0.000000
vt 0.000000 0.000000
vt 0.000000 0.000000
vt 0.000000 0.000000
vt 0.000000 0.000000
vt 0.000000 0.000000
vt 0.000000 0.000000
vt 0.000000 0.000000
vt 0.000000 0.000000
vt 0.000000 0.000000
vt 0.000000 0.000000
vt 0.000000 0.000000
vt 0.000000 0.000000
vt 0.000000 0.000000
vt 0.000000 0.000000
vt 0.000000 0.000000
vt 0.020833 0.000000
vt 0.854167 0.000000
vt 0.000000 0.000000
vt 0.000000 0.000000
vt 0.000000 0.000000
vt 0.406250 0.000000
vt 0.656250 0.000000
vt 0.864583 0.000000
vt 0.000000 0.000000
vt 0.666667 0.000000
vt 1.000000 0.000000
vt 0.000000 0.000000
vt 0.385417 0.000000
vt 0.958333 0.000000
vt 0.968750 0.000000
vt 0.000000 0.000000
vt 0.000000 0.000000
vt 0.000000 0.000000
vt 0.000000 0.000000
vt 0.677083 0.000000
vt 0.885417 0.000000
vt 0.895833 0.000000
vt 0.000000 0.000000
vt 0.000000 0.000000
vt 0.000000 0.000000
vt 0.364583 0.000000
vt 0.927083 0.000000
vt 0.000000 0.000000
vt 0.000000 0.000000
vt 0.000000 0.000000
vt 0.000000 0.000000
vt 0.000000 0.000000
vt 0.000000 0.000000
vt 0.000000 0.000000
vt 0.000000 0.000000
vt 0.000000 0.000000
vt 0.000000 0.000000
vt 0.000000 0.000000
vt 0.000000 0.000000
vt 0.000000 0.000000
vt 0.000000 0.000000
vt 0.000000 0.000000
vt 0.000000 0.000000
vt 0.000000 0.000000
vt 0.000000 0.000000
vt 0.000000 0.000000
vt 0.000000 0.000000
vt 0.000000 0.000000
vt 0.000000 0.000000
vt 0.000000 0.000000
vt 0.000000 0.000000
vt 0.000000 0.000000
vt 0.000000 0.000000
vt 0.000000 0.000000
vt 0.000000 0.000000
vt 0.000000 0.000000
vt 0.000000 0.000000
vt 0.000000 0.000000
vt 0.000000 0.000000
vt 0.000000 0.000000
vt 0.000000 0.000000
vt 0.000000 0.000000
vt 0.000000 0.000000
vt 0.000000 0.000000
vt 0.000000 0.000000
vt 0.000000 0.000000
vt 0.000000 0.000000
vt 0.000000 0.000000
vt 0.000000 0.000000
vt 0.000000 0.000000
vt 0.000000 0.000000
vt 0.000000 0.000000
vt 0.000000 0.000000
vt 0.000000 0.000000
vt 0.000000 0.000000
vt 0.000000 0.000000
vt 0.000000 0.000000
vt 0.000000 0.000000
vt 0.000000 0.000000
vt 0.000000 0.000000
vt 0.000000 0.000000
vt 0.000000 0.000000
vt 0.000000 0.000000
vt 0.000000 0.000000
vt 0.000000 0.000000
vt 0.000000 0.000000
vt 0.000000 0.000000
vt 0.000000 0.000000
vt 0.000000 0.000000
vt 0.000000 0.000000
vt 0.000000 0.000000
vt 0.000000 0.000000
vt 0.000000 0.000000
vt 0.000000 0.000000
vt 0.000000 0.000000
vt 0.000000 0.000000
vt 0.000000 0.000000
vt 0.000000 0.000000
vt 0.000000 0.000000
vt 0.000000 0.000000
vt 0.000000 0.000000
vt 0.000000 0.000000
vt 0.000000 0.000000
vt 0.000000 0.000000
vt 0.000000 0.000000
vt 0.000000 0.000000
vt 0.000000 0.000000
vt 0.000000 0.000000
vt 0.000000 0.000000
vt 0.000000 0.000000
vt 0.000000 0.000000
vt 0.000000 0.000000
vt 0.000000 0.000000
vt 0.000000 0.000000
vt 0.000000 0.000000
vt 0.000000 0.000000
vt 0.000000 0.000000
vt 0.000000 0.000000
vt 0.000000 0.000000
vt 0.000000 0.000000
vt 0.000000 0.000000
vt 0.000000 0.000000
vt 0.000000 0.000000
vt 0.000000 0.000000
vt 0.000000 0.000000
vt 0.000000 0.000000
vt 0.000000 0.000000
vt 0.000000 0.000000
vt 0.000000 0.000000
vt 0.000000 0.000000
vt 0.000000 0.000000
vt 0.000000 0.000000
vt 0.000000 0.000000
vt 0.000000 0.000000
vt 0.000000 0.000000
vt 0.020833 0.000000
vt 0.854167 0.000000
vt 0.000000 0.000000
vt 0.000000 0.000000
vt 0.406250 0.000000
vt 0.656250 0.000000
vt 0.864583 0.000000
vt 0.000000 0.000000
vt 0.666667 0.000000
vt 1.000000 0.000000
vt 0.000000 0.000000
vt 0.385417 0.000000
vt 0.958333 0.000000
vt 0.968750 0.000000
vt 0.000000 0.000000
vt 0.000000 0.000000
vt 0.000000 0.000000
vt 0.000000 0.000000
vt 0.677083 0.000000
vt 0.885417 0.000000
vt 0.895833 0.000000
vt 0.000000 0.000000
vt 0.000000 0.000000
vt 0.364583 0.000000
vt 0.927083 0.000000
vt 0.000000 0.000000
vt 0.000000 0.000000
vt 0.000000 0.000000
vt 0.000000 0.000000
vt 0.000000 0.000000
vt 0.000000 0.000000
vt 0.000000 0.000000
vt 0.000000 0.000000
vt 0.000000 0.000000
vt 0.000000 0.000000
vt 0.000000 0.000000
vt 0.000000 0.000000
vt 0.000000 0.000000
vt 0.000000 0.000000
vt 0.020833 0.000000
vt 0.854167 0.000000
vt 0.000000 0.000000
vt 0.000000 0.000000
vt 0.000000 0.000000
vt 0.000000 0.000000
vt 0.406250 0.000000
vt 0.656250 0.000000
vt 0.864583 0.000000
vt 0.000000 0.000000
vt 0.666667 0.000000
vt 1.000000 0.000000
vt 0.000000 0.000000
vt 0.000000 0.000000
vt 0.385417 0.000000
vt 0.958333 0.000000
vt 0.968750 0.000000
vt 0.000000 0.000000
vt 0.000000 0.000000
vt 0.000000 0.000000
vt 0.000000 0.000000
vt 0.677083 0.000000
vt 0.885417 0.000000
vt 0.895833 0.000000
vt 0.000000 0.000000
vt 0.000000 0.000000
vt 0.000000 0.000000
vt 0.364583 0.000000
vt 0.927083 0.000000
vt 0.000000 0.000000
vt 0.000000 0.000000
vt 0.000000 0.000000
vt 0.000000 0.000000
vt 0.000000 0.000000
vt 0.000000 0.000000
vt 0.000000 0.000000
vt 0.000000 0.000000
vt 0.000000 0.000000
vt 0.000000 0.000000
vt 0.000000 0.000000
vt 0.000000 0.000000
vt 0.000000 0.000000
vt 0.000000 0.000000
vt 0.000000 0.000000
vt 0.000000 0.000000
vt 0.000000 0.000000
vt 0.000000 0.000000
vt 0.000000 0.000000
vt 0.000000 0.000000
vt 0.000000 0.000000
vt 0.000000 0.000000
vt 0.000000 0.000000
vt 0.000000 0.000000
vt 0.000000 0.000000
vt 0.000000 0.000000
vt 0.000000 0.000000
vt 0.000000 0.000000
vt 0.000000 0.000000
vt 0.000000 0.000000
vt 0.000000 0.000000
vt 0.000000 0.000000
vt 0.000000 0.000000
vt 0.000000 0.000000
vt 0.000000 0.000000
vt 0.000000 0.000000
vt 0.000000 0.000000
vt 0.000000 0.000000
vt 0.000000 0.000000
vt 0.000000 0.000000
vt 0.000000 0.000000
vt 0.000000 0.000000
vt 0.000000 0.000000
vt 0.000000 0.000000
vt 0.000000 0.000000
vt 0.000000 0.000000
vt 0.000000 0.000000
vt 0.000000 0.000000
vt 0.000000 0.000000
vt 0.000000 0.000000
vt 0.000000 0.000000
vt 0.000000 0.000000
vt 0.000000 0.000000
vt 0.000000 0.000000
vt 0.000000 0.000000
vt 0.000000 0.000000
vt 0.000000 0.000000
vt 0.000000 0.000000
vt 0.000000 0.000000
vt 0.000000 0.000000
vt 0.000000 0.000000
vt 0.000000 0.000000
vt 0.000000 0.000000
vt 0.000000 0.000000
vt 0.000000 0.000000
vt 0.000000 0.000000
vt 0.000000 0.000000
vt 0.000000 0.000000
vt 0.000000 0.000000
vt 0.000000 0.000000
vt 0.000000 0.000000
vt 0.000000 0.000000
vt 0.000000 0.000000
vt 0.000000 0.000000
vt 0.000000 0.000000
vt 0.000000 0.000000
vt 0.000000 0.000000
vt 0.000000 0.000000
vt 0.000000 0.000000
vt 0.000000 0.000000
vt 0.000000 0.000000
vt 0.000000 0.000000
vt 0.000000 0.000000
vt 0.000000 0.000000
vt 0.000000 0.000000
vt 0.000000 0.000000
vt 0.000000 0.000000
vt 0.000000 0.000000
vt 0.000000 0.000000
vt 0.000000 0.000000
vt 0.000000 0.000000
vt 0.000000 0.000000
vt 0.000000 0.000000
vt 0.000000 0.000000
vt 0.000000 0.000000
vt 0.000000 0.000000
vt 0.000000 0.000000
vt 0.000000 0.000000
vt 0.000000 0.000000
vt 0.000000 0.000000
vt 0.000000 0.000000
vt 0.000000 0.000000
vt 0.000000 0.000000
vt 0.000000 0.000000
vt 0.000000 0.000000
vt 0.000000 0.000000
vt 0.000000 0.000000
vt 0.000000 0.000000
vt 0.000000 0.000000
vt 0.020833 0.000000
vt 0.854167 0.000000
vt 0.000000 0.000000
vt 0.000000 0.000000
vt 0.406250 0.000000
vt 0.656250 0.000000
vt 0.864583 0.000000
vt 0.000000 0.000000
vt 0.666667 0.000000
vt 1.000000 0.000000
vt 0.000000 0.000000
vt 0.385417 0.000000
vt 0.958333 0.000000
vt 0.968750 0.000000
vt 0.000000 0.000000
vt 0.000000 0.000000
vt 0.000000 0.000000
vt 0.000000 0.000000
vt 0.677083 0.000000
vt 0.885417 0.000000
vt 0.895833 0.000000
vt 0.000000 0.000000
vt 0.000000 0.000000
vt 0.000000 0.000000
vt 0.364583 0.000000
vt 0.927083 0.000000
vt 0.000000 0.000000
vt 0.000000 0.000000
vt 0.000000 0.000000
vt 0.000000 0.000000
vt 0.000000 0.000000
vt 0.000000 0.000000
vt 0.000000 0.000000
vt 0.000000 0.000000
vt 0.000000 0.000000
vt 0.000000 0.000000
vt 0.000000 0.000000
vt 0.000000 0.000000
vt 0.000000 0.000000
vt 0.000000 0.000000
vt 0.020833 0.000000
vt 0.854167 0.000000
vt 0.000000 0.000000
vt 0.000000 0.000000
vt 0.000000 0.000000
vt 0.000000 0.000000
vt 0.406250 0.000000
vt 0.656250 0.000000
vt 0.864583 0.000000
vt 0.000000 0.000000
vt 0.666667 0.000000
vt 1.000000 0.000000
vt 0.000000 0.000000
vt 0.000000 0.000000
vt 0.385417 0.000000
vt 0.958333 0.000000
vt 0.968750 0.000000
vt 0.000000 0.000000
vt 0.000000 0.000000
vt 0.000000 0.000000
vt 0.000000 0.000000
vt 0.000000 0.000000
vt 0.000000 0.000000
vt 0.000000 0.000000
vt 0.677083 0.000000
vt 0.885417 0.000000
vt 0.895833 0.000000
vt 0.000000 0.000000
vt 0.000000 0.000000
vt 0.000000 0.000000
vt 0.364583 0.000000
vt 0.927083 0.000000
vt 0.000000 0.000000
vt 0.000000 0.000000
vt 0.000000 0.000000
vt 0.000000 0.000000
vt 0.000000 0.000000
vt 0.000000 0.000000
vt 0.000000 0.000000
vt 0.000000 0.000000
vt 0.000000 0.000000
vt 0.000000 0.000000
vt 0.000000 0.000000
vt 0.000000 0.000000
vt 0.000000 0.000000
vt 0.000000 0.000000
vt 0.000000 0.000000
vt 0.000000 0.000000
vt 0.000000 0.000000
vt 0.000000 0.000000
vt 0.000000 0.000000
vt 0.000000 0.000000
vt 0.000000 0.000000
vt 0.000000 0.000000
vt 0.000000 0.000000
vt 0.000000 0.000000
vt 0.000000 0.000000
vt 0.000000 0.000000
vt 0.000000 0.000000
vt 0.000000 0.000000
vt 0.000000 0.000000
vt 0.000000 0.000000
vt 0.000000 0.000000
vt 0.000000 0.000000
vt 0.000000 0.000000
vt 0.000000 0.000000
vt 0.000000 0.000000
vt 0.000000 0.000000
vt 0.000000 0.000000
vt 0.000000 0.000000
vt 0.000000 0.000000
vt 0.000000 0.000000
vt 0.000000 0.000000
vt 0.000000 0.000000
vt 0.000000 0.000000
vt 0.000000 0.000000
vt 0.000000 0.000000
vt 0.000000 0.000000
vt 0.000000 0.000000
vt 0.000000 0.000000
vt 0.000000 0.000000
vt 0.000000 0.000000
vt 0.000000 0.000000
vt 0.000000 0.000000
vt 0.000000 0.000000
vt 0.000000 0.000000
vt 0.000000 0.000000
vt 0.000000 0.000000
vt 0.000000 0.000000
vt 0.000000 0.000000
vt 0.000000 0.000000
vt 0.000000 0.000000
vt 0.000000 0.000000
vt 0.000000 0.000000
vt 0.000000 0.000000
vt 0.000000 0.000000
vt 0.000000 0.000000
vt 0.000000 0.000000
vt 0.000000 0.000000
vt 0.000000 0.000000
vt 0.000000 0.000000
vt 0.000000 0.000000
vt 0.000000 0.000000
vt 0.000000 0.000000
vt 0.000000 0.000000
vt 0.000000 0.000000
vt 0.000000 0.000000
vt 0.000000 0.000000
vt 0.000000 0.000000
vt 0.000000 0.000000
vt 0.000000 0.000000
vt 0.000000 0.000000
vt 0.000000 0.000000
vt 0.000000 0.000000
vt 0.000000 0.000000
vt 0.000000 0.000000
vt 0.000000 0.000000
vt 0.000000 0.000000
vt 0.000000 0.000000
vt 0.000000 0.000000
vt 0.000000 0.000000
vt 0.000000 0.000000
vt 0.000000 0.000000
vt 0.000000 0.000000
vt 0.000000 0.000000
vt 0.000000 0.000000
vt 0.000000 0.000000
vt 0.000000 0.000000
vt 0.000000 0.000000
vt 0.000000 0.000000
vt 0.000000 0.000000
vt 0.000000 0.000000
vt 0.000000 0.000000
vt 0.000000 0.000000
vt 0.000000 0.000000
vt 0.000000 0.000000
vt 0.000000 0.000000
vt 0.000000 0.000000
vt 0.000000 0.000000
vt 0.000000 0.000000
vt 0.020833 0.000000
vt 0.854167 0.000000
vt 0.000000 0.000000
vt 0.000000 0.000000
vt 0.406250 0.000000
vt 0.656250 0.000000
vt 0.864583 0.000000
vt 0.000000 0.000000
vt 0.666667 0.000000
vt 1.000000 0.000000
vt 0.000000 0.000000
vt 0.385417 0.000000
vt 0.958333 0.000000
vt 0.968750 0.000000
vt 0.000000 0.000000
vt 0.000000 0.000000
vt 0.000000 0.000000
vt 0.000000 0.000000
vt 0.677083 0.000000
vt 0.885417 0.000000
vt 0.895833 0.000000
vt 0.000000 0.000000
vt 0.000000 0.000000
vt 0.000000 0.000000
vt 0.364583 0.000000
vt 0.927083 0.000000
vt 0.000000 0.000000
vt 0.000000 0.000000
vt 0.000000 0.000000
vt 0.000000 0.000000
vt 0.000000 0.000000
vt 0.000000 0.000000
vt 0.000000 0.000000
vt 0.000000 0.000000
vt 0.000000 0.000000
vt 0.000000 0.000000
vt 0.000000 0.000000
vt 0.000000 0.000000
vt 0.000000 0.000000
vt 0.000000 0.000000
vt 0.000000 0.000000
vt 0.000000 0.000000
vt 0.406250 0.000000
vt 0.656250 0.000000
vt 0.854167 0.000000
vt 0.864583 0.000000
vt 0.000000 0.000000
vt 0.000000 0.000000
vt 0.666667 0.000000
vt 1.000000 0.000000
vt 0.000000 0.000000
vt 0.000000 0.000000
vt 0.385417 0.000000
vt 0.958333 0.000000
vt 0.968750 0.000000
vt 0.000000 0.000000
vt 0.000000 0.000000
vt 0.000000 0.000000
vt 0.000000 0.000000
vt 0.000000 0.000000
vt 0.000000 0.000000
vt 0.000000 0.000000
vt 0.677083 0.000000
vt 0.885417 0.000000
vt 0.895833 0.000000
vt 0.000000 0.000000
vt 0.000000 0.000000
vt 0.000000 0.000000
vt 0.000000 0.000000
vt 0.364583 0.000000
vt 0.927083 0.000000
vt 0.000000 0.000000
vt 0.000000 0.000000
vt 0.000000 0.000000
vt 0.000000 0.000000
vt 0.000000 0.000000
vt 0.000000 0.000000
vt 0.000000 0.000000
vt 0.000000 0.000000
vt 0.000000 0.000000
vt 0.000000 0.000000
vt 0.000000 0.000000
vt 0.000000 0.000000
vt 0.000000 0.000000
vt 0.000000 0.000000
vt 0.000000 0.000000
vt 0.000000 0.000000
vt 0.000000 0.000000
vt 0.000000 0.000000
vt 0.000000 0.000000
vt 0.000000 0.000000
vt 0.000000 0.000000
vt 0.000000 0.000000
vt 0.000000 0.000000
vt 0.000000 0.000000
vt 0.000000 0.000000
vt 0.000000 0.000000
vt 0.000000 0.000000
vt 0.000000 0.000000
vt 0.000000 0.000000
vt 0.000000 0.000000
vt 0.000000 0.000000
vt 0.000000 0.000000
vt 0.000000 0.000000
vt 0.000000 0.000000
vt 0.000000 0.000000
vt 0.000000 0.000000
vt 0.000000 0.000000
vt 0.000000 0.000000
vt 0.000000 0.000000
vt 0.000000 0.000000
vt 0.000000 0.000000
vt 0.000000 0.000000
vt 0.000000 0.000000
vt 0.000000 0.000000
vt 0.000000 0.000000
vt 0.000000 0.000000
vt 0.000000 0.000000
vt 0.000000 0.000000
vt 0.000000 0.000000
vt 0.000000 0.000000
vt 0.000000 0.000000
vt 0.000000 0.000000
vt 0.000000 0.000000
vt 0.000000 0.000000
vt 0.000000 0.000000
vt 0.000000 0.000000
vt 0.000000 0.000000
vt 0.864583 0.000000
vt 1.000000 0.000000
vt 0.000000 0.000000
vt 0.000000 0.000000
vt 0.000000 0.000000
vt 0.000000 0.000000
vt 0.000000 0.000000
vt 0.000000 0.000000
vt 0.958333 0.000000
vt 0.968750 0.000000
vt 0.000000 0.000000
vt 0.000000 0.000000
vt 0.000000 0.000000
vt 0.000000 0.000000
vt 0.885417 0.000000
vt 0.895833 0.000000
vt 0.000000 0.000000
vt 0.000000 0.000000
vt 0.000000 0.000000
vt 0.927083 0.000000
vt 0.000000 0.000000
vt 0.000000 0.000000
vt 0.000000 0.000000
vt 0.000000 0.000000
vt 0.000000 0.000000
vt 0.000000 0.000000
vt 0.000000 0.000000
vt 0.000000 0.000000
vt 0.000000 0.000000
vt 0.000000 0.000000
vt 0.000000 0.000000
vt 0.000000 0.000000
vt 0.000000 0.000000
vt 0.000000 0.000000
vt 0.000000 0.000000
vt 0.000000 0.000000
vt 0.000000 0.000000
vt 0.000000 0.000000
vt 0.000000 0.000000
vt 0.000000 0.000000
vt 0.000000 0.000000
vt 0.000000 0.000000
vt 0.000000 0.000000
vt 0.000000 0.000000
vt 0.000000 0.000000
vt 0.000000 0.000000
vt 0.000000 0.000000
vt 0.000000 0.000000
vt 0.000000 0.000000
vt 0.000000 0.000000
vt 0.000000 0.000000
vt 0.000000 0.000000
vt 0.000000 0.000000
vt 0.000000 0.000000
vt 0.000000 0.000000
vt 0.000000 0.000000
vt 0.000000 0.000000
vt 0.000000 0.000000
vt 0.000000 0.000000
vt 0.000000 0.000000
vt 0.000000 0.000000
vt 0.000000 0.000000
vt 0.000000 0.000000
vt 0.000000 0.000000
vt 0.000000 0.000000
vt 0.000000 0.000000
vt 0.000000 0.000000
vt 0.406250 0.000000
vt 0.656250 0.000000
vt 0.000000 0.000000
vt 0.000000 0.000000
vt 0.666667 0.000000
vt 0.000000 0.000000
vt 0.000000 0.000000
vt 0.000000 0.000000
vt 0.000000 0.000000
vt 0.385417 0.000000
vt 0.000000 0.000000
vt 0.000000 0.000000
vt 0.677083 0.000000
vt 0.000000 0.000000
vt 0.364583 0.000000
vt 0.000000 0.000000
vt 0.000000 0.000000
vt 0.000000 0.000000
vt 0.000000 0.000000
vt 0.000000 0.000000
vt 0.000000 0.000000
vt 0.000000 0.000000
vt 0.000000 0.000000
vt 0.000000 0.000000
vt 0.000000 0.000000
vt 0.020833 0.000000
vt 0.000000 0.000000
vt 0.000000 0.000000
vt 0.000000 0.000000
vt 0.000000 0.000000
vt 0.000000 0.000000
vt 0.000000 0.000000
vt 0.000000 0.000000
vt 0.000000 0.000000
vt 0.854167 0.000000
vt 0.020833 0.000000
vt 0.020833 0.000000
vt 0.854167 0.000000
vt 0.000000 0.000000
vt 0.000000 0.000000
vt 0.000000 0.000000
vt 0.000000 0.000000
vt 0.406250 0.000000
vt 0.656250 0.000000
vt 0.864583 0.000000
vt 0.000000 0.000000
vt 0.666667 0.000000
vt 1.000000 0.000000
vt 0.000000 0.000000
vt 0.000000 0.000000
vt 0.385417 0.000000
vt 0.958333 0.000000
vt 0.968750 0.000000
vt 0.000000 0.000000
vt 0.000000 0.000000
vt 0.000000 0.000000
vt 0.000000 0.000000
vt 0.000000 0.000000
vt 0.677083 0.000000
vt 0.885417 0.000000
vt 0.895833 0.000000
vt 0.000000 0.000000
vt 0.000000 0.000000
vt 0.000000 0.000000
vt 0.364583 0.000000
vt 0.927083 0.000000
vt 0.000000 0.000000
vt 0.000000 0.000000
vt 0.000000 0.000000
vt 0.000000 0.000000
vt 0.000000 0.000000
vt 0.000000 0.000000
vt 0.000000 0.000000
vt 0.000000 0.000000
vt 0.000000 0.000000
vt 0.000000 0.000000
vt 0.000000 0.000000
vt 0.000000 0.000000
vt 0.000000 0.000000
vt 0.000000 0.000000
vt 0.000000 0.000000
vt 0.000000 0.000000
vt 0.000000 0.000000
vt 0.000000 0.000000
vt 0.000000 0.000000
vt 0.000000 0.000000
vt 0.000000 0.000000
vt 0.000000 0.000000
vt 0.000000 0.000000
vt 0.000000 0.000000
vt 0.000000 0.000000
vt 0.000000 0.000000
vt 0.000000 0.000000
vt 0.000000 0.000000
vt 0.000000 0.000000
vt 0.000000 0.000000
vt 0.000000 0.000000
vt 0.000000 0.000000
vt 0.000000 0.000000
vt 0.000000 0.000000
vt 0.000000 0.000000
vt 0.000000 0.000000
vt 0.000000 0.000000
vt 0.000000 0.000000
vt 0.000000 0.000000
vt 0.000000 0.000000
vt 0.000000 0.000000
vt 0.000000 0.000000
vt 0.000000 0.000000
vt 0.000000 0.000000
vt 0.000000 0.000000
vt 0.000000 0.000000
vt 0.000000 0.000000
vt 0.000000 0.000000
vt 0.000000 0.000000
vt 0.000000 0.000000
vt 0.000000 0.000000
vt 0.000000 0.000000
vt 0.843750 0.000000
vt 0.031250 0.000000
vt 0.833333 0.000000
vt 0.041667 0.000000
vt 0.822917 0.000000
vt 0.052083 0.000000
vt 0.812500 0.000000
vt 0.062500 0.000000
vt 0.802083 0.000000
vt 0.072917 0.000000
vt 0.791667 0.000000
vt 0.083333 0.000000
vt 0.781250 0.000000
vt 0.093750 0.000000
vt 0.104167 0.000000
vt 0.770833 0.000000
vt 0.114583 0.000000
vt 0.760417 0.000000
vt 0.125000 0.000000
vt 0.135417 0.000000
vt 0.145833 0.000000
vt 0.750000 0.000000
vt 0.156250 0.000000
vt 0.166667 0.000000
vt 0.177083 0.000000
vt 0.739583 0.000000
vt 0.187500 0.000000
vt 0.729167 0.000000
vt 0.197917 0.000000
vt 0.208333 0.000000
vt 0.718750 0.000000
vt 0.218750 0.000000
vt 0.708333 0.000000
vt 0.229167 0.000000
vt 0.697917 0.000000
vt 0.239583 0.000000
vt 0.687500 0.000000
vt 0.250000 0.000000
vt 0.260417 0.000000
vt 0.270833 0.000000
vt 0.281250 0.000000
vt 0.291667 0.000000
vt 0.302083 0.000000
vt 0.312500 0.000000
vt 0.322917 0.000000
vt 0.333333 0.000000
vt 0.343750 0.000000
vt 0.354167 0.000000
vt 0.416667 0.000000
vt 0.645833 0.000000
vt 0.427083 0.000000
vt 0.635417 0.000000
vt 0.437500 0.000000
vt 0.625000 0.000000
vt 0.447917 0.000000
vt 0.614583 0.000000
vt 0.458333 0.000000
vt 0.604167 0.000000
vt 0.468750 0.000000
vt 0.593750 0.000000
vt 0.479167 0.000000
vt 0.583333 0.000000
vt 0.489583 0.000000
vt 0.572917 0.000000
vt 0.500000 0.000000
vt 0.562500 0.000000
vt 0.510417 0.000000
vt 0.552083 0.000000
vt 0.541667 0.000000
vt 0.520833 0.000000
vt 0.531250 0.000000
vt 0.000000 0.000000
vt 0.000000 0.000000
vt 0.000000 0.000000
vt 0.000000 0.000000
vt 0.000000 0.000000
vn 0.0000 1.0000 0.0000
vn 0.0000 0.0000 1.0000
vn -0.9999 0.0000 -0.0123
vn -1.0000 0.0000 0.0000
vn -0.0085 0.0000 -1.0000
vn -0.5614 0.0000 0.8275
vn -0.1234 0.0000 -0.9924
vn 0.9998 0.0000 -0.0181
vn 1.0000 0.0000 -0.0056
vn 0.0003 0.0000 -1.0000
vn -0.9438 0.0000 0.3305
vn -0.0054 0.0000 -1.0000
vn -0.8833 0.0000 -0.4689
vn -0.0794 0.0000 0.9968
vn -0.0172 0.0000 0.9999
vn -0.0040 0.0000 1.0000
vn 0.2441 0.0000 0.9697
vn 0.0515 0.0000 0.9987
vn -0.9999 0.0000 -0.0166
vn -0.9634 0.0000 -0.2679
vn -0.0912 0.0000 0.9958
vn 0.9997 0.0000 -0.0240
vn 0.9971 0.0000 0.0760
vn -0.0130 0.0000 0.9999
vn -0.5660 0.0000 -0.8244
vn -0.0273 0.0000 0.9996
vn 0.0791 0.0000 0.9969
vn -0.9998 0.0000 -0.0216
vn 0.0017 0.0000 1.0000
vn -0.2889 0.0000 -0.9573
vn 0.9994 0.0000 -0.0335
vn -0.0010 0.0000 1.0000
vn 1.0000 0.0000 -0.0069
vn 0.9993 0.0000 0.0377
vn -0.1494 0.0000 -0.9888
vn -0.0457 0.0000 0.9990
vn -0.0031 0.0000 1.0000
vn 0.9895 0.0000 0.1448
vn 0.1319 0.0000 0.9913
vn -0.9996 0.0000 -0.0279
vn 0.0051 0.0000 1.0000
vn 0.9988 0.0000 -0.0489
vn 0.9999 0.0000 0.0163
vn 0.0096 0.0000 1.0000
vn -0.0813 0.0000 -0.9967
vn -0.0803 0.0000 0.9968
vn 0.2664 0.0000 0.9639
vn -0.9993 0.0000 -0.0363
vn -1.0000 0.0000 -0.0017
vn -0.0463 0.0000 -0.9989
vn 0.9972 0.0000 -0.0742
vn -0.0083 0.0000 1.0000
vn 0.9999 0.0000 -0.0125
vn 1.0000 0.0000 0.0042
vn 0.0154 0.0000 0.9999
vn -0.0276 0.0000 -0.9996
vn -0.1475 0.0000 0.9891
vn 0.5228 0.0000 0.8524
vn -0.9988 0.0000 -0.0485
vn -1.0000 0.0000 -0.0050
vn -0.0175 0.0000 -0.9998
vn 0.9932 0.0000 -0.1168
vn -0.0093 0.0000 1.0000
vn 0.9999 0.0000 -0.0145
vn 0.0000 1.0000 0.0001
vn 0.0000 1.0000 0.0004
vn 0.0000 1.0000 -0.0006
vn 0.0346 0.0000 0.9994
vn -0.0119 0.0000 0.9999
vn 0.9814 0.0000 -0.1920
vn -0.0094 0.0000 -1.0000
vn -1.0000 0.0000 -0.0085
vn -0.9976 0.0000 -0.0690
vn 0.7094 0.0000 0.7048
vn 1.0000 0.0000 -0.0023
vn -0.2857 0.0000 0.9583
vn -0.0121 0.0000 -0.9999
vn 0.0233 0.0000 0.9997
usemtl SVGMat.001
s off
f 1258/1346/84 1256/1347/84 1257/1348/84
f 1258/1346/84 1255/1349/84 1256/1347/84
f 1259/1350/84 1255/1349/84 1258/1346/84
f 1259/1350/84 1254/1351/84 1255/1349/84
f 1260/1352/84 1254/1351/84 1259/1350/84
f 1260/1352/84 1253/1353/84 1254/1351/84
f 1261/1354/84 1253/1353/84 1260/1352/84
f 1262/1355/84 1253/1353/84 1261/1354/84
f 1263/1356/84 1253/1353/84 1262/1355/84
f 1264/1357/84 1253/1353/84 1263/1356/84
f 1264/1357/84 1252/1358/84 1253/1353/84
f 1265/1359/84 1252/1358/84 1264/1357/84
f 1169/1360/84 1252/1358/84 1265/1359/84
f 1170/1361/84 1252/1358/84 1169/1360/84
f 1170/1361/84 1251/1362/84 1252/1358/84
f 1171/1363/84 1251/1362/84 1170/1361/84
f 1252/1358/85 1251/1362/85 1344/1364/85 1345/1365/85
f 1212/1366/85 1213/1367/85 1306/1368/85 1305/1369/85
f 1218/1370/85 1219/1371/85 1312/1372/85 1311/1373/85
f 1258/1346/85 1255/1349/85 1347/1374/85 1348/1375/85
f 1228/1376/85 1229/1377/85 1322/1378/85 1321/1379/85
f 1176/1380/85 1177/1381/85 1272/1382/85 1271/1383/85
f 1221/1384/85 1222/1385/85 1315/1386/85 1314/1387/85
f 1185/1388/85 1186/1389/85 1281/1390/85 1280/1391/85
f 1192/1392/85 1193/1393/85 1288/1394/85 1287/1395/85
f 1245/1396/85 1246/1397/85 1339/1398/85 1338/1399/85
f 1235/1400/85 1236/1401/85 1329/1402/85 1328/1403/85
f 1204/1404/85 1234/1405/85 1327/1406/85 1299/1407/85
f 1222/1385/85 1223/1408/85 1316/1409/85 1315/1386/85
f 1184/1410/85 1185/1388/85 1280/1391/85 1279/1411/85
f 1203/1412/85 1204/1413/85 1299/1414/85 1298/1415/85
f 1211/1416/85 1212/1366/85 1305/1369/85 1304/1417/85
f 1229/1377/85 1230/1418/85 1323/1419/85 1322/1378/85
f 1175/1420/85 1176/1380/85 1271/1383/85 1270/1421/85
f 1183/1422/85 1184/1410/85 1279/1411/85 1278/1423/85
f 1191/1424/85 1192/1392/85 1287/1395/85 1286/1425/85
f 1202/1426/85 1203/1412/85 1298/1415/85 1297/1427/85
f 1265/1359/85 1252/1358/85 1345/1365/85 1351/1428/85
f 1246/1397/85 1247/1429/85 1340/1430/85 1339/1398/85
f 1217/1431/85 1218/1370/85 1311/1373/85 1310/1432/85
f 1241/1433/85 1242/1434/85 1335/1435/85 1334/1436/85
f 1236/1401/85 1237/1437/85 1330/1438/85 1329/1402/85
f 1223/1408/85 1224/1439/85 1317/1440/85 1316/1409/85
f 1201/1441/85 1202/1426/85 1297/1427/85 1296/1442/85
f 1210/1443/85 1211/1416/85 1304/1417/85 1303/1444/85
f 1234/1445/85 1235/1400/85 1328/1403/85 1327/1446/85
f 1230/1418/85 1231/1447/85 1324/1448/85 1323/1419/85
f 1174/1449/85 1175/1420/85 1270/1421/85 1269/1450/85
f 1182/1451/85 1183/1422/85 1278/1423/85 1277/1452/85
f 1190/1453/85 1191/1424/85 1286/1425/85 1285/1454/85
f 1247/1429/85 1248/1455/85 1341/1456/85 1340/1430/85
f 1216/1457/85 1217/1431/85 1310/1432/85 1309/1458/85
f 1237/1437/85 1238/1459/85 1331/1460/85 1330/1438/85
f 1224/1439/85 1225/1461/85 1318/1462/85 1317/1440/85
f 1181/1463/85 1182/1451/85 1277/1452/85 1276/1464/85
f 1200/1465/85 1201/1441/85 1296/1442/85 1295/1466/85
f 1209/1467/85 1210/1443/85 1303/1444/85 1302/1468/85
f 1231/1447/85 1232/1469/85 1325/1470/85 1324/1448/85
f 1173/1471/85 1174/1449/85 1269/1450/85 1268/1472/85
f 1180/1473/85 1181/1463/85 1276/1464/85 1275/1474/85
f 1189/1475/85 1190/1453/85 1285/1454/85 1284/1476/85
f 1199/1477/85 1200/1465/85 1295/1466/85 1294/1478/85
f 1248/1455/85 1249/1479/85 1342/1480/85 1341/1456/85
f 1215/1481/85 1216/1457/85 1309/1458/85 1308/1482/85
f 1242/1434/85 1243/1483/85 1336/1484/85 1335/1435/85
f 1238/1459/85 1239/1485/85 1332/1486/85 1331/1460/85
f 1205/1487/84 1234/1405/84 1204/1404/84
f 1205/1487/84 1233/1488/84 1234/1405/84
f 1206/1489/84 1233/1488/84 1205/1487/84
f 1207/1490/84 1233/1488/84 1206/1489/84
f 1207/1490/84 1232/1491/84 1233/1488/84
f 1208/1492/84 1232/1491/84 1207/1490/84
f 1262/1355/85 1261/1354/85 1349/1493/85 1350/1494/85
f 1225/1461/85 1226/1495/85 1319/1496/85 1318/1462/85
f 1198/1497/85 1199/1477/85 1294/1478/85 1293/1498/85
f 1208/1499/85 1209/1467/85 1302/1468/85 1301/1500/85
f 1232/1491/85 1208/1492/85 1301/1501/85 1325/1502/85
f 1172/1503/85 1173/1471/85 1268/1472/85 1267/1504/85
f 1179/1505/85 1180/1473/85 1275/1474/85 1274/1506/85
f 1188/1507/85 1189/1475/85 1284/1476/85 1283/1508/85
f 1197/1509/85 1198/1497/85 1293/1498/85 1292/1510/85
f 1249/1479/85 1250/1511/85 1343/1512/85 1342/1480/85
f 1214/1513/85 1215/1481/85 1308/1482/85 1307/1514/85
f 1243/1483/85 1244/1515/85 1337/1516/85 1336/1484/85
f 1233/1488/85 1232/1491/85 1325/1502/85 1326/1517/85
f 1226/1495/85 1227/1518/85 1320/1519/85 1319/1496/85
f 1187/1520/85 1188/1507/85 1283/1508/85 1282/1521/85
f 1196/1522/85 1197/1509/85 1292/1510/85 1291/1523/85
f 1239/1485/85 1240/1524/85 1333/1525/85 1332/1486/85
f 1171/1526/85 1172/1503/85 1267/1504/85 1266/1527/85
f 1178/1528/85 1179/1505/85 1274/1506/85 1273/1529/85
f 1195/1530/85 1196/1522/85 1291/1523/85 1290/1531/85
f 1255/1349/85 1254/1351/85 1346/1532/85 1347/1374/85
f 1250/1511/85 1251/1533/85 1344/1534/85 1343/1512/85
f 1213/1367/85 1214/1513/85 1307/1514/85 1306/1368/85
f 1329/1402/85 1330/1438/85 1416/1535/85 1415/1536/85
f 1296/1442/85 1297/1427/85 1383/1537/85 1382/1538/85
f 1305/1369/85 1306/1368/85 1392/1539/85 1391/1540/85
f 1311/1373/85 1312/1372/85 1398/1541/85 1397/1542/85
f 1327/1446/85 1328/1403/85 1414/1543/85 1413/1544/85
f 1321/1379/85 1322/1378/85 1408/1545/85 1407/1546/85
f 1269/1450/85 1270/1421/85 1356/1547/85 1355/1548/85
f 1314/1387/85 1315/1386/85 1401/1549/85 1400/1550/85
f 1277/1452/85 1278/1423/85 1364/1551/85 1363/1552/85
f 1285/1454/85 1286/1425/85 1372/1553/85 1371/1554/85
f 1340/1430/85 1341/1456/85 1427/1555/85 1426/1556/85
f 1330/1438/85 1331/1460/85 1417/1557/85 1416/1535/85
f 1315/1386/85 1316/1409/85 1402/1558/85 1401/1549/85
f 1276/1464/85 1277/1452/85 1363/1552/85 1362/1559/85
f 1295/1466/85 1296/1442/85 1382/1538/85 1381/1560/85
f 1304/1417/85 1305/1369/85 1391/1540/85 1390/1561/85
f 1322/1378/85 1323/1419/85 1409/1562/85 1408/1545/85
f 1268/1472/85 1269/1450/85 1355/1548/85 1354/1563/85
f 1275/1474/85 1276/1464/85 1362/1559/85 1361/1564/85
f 1284/1476/85 1285/1454/85 1371/1554/85 1370/1565/85
f 1294/1478/85 1295/1466/85 1381/1560/85 1380/1566/85
f 1341/1456/85 1342/1480/85 1428/1567/85 1427/1555/85
f 1310/1432/85 1311/1373/85 1397/1542/85 1396/1568/85
f 1335/1435/85 1336/1484/85 1422/1569/85 1421/1570/85
f 1331/1460/85 1332/1486/85 1418/1571/85 1417/1557/85
f 1316/1409/85 1317/1440/85 1403/1572/85 1402/1558/85
f 1293/1498/85 1294/1478/85 1380/1566/85 1379/1573/85
f 1303/1444/85 1304/1417/85 1390/1561/85 1389/1574/85
f 1323/1419/85 1324/1448/85 1410/1575/85 1409/1562/85
f 1267/1504/85 1268/1472/85 1354/1563/85 1353/1576/85
f 1274/1506/85 1275/1474/85 1361/1564/85 1360/1577/85
f 1283/1508/85 1284/1476/85 1370/1565/85 1369/1578/85
f 1292/1510/85 1293/1498/85 1379/1573/85 1378/1579/85
f 1342/1480/85 1343/1512/85 1429/1580/85 1428/1567/85
f 1309/1458/85 1310/1432/85 1396/1568/85 1395/1581/85
f 1336/1484/85 1337/1516/85 1423/1582/85 1422/1569/85
f 1317/1440/85 1318/1462/85 1404/1583/85 1403/1572/85
f 1282/1521/85 1283/1508/85 1369/1578/85 1368/1584/85
f 1291/1523/85 1292/1510/85 1378/1579/85 1377/1585/85
f 1302/1468/85 1303/1444/85 1389/1574/85 1388/1586/85
f 1332/1486/85 1333/1525/85 1419/1587/85 1418/1571/85
f 1324/1448/85 1325/1470/85 1411/1588/85 1410/1575/85
f 1266/1527/85 1267/1504/85 1353/1576/85 1352/1589/85
f 1273/1529/85 1274/1506/85 1360/1577/85 1359/1590/85
f 1290/1531/85 1291/1523/85 1377/1585/85 1376/1591/85
f 1343/1512/85 1344/1534/85 1430/1592/85 1429/1580/85
f 1308/1482/85 1309/1458/85 1395/1581/85 1394/1593/85
f 1318/1462/85 1319/1496/85 1405/1594/85 1404/1583/85
f 1272/1382/85 1273/1529/85 1359/1590/85 1358/1595/85
f 1281/1390/85 1282/1521/85 1368/1584/85 1367/1596/85
f 1289/1597/85 1290/1531/85 1376/1591/85 1375/1598/85
f 1301/1500/85 1302/1468/85 1388/1586/85 1387/1599/85
f 1344/1364/85 1266/1600/85 1352/1601/85 1430/1602/85
f 1337/1516/85 1338/1399/85 1424/1603/85 1423/1582/85
f 1333/1525/85 1334/1436/85 1420/1604/85 1419/1587/85
f 1325/1502/85 1301/1501/85 1387/1605/85 1411/1606/85
f 1345/1365/85 1344/1364/85 1430/1602/85 1431/1607/85
f 1288/1394/85 1289/1597/85 1375/1598/85 1374/1608/85
f 1326/1517/85 1325/1502/85 1411/1606/85 1412/1609/85
f 1351/1428/85 1345/1365/85 1431/1607/85 1437/1610/85
f 1307/1514/85 1308/1482/85 1394/1593/85 1393/1611/85
f 1300/1612/85 1326/1517/85 1412/1609/85 1386/1613/85
f 1350/1494/85 1349/1493/85 1435/1614/85 1436/1615/85
f 1319/1496/85 1320/1519/85 1406/1616/85 1405/1594/85
f 1271/1383/85 1272/1382/85 1358/1595/85 1357/1617/85
f 1280/1391/85 1281/1390/85 1367/1596/85 1366/1618/85
f 1287/1395/85 1288/1394/85 1374/1608/85 1373/1619/85
f 1327/1406/85 1326/1517/85 1412/1609/85 1413/1620/85
f 1347/1374/85 1346/1532/85 1432/1621/85 1433/1622/85
f 1338/1399/85 1339/1398/85 1425/1623/85 1424/1603/85
f 1328/1403/85 1329/1402/85 1415/1536/85 1414/1543/85
f 1299/1407/85 1327/1406/85 1413/1620/85 1385/1624/85
f 1348/1375/85 1347/1374/85 1433/1622/85 1434/1625/85
f 1193/1393/85 1194/1626/85 1289/1597/85 1288/1394/85
f 1234/1405/85 1233/1488/85 1326/1517/85 1327/1406/85
f 1240/1524/85 1241/1433/85 1334/1436/85 1333/1525/85
f 1219/1371/85 1220/1627/85 1313/1628/85 1312/1372/85
f 1244/1515/85 1245/1396/85 1338/1399/85 1337/1516/85
f 1251/1362/85 1171/1363/85 1266/1600/85 1344/1364/85
f 1194/1626/85 1195/1530/85 1290/1531/85 1289/1597/85
f 1186/1389/85 1187/1520/85 1282/1521/85 1281/1390/85
f 1220/1627/85 1221/1384/85 1314/1387/85 1313/1628/85
f 1177/1381/85 1178/1528/85 1273/1529/85 1272/1382/85
f 1227/1518/85 1228/1376/85 1321/1379/85 1320/1519/85
f 1206/1489/85 1233/1488/85 1326/1517/85 1300/1612/85
f 1418/1571/85 1419/1587/85 1505/1629/85 1504/1630/85
f 1410/1575/85 1411/1588/85 1497/1631/85 1496/1632/85
f 1352/1589/85 1353/1576/85 1439/1633/85 1438/1634/85
f 1359/1590/85 1360/1577/85 1446/1635/85 1445/1636/85
f 1376/1591/85 1377/1585/85 1463/1637/85 1462/1638/85
f 1429/1580/85 1430/1592/85 1516/1639/85 1515/1640/85
f 1394/1593/85 1395/1581/85 1481/1641/85 1480/1642/85
f 1404/1583/85 1405/1594/85 1491/1643/85 1490/1644/85
f 1358/1595/85 1359/1590/85 1445/1636/85 1444/1645/85
f 1367/1596/85 1368/1584/85 1454/1646/85 1453/1647/85
f 1375/1598/85 1376/1591/85 1462/1638/85 1461/1648/85
f 1387/1599/85 1388/1586/85 1474/1649/85 1473/1650/85
f 1430/1602/85 1352/1601/85 1438/1651/85 1516/1652/85
f 1423/1582/85 1424/1603/85 1510/1653/85 1509/1654/85
f 1419/1587/85 1420/1604/85 1506/1655/85 1505/1629/85
f 1411/1606/85 1387/1605/85 1473/1656/85 1497/1657/85
f 1431/1607/85 1430/1602/85 1516/1652/85 1517/1658/85
f 1374/1608/85 1375/1598/85 1461/1648/85 1460/1659/85
f 1412/1609/85 1411/1606/85 1497/1657/85 1498/1660/85
f 1437/1610/85 1431/1607/85 1517/1658/85 1523/1661/85
f 1393/1611/85 1394/1593/85 1480/1642/85 1479/1662/85
f 1386/1613/85 1412/1609/85 1498/1660/85 1472/1663/85
f 1436/1615/85 1435/1614/85 1521/1664/85 1522/1665/85
f 1405/1594/85 1406/1616/85 1492/1666/85 1491/1643/85
f 1357/1617/85 1358/1595/85 1444/1645/85 1443/1667/85
f 1366/1618/85 1367/1596/85 1453/1647/85 1452/1668/85
f 1373/1619/85 1374/1608/85 1460/1659/85 1459/1669/85
f 1413/1620/85 1412/1609/85 1498/1660/85 1499/1670/85
f 1433/1622/85 1432/1621/85 1518/1671/85 1519/1672/85
f 1424/1603/85 1425/1623/85 1511/1673/85 1510/1653/85
f 1414/1543/85 1415/1536/85 1501/1674/85 1500/1675/85
f 1385/1624/85 1413/1620/85 1499/1670/85 1471/1676/85
f 1434/1625/85 1433/1622/85 1519/1672/85 1520/1677/85
f 1365/1678/85 1366/1618/85 1452/1668/85 1451/1679/85
f 1384/1680/85 1385/1681/85 1471/1682/85 1470/1683/85
f 1392/1539/85 1393/1611/85 1479/1662/85 1478/1684/85
f 1406/1616/85 1407/1546/85 1493/1685/85 1492/1666/85
f 1356/1547/85 1357/1617/85 1443/1667/85 1442/1686/85
f 1399/1687/85 1400/1550/85 1486/1688/85 1485/1689/85
f 1364/1551/85 1365/1678/85 1451/1679/85 1450/1690/85
f 1372/1553/85 1373/1619/85 1459/1669/85 1458/1691/85
f 1383/1537/85 1384/1680/85 1470/1683/85 1469/1692/85
f 1425/1623/85 1426/1556/85 1512/1693/85 1511/1673/85
f 1398/1541/85 1399/1687/85 1485/1689/85 1484/1694/85
f 1420/1604/85 1421/1570/85 1507/1695/85 1506/1655/85
f 1415/1536/85 1416/1535/85 1502/1696/85 1501/1674/85
f 1382/1538/85 1383/1537/85 1469/1692/85 1468/1697/85
f 1391/1540/85 1392/1539/85 1478/1684/85 1477/1698/85
f 1397/1542/85 1398/1541/85 1484/1694/85 1483/1699/85
f 1413/1544/85 1414/1543/85 1500/1675/85 1499/1700/85
f 1407/1546/85 1408/1545/85 1494/1701/85 1493/1685/85
f 1355/1548/85 1356/1547/85 1442/1686/85 1441/1702/85
f 1400/1550/85 1401/1549/85 1487/1703/85 1486/1688/85
f 1363/1552/85 1364/1551/85 1450/1690/85 1449/1704/85
f 1371/1554/85 1372/1553/85 1458/1691/85 1457/1705/85
f 1426/1556/85 1427/1555/85 1513/1706/85 1512/1693/85
f 1416/1535/85 1417/1557/85 1503/1707/85 1502/1696/85
f 1401/1549/85 1402/1558/85 1488/1708/85 1487/1703/85
f 1362/1559/85 1363/1552/85 1449/1704/85 1448/1709/85
f 1381/1560/85 1382/1538/85 1468/1697/85 1467/1710/85
f 1390/1561/85 1391/1540/85 1477/1698/85 1476/1711/85
f 1408/1545/85 1409/1562/85 1495/1712/85 1494/1701/85
f 1354/1563/85 1355/1548/85 1441/1702/85 1440/1713/85
f 1361/1564/85 1362/1559/85 1448/1709/85 1447/1714/85
f 1370/1565/85 1371/1554/85 1457/1705/85 1456/1715/85
f 1380/1566/85 1381/1560/85 1467/1710/85 1466/1716/85
f 1427/1555/85 1428/1567/85 1514/1717/85 1513/1706/85
f 1396/1568/85 1397/1542/85 1483/1699/85 1482/1718/85
f 1421/1570/85 1422/1569/85 1508/1719/85 1507/1695/85
f 1417/1557/85 1418/1571/85 1504/1630/85 1503/1707/85
f 1402/1558/85 1403/1572/85 1489/1720/85 1488/1708/85
f 1379/1573/85 1380/1566/85 1466/1716/85 1465/1721/85
f 1389/1574/85 1390/1561/85 1476/1711/85 1475/1722/85
f 1334/1436/85 1335/1435/85 1421/1570/85 1420/1604/85
f 1312/1372/85 1313/1628/85 1399/1687/85 1398/1541/85
f 1339/1398/85 1340/1430/85 1426/1556/85 1425/1623/85
f 1297/1427/85 1298/1415/85 1384/1680/85 1383/1537/85
f 1286/1425/85 1287/1395/85 1373/1619/85 1372/1553/85
f 1278/1423/85 1279/1411/85 1365/1678/85 1364/1551/85
f 1313/1628/85 1314/1387/85 1400/1550/85 1399/1687/85
f 1270/1421/85 1271/1383/85 1357/1617/85 1356/1547/85
f 1320/1519/85 1321/1379/85 1407/1546/85 1406/1616/85
f 1306/1368/85 1307/1514/85 1393/1611/85 1392/1539/85
f 1298/1415/85 1299/1414/85 1385/1681/85 1384/1680/85
f 1279/1411/85 1280/1391/85 1366/1618/85 1365/1678/85
f 1483/1699/85 1484/1694/85 1570/1723/85 1569/1724/85
f 1499/1700/85 1500/1675/85 1586/1725/85 1585/1726/85
f 1493/1685/85 1494/1701/85 1580/1727/85 1579/1728/85
f 1441/1702/85 1442/1686/85 1528/1729/85 1527/1730/85
f 1486/1688/85 1487/1703/85 1573/1731/85 1572/1732/85
f 1449/1704/85 1450/1690/85 1536/1733/85 1535/1734/85
f 1457/1705/85 1458/1691/85 1544/1735/85 1543/1736/85
f 1512/1693/85 1513/1706/85 1599/1737/85 1598/1738/85
f 1502/1696/85 1503/1707/85 1589/1739/85 1588/1740/85
f 1487/1703/85 1488/1708/85 1574/1741/85 1573/1731/85
f 1448/1709/85 1449/1704/85 1535/1734/85 1534/1742/85
f 1467/1710/85 1468/1697/85 1554/1743/85 1553/1744/85
f 1476/1711/85 1477/1698/85 1563/1745/85 1562/1746/85
f 1494/1701/85 1495/1712/85 1581/1747/85 1580/1727/85
f 1440/1713/85 1441/1702/85 1527/1730/85 1526/1748/85
f 1447/1714/85 1448/1709/85 1534/1742/85 1533/1749/85
f 1456/1715/85 1457/1705/85 1543/1736/85 1542/1750/85
f 1466/1716/85 1467/1710/85 1553/1744/85 1552/1751/85
f 1513/1706/85 1514/1717/85 1600/1752/85 1599/1737/85
f 1482/1718/85 1483/1699/85 1569/1724/85 1568/1753/85
f 1507/1695/85 1508/1719/85 1594/1754/85 1593/1755/85
f 1503/1707/85 1504/1630/85 1590/1756/85 1589/1739/85
f 1488/1708/85 1489/1720/85 1575/1757/85 1574/1741/85
f 1465/1721/85 1466/1716/85 1552/1751/85 1551/1758/85
f 1475/1722/85 1476/1711/85 1562/1746/85 1561/1759/85
f 1495/1712/85 1496/1632/85 1582/1760/85 1581/1747/85
f 1439/1633/85 1440/1713/85 1526/1748/85 1525/1761/85
f 1446/1635/85 1447/1714/85 1533/1749/85 1532/1762/85
f 1455/1763/85 1456/1715/85 1542/1750/85 1541/1764/85
f 1464/1765/85 1465/1721/85 1551/1758/85 1550/1766/85
f 1514/1717/85 1515/1640/85 1601/1767/85 1600/1752/85
f 1481/1641/85 1482/1718/85 1568/1753/85 1567/1768/85
f 1508/1719/85 1509/1654/85 1595/1769/85 1594/1754/85
f 1489/1720/85 1490/1644/85 1576/1770/85 1575/1757/85
f 1454/1646/85 1455/1763/85 1541/1764/85 1540/1771/85
f 1463/1637/85 1464/1765/85 1550/1766/85 1549/1772/85
f 1474/1649/85 1475/1722/85 1561/1759/85 1560/1773/85
f 1504/1630/85 1505/1629/85 1591/1774/85 1590/1756/85
f 1496/1632/85 1497/1631/85 1583/1775/85 1582/1760/85
f 1438/1634/85 1439/1633/85 1525/1761/85 1524/1776/85
f 1445/1636/85 1446/1635/85 1532/1762/85 1531/1777/85
f 1462/1638/85 1463/1637/85 1549/1772/85 1548/1778/85
f 1515/1640/85 1516/1639/85 1602/1779/85 1601/1767/85
f 1480/1642/85 1481/1641/85 1567/1768/85 1566/1780/85
f 1490/1644/85 1491/1643/85 1577/1781/85 1576/1770/85
f 1444/1645/85 1445/1636/85 1531/1777/85 1530/1782/85
f 1453/1647/85 1454/1646/85 1540/1771/85 1539/1783/85
f 1461/1648/85 1462/1638/85 1548/1778/85 1547/1784/85
f 1473/1650/85 1474/1649/85 1560/1773/85 1559/1785/85
f 1516/1652/85 1438/1651/85 1524/1786/85 1602/1787/85
f 1509/1654/85 1510/1653/85 1596/1788/85 1595/1769/85
f 1505/1629/85 1506/1655/85 1592/1789/85 1591/1774/85
f 1497/1657/85 1473/1656/85 1559/1790/85 1583/1791/85
f 1517/1658/85 1516/1652/85 1602/1787/85 1603/1792/85
f 1460/1659/85 1461/1648/85 1547/1784/85 1546/1793/85
f 1498/1660/85 1497/1657/85 1583/1791/85 1584/1794/85
f 1523/1661/85 1517/1658/85 1603/1792/85 1609/1795/85
f 1479/1662/85 1480/1642/85 1566/1780/85 1565/1796/85
f 1472/1663/85 1498/1660/85 1584/1794/85 1558/1797/85
f 1522/1665/85 1521/1664/85 1607/1798/85 1608/1799/85
f 1491/1643/85 1492/1666/85 1578/1800/85 1577/1781/85
f 1443/1667/85 1444/1645/85 1530/1782/85 1529/1801/85
f 1452/1668/85 1453/1647/85 1539/1783/85 1538/1802/85
f 1459/1669/85 1460/1659/85 1546/1793/85 1545/1803/85
f 1499/1670/85 1498/1660/85 1584/1794/85 1585/1804/85
f 1519/1672/85 1518/1671/85 1604/1805/85 1605/1806/85
f 1510/1653/85 1511/1673/85 1597/1807/85 1596/1788/85
f 1500/1675/85 1501/1674/85 1587/1808/85 1586/1725/85
f 1471/1676/85 1499/1670/85 1585/1804/85 1557/1809/85
f 1520/1677/85 1519/1672/85 1605/1806/85 1606/1810/85
f 1451/1679/85 1452/1668/85 1538/1802/85 1537/1811/85
f 1470/1683/85 1471/1682/85 1557/1812/85 1556/1813/85
f 1478/1684/85 1479/1662/85 1565/1796/85 1564/1814/85
f 1388/1586/85 1389/1574/85 1475/1722/85 1474/1649/85
f 1377/1585/85 1378/1579/85 1464/1765/85 1463/1637/85
f 1368/1584/85 1369/1578/85 1455/1763/85 1454/1646/85
f 1403/1572/85 1404/1583/85 1490/1644/85 1489/1720/85
f 1422/1569/85 1423/1582/85 1509/1654/85 1508/1719/85
f 1395/1581/85 1396/1568/85 1482/1718/85 1481/1641/85
f 1428/1567/85 1429/1580/85 1515/1640/85 1514/1717/85
f 1378/1579/85 1379/1573/85 1465/1721/85 1464/1765/85
f 1369/1578/85 1370/1565/85 1456/1715/85 1455/1763/85
f 1360/1577/85 1361/1564/85 1447/1714/85 1446/1635/85
f 1353/1576/85 1354/1563/85 1440/1713/85 1439/1633/85
f 1409/1562/85 1410/1575/85 1496/1632/85 1495/1712/85
f 1576/1770/85 1577/1781/85 1663/1815/85 1662/1816/85
f 1530/1782/85 1531/1777/85 1617/1817/85 1616/1818/85
f 1539/1783/85 1540/1771/85 1626/1819/85 1625/1820/85
f 1547/1784/85 1548/1778/85 1634/1821/85 1633/1822/85
f 1559/1785/85 1560/1773/85 1646/1823/85 1645/1824/85
f 1602/1787/85 1524/1786/85 1610/1825/85 1688/1826/85
f 1595/1769/85 1596/1788/85 1682/1827/85 1681/1828/85
f 1591/1774/85 1592/1789/85 1678/1829/85 1677/1830/85
f 1583/1791/85 1559/1790/85 1645/1831/85 1669/1832/85
f 1603/1792/85 1602/1787/85 1688/1826/85 1689/1833/85
f 1546/1793/85 1547/1784/85 1633/1822/85 1632/1834/85
f 1584/1794/85 1583/1791/85 1669/1832/85 1670/1835/85
f 1609/1795/85 1603/1792/85 1689/1833/85 1695/1836/85
f 1565/1796/85 1566/1780/85 1652/1837/85 1651/1838/85
f 1558/1797/85 1584/1794/85 1670/1835/85 1644/1839/85
f 1608/1799/85 1607/1798/85 1693/1840/85 1694/1841/85
f 1577/1781/85 1578/1800/85 1664/1842/85 1663/1815/85
f 1529/1801/85 1530/1782/85 1616/1818/85 1615/1843/85
f 1538/1802/85 1539/1783/85 1625/1820/85 1624/1844/85
f 1545/1803/85 1546/1793/85 1632/1834/85 1631/1845/85
f 1585/1804/85 1584/1794/85 1670/1835/85 1671/1846/85
f 1605/1806/85 1604/1805/85 1690/1847/85 1691/1848/85
f 1596/1788/85 1597/1807/85 1683/1849/85 1682/1827/85
f 1586/1725/85 1587/1808/85 1673/1850/85 1672/1851/85
f 1557/1809/85 1585/1804/85 1671/1846/85 1643/1852/85
f 1606/1810/85 1605/1806/85 1691/1848/85 1692/1853/85
f 1537/1811/85 1538/1802/85 1624/1844/85 1623/1854/85
f 1556/1813/85 1557/1812/85 1643/1855/85 1642/1856/85
f 1564/1814/85 1565/1796/85 1651/1838/85 1650/1857/85
f 1578/1800/85 1579/1728/85 1665/1858/85 1664/1842/85
f 1528/1729/85 1529/1801/85 1615/1843/85 1614/1859/85
f 1571/1860/85 1572/1732/85 1658/1861/85 1657/1862/85
f 1536/1733/85 1537/1811/85 1623/1854/85 1622/1863/85
f 1544/1735/85 1545/1803/85 1631/1845/85 1630/1864/85
f 1555/1865/85 1556/1813/85 1642/1856/85 1641/1866/85
f 1597/1807/85 1598/1738/85 1684/1867/85 1683/1849/85
f 1570/1723/85 1571/1860/85 1657/1862/85 1656/1868/85
f 1592/1789/85 1593/1755/85 1679/1869/85 1678/1829/85
f 1587/1808/85 1588/1740/85 1674/1870/85 1673/1850/85
f 1554/1743/85 1555/1865/85 1641/1866/85 1640/1871/85
f 1563/1745/85 1564/1814/85 1650/1857/85 1649/1872/85
f 1569/1724/85 1570/1723/85 1656/1868/85 1655/1873/85
f 1585/1726/85 1586/1725/85 1672/1851/85 1671/1874/85
f 1579/1728/85 1580/1727/85 1666/1875/85 1665/1858/85
f 1527/1730/85 1528/1729/85 1614/1859/85 1613/1876/85
f 1572/1732/85 1573/1731/85 1659/1877/85 1658/1861/85
f 1535/1734/85 1536/1733/85 1622/1863/85 1621/1878/85
f 1543/1736/85 1544/1735/85 1630/1864/85 1629/1879/85
f 1598/1738/85 1599/1737/85 1685/1880/85 1684/1867/85
f 1588/1740/85 1589/1739/85 1675/1881/85 1674/1870/85
f 1573/1731/85 1574/1741/85 1660/1882/85 1659/1877/85
f 1534/1742/85 1535/1734/85 1621/1878/85 1620/1883/85
f 1553/1744/85 1554/1743/85 1640/1871/85 1639/1884/85
f 1562/1746/85 1563/1745/85 1649/1872/85 1648/1885/85
f 1580/1727/85 1581/1747/85 1667/1886/85 1666/1875/85
f 1526/1748/85 1527/1730/85 1613/1876/85 1612/1887/85
f 1533/1749/85 1534/1742/85 1620/1883/85 1619/1888/85
f 1542/1750/85 1543/1736/85 1629/1879/85 1628/1889/85
f 1552/1751/85 1553/1744/85 1639/1884/85 1638/1890/85
f 1599/1737/85 1600/1752/85 1686/1891/85 1685/1880/85
f 1568/1753/85 1569/1724/85 1655/1873/85 1654/1892/85
f 1593/1755/85 1594/1754/85 1680/1893/85 1679/1869/85
f 1589/1739/85 1590/1756/85 1676/1894/85 1675/1881/85
f 1574/1741/85 1575/1757/85 1661/1895/85 1660/1882/85
f 1551/1758/85 1552/1751/85 1638/1890/85 1637/1896/85
f 1561/1759/85 1562/1746/85 1648/1885/85 1647/1897/85
f 1581/1747/85 1582/1760/85 1668/1898/85 1667/1886/85
f 1525/1761/85 1526/1748/85 1612/1887/85 1611/1899/85
f 1532/1762/85 1533/1749/85 1619/1888/85 1618/1900/85
f 1541/1764/85 1542/1750/85 1628/1889/85 1627/1901/85
f 1550/1766/85 1551/1758/85 1637/1896/85 1636/1902/85
f 1600/1752/85 1601/1767/85 1687/1903/85 1686/1891/85
f 1567/1768/85 1568/1753/85 1654/1892/85 1653/1904/85
f 1477/1698/85 1478/1684/85 1564/1814/85 1563/1745/85
f 1468/1697/85 1469/1692/85 1555/1865/85 1554/1743/85
f 1501/1674/85 1502/1696/85 1588/1740/85 1587/1808/85
f 1506/1655/85 1507/1695/85 1593/1755/85 1592/1789/85
f 1484/1694/85 1485/1689/85 1571/1860/85 1570/1723/85
f 1511/1673/85 1512/1693/85 1598/1738/85 1597/1807/85
f 1469/1692/85 1470/1683/85 1556/1813/85 1555/1865/85
f 1458/1691/85 1459/1669/85 1545/1803/85 1544/1735/85
f 1450/1690/85 1451/1679/85 1537/1811/85 1536/1733/85
f 1485/1689/85 1486/1688/85 1572/1732/85 1571/1860/85
f 1442/1686/85 1443/1667/85 1529/1801/85 1528/1729/85
f 1492/1666/85 1493/1685/85 1579/1728/85 1578/1800/85
f 1629/1879/85 1630/1864/85 1716/1905/85 1715/1906/85
f 1684/1867/85 1685/1880/85 1771/1907/85 1770/1908/85
f 1674/1870/85 1675/1881/85 1761/1909/85 1760/1910/85
f 1659/1877/85 1660/1882/85 1746/1911/85 1745/1912/85
f 1620/1883/85 1621/1878/85 1707/1913/85 1706/1914/85
f 1639/1884/85 1640/1871/85 1726/1915/85 1725/1916/85
f 1648/1885/85 1649/1872/85 1735/1917/85 1734/1918/85
f 1666/1875/85 1667/1886/85 1753/1919/85 1752/1920/85
f 1612/1887/85 1613/1876/85 1699/1921/85 1698/1922/85
f 1619/1888/85 1620/1883/85 1706/1914/85 1705/1923/85
f 1628/1889/85 1629/1879/85 1715/1906/85 1714/1924/85
f 1638/1890/85 1639/1884/85 1725/1916/85 1724/1925/85
f 1685/1880/85 1686/1891/85 1772/1926/85 1771/1907/85
f 1654/1892/85 1655/1873/85 1741/1927/85 1740/1928/85
f 1679/1869/85 1680/1893/85 1766/1929/85 1765/1930/85
f 1675/1881/85 1676/1894/85 1762/1931/85 1761/1909/85
f 1660/1882/85 1661/1895/85 1747/1932/85 1746/1911/85
f 1637/1896/85 1638/1890/85 1724/1925/85 1723/1933/85
f 1647/1897/85 1648/1885/85 1734/1918/85 1733/1934/85
f 1667/1886/85 1668/1898/85 1754/1935/85 1753/1919/85
f 1611/1899/85 1612/1887/85 1698/1922/85 1697/1936/85
f 1618/1900/85 1619/1888/85 1705/1923/85 1704/1937/85
f 1627/1901/85 1628/1889/85 1714/1924/85 1713/1938/85
f 1636/1902/85 1637/1896/85 1723/1933/85 1722/1939/85
f 1686/1891/85 1687/1903/85 1773/1940/85 1772/1926/85
f 1653/1904/85 1654/1892/85 1740/1928/85 1739/1941/85
f 1680/1893/85 1681/1828/85 1767/1942/85 1766/1929/85
f 1661/1895/85 1662/1816/85 1748/1943/85 1747/1932/85
f 1626/1819/85 1627/1901/85 1713/1938/85 1712/1944/85
f 1635/1945/85 1636/1902/85 1722/1939/85 1721/1946/85
f 1646/1823/85 1647/1897/85 1733/1934/85 1732/1947/85
f 1676/1894/85 1677/1830/85 1763/1948/85 1762/1931/85
f 1668/1898/85 1669/1949/85 1755/1950/85 1754/1935/85
f 1610/1951/85 1611/1899/85 1697/1936/85 1696/1952/85
f 1617/1817/85 1618/1900/85 1704/1937/85 1703/1953/85
f 1634/1821/85 1635/1945/85 1721/1946/85 1720/1954/85
f 1687/1903/85 1688/1955/85 1774/1956/85 1773/1940/85
f 1652/1837/85 1653/1904/85 1739/1941/85 1738/1957/85
f 1662/1816/85 1663/1815/85 1749/1958/85 1748/1943/85
f 1616/1818/85 1617/1817/85 1703/1953/85 1702/1959/85
f 1625/1820/85 1626/1819/85 1712/1944/85 1711/1960/85
f 1633/1822/85 1634/1821/85 1720/1954/85 1719/1961/85
f 1645/1824/85 1646/1823/85 1732/1947/85 1731/1962/85
f 1688/1826/85 1610/1825/85 1696/1963/85 1774/1964/85
f 1681/1828/85 1682/1827/85 1768/1965/85 1767/1942/85
f 1677/1830/85 1678/1829/85 1764/1966/85 1763/1948/85
f 1669/1832/85 1645/1831/85 1731/1967/85 1755/1968/85
f 1689/1833/85 1688/1826/85 1774/1964/85 1775/1969/85
f 1632/1834/85 1633/1822/85 1719/1961/85 1718/1970/85
f 1670/1835/85 1669/1832/85 1755/1968/85 1756/1971/85
f 1695/1836/85 1689/1833/85 1775/1969/85 1781/1972/85
f 1651/1838/85 1652/1837/85 1738/1957/85 1737/1973/85
f 1644/1839/85 1670/1835/85 1756/1971/85 1730/1974/85
f 1694/1841/85 1693/1840/85 1779/1975/85 1780/1976/85
f 1663/1815/85 1664/1842/85 1750/1977/85 1749/1958/85
f 1615/1843/85 1616/1818/85 1702/1959/85 1701/1978/85
f 1624/1844/85 1625/1820/85 1711/1960/85 1710/1979/85
f 1631/1845/85 1632/1834/85 1718/1970/85 1717/1980/85
f 1671/1846/85 1670/1835/85 1756/1971/85 1757/1981/85
f 1691/1848/85 1690/1847/85 1776/1982/85 1777/1983/85
f 1682/1827/85 1683/1849/85 1769/1984/85 1768/1965/85
f 1672/1851/85 1673/1850/85 1759/1985/85 1758/1986/85
f 1643/1852/85 1671/1846/85 1757/1981/85 1729/1987/85
f 1692/1853/85 1691/1848/85 1777/1983/85 1778/1988/85
f 1623/1854/85 1624/1844/85 1710/1979/85 1709/1989/85
f 1642/1856/85 1643/1855/85 1729/1990/85 1728/1991/85
f 1650/1857/85 1651/1838/85 1737/1973/85 1736/1992/85
f 1664/1842/85 1665/1858/85 1751/1993/85 1750/1977/85
f 1614/1859/85 1615/1843/85 1701/1978/85 1700/1994/85
f 1657/1862/85 1658/1861/85 1744/1995/85 1743/1996/85
f 1622/1863/85 1623/1854/85 1709/1989/85 1708/1997/85
f 1630/1864/85 1631/1845/85 1717/1980/85 1716/1905/85
f 1641/1866/85 1642/1856/85 1728/1991/85 1727/1998/85
f 1566/1780/85 1567/1768/85 1653/1904/85 1652/1837/85
f 1601/1767/85 1602/1779/85 1688/1955/85 1687/1903/85
f 1548/1778/85 1549/1772/85 1635/1945/85 1634/1821/85
f 1531/1777/85 1532/1762/85 1618/1900/85 1617/1817/85
f 1524/1776/85 1525/1761/85 1611/1899/85 1610/1951/85
f 1582/1760/85 1583/1775/85 1669/1949/85 1668/1898/85
f 1590/1756/85 1591/1774/85 1677/1830/85 1676/1894/85
f 1560/1773/85 1561/1759/85 1647/1897/85 1646/1823/85
f 1549/1772/85 1550/1766/85 1636/1902/85 1635/1945/85
f 1540/1771/85 1541/1764/85 1627/1901/85 1626/1819/85
f 1575/1757/85 1576/1770/85 1662/1816/85 1661/1895/85
f 1594/1754/85 1595/1769/85 1681/1828/85 1680/1893/85
f 1719/1961/85 1720/1954/85 1806/1999/85 1805/2000/85
f 1731/1962/85 1732/1947/85 1818/2001/85 1817/2002/85
f 1774/1964/85 1696/1963/85 1782/2003/85 1860/2004/85
f 1767/1942/85 1768/1965/85 1854/2005/85 1853/2006/85
f 1763/1948/85 1764/1966/85 1850/2007/85 1849/2008/85
f 1755/1968/85 1731/1967/85 1817/2009/85 1841/2010/85
f 1775/1969/85 1774/1964/85 1860/2004/85 1861/2011/85
f 1718/1970/85 1719/1961/85 1805/2000/85 1804/2012/85
f 1756/1971/85 1755/1968/85 1841/2010/85 1842/2013/85
f 1781/1972/85 1775/1969/85 1861/2011/85 1867/2014/85
f 1737/1973/85 1738/1957/85 1824/2015/85 1823/2016/85
f 1730/1974/85 1756/1971/85 1842/2013/85 1816/2017/85
f 1780/1976/85 1779/1975/85 1865/2018/85 1866/2019/85
f 1749/1958/85 1750/1977/85 1836/2020/85 1835/2021/85
f 1701/1978/85 1702/1959/85 1788/2022/85 1787/2023/85
f 1710/1979/85 1711/1960/85 1797/2024/85 1796/2025/85
f 1717/1980/85 1718/1970/85 1804/2012/85 1803/2026/85
f 1757/1981/85 1756/1971/85 1842/2013/85 1843/2027/85
f 1777/1983/85 1776/1982/85 1862/2028/85 1863/2029/85
f 1768/1965/85 1769/1984/85 1855/2030/85 1854/2005/85
f 1758/1986/85 1759/1985/85 1845/2031/85 1844/2032/85
f 1729/1987/85 1757/1981/85 1843/2027/85 1815/2033/85
f 1778/1988/85 1777/1983/85 1863/2029/85 1864/2034/85
f 1709/1989/85 1710/1979/85 1796/2025/85 1795/2035/85
f 1728/1991/85 1729/1990/85 1815/2036/85 1814/2037/85
f 1736/1992/85 1737/1973/85 1823/2016/85 1822/2038/85
f 1750/1977/85 1751/1993/85 1837/2039/85 1836/2020/85
f 1700/1994/85 1701/1978/85 1787/2023/85 1786/2040/85
f 1743/1996/85 1744/1995/85 1830/2041/85 1829/2042/85
f 1708/1997/85 1709/1989/85 1795/2035/85 1794/2043/85
f 1716/1905/85 1717/1980/85 1803/2026/85 1802/2044/85
f 1727/1998/85 1728/1991/85 1814/2037/85 1813/2045/85
f 1769/1984/85 1770/1908/85 1856/2046/85 1855/2030/85
f 1742/2047/85 1743/1996/85 1829/2042/85 1828/2048/85
f 1764/1966/85 1765/1930/85 1851/2049/85 1850/2007/85
f 1759/1985/85 1760/1910/85 1846/2050/85 1845/2031/85
f 1726/1915/85 1727/1998/85 1813/2045/85 1812/2051/85
f 1735/1917/85 1736/1992/85 1822/2038/85 1821/2052/85
f 1741/1927/85 1742/2047/85 1828/2048/85 1827/2053/85
f 1757/2054/85 1758/1986/85 1844/2032/85 1843/2055/85
f 1751/1993/85 1752/1920/85 1838/2056/85 1837/2039/85
f 1699/1921/85 1700/1994/85 1786/2040/85 1785/2057/85
f 1744/1995/85 1745/1912/85 1831/2058/85 1830/2041/85
f 1707/1913/85 1708/1997/85 1794/2043/85 1793/2059/85
f 1715/1906/85 1716/1905/85 1802/2044/85 1801/2060/85
f 1770/1908/85 1771/1907/85 1857/2061/85 1856/2046/85
f 1760/1910/85 1761/1909/85 1847/2062/85 1846/2050/85
f 1745/1912/85 1746/1911/85 1832/2063/85 1831/2058/85
f 1706/1914/85 1707/1913/85 1793/2059/85 1792/2064/85
f 1725/1916/85 1726/1915/85 1812/2051/85 1811/2065/85
f 1734/1918/85 1735/1917/85 1821/2052/85 1820/2066/85
f 1752/1920/85 1753/1919/85 1839/2067/85 1838/2056/85
f 1698/1922/85 1699/1921/85 1785/2057/85 1784/2068/85
f 1705/1923/85 1706/1914/85 1792/2064/85 1791/2069/85
f 1714/1924/85 1715/1906/85 1801/2060/85 1800/2070/85
f 1724/1925/85 1725/1916/85 1811/2065/85 1810/2071/85
f 1771/1907/85 1772/1926/85 1858/2072/85 1857/2061/85
f 1740/1928/85 1741/1927/85 1827/2053/85 1826/2073/85
f 1765/1930/85 1766/1929/85 1852/2074/85 1851/2049/85
f 1761/1909/85 1762/1931/85 1848/2075/85 1847/2062/85
f 1746/1911/85 1747/1932/85 1833/2076/85 1832/2063/85
f 1723/1933/85 1724/1925/85 1810/2071/85 1809/2077/85
f 1733/1934/85 1734/1918/85 1820/2066/85 1819/2078/85
f 1753/1919/85 1754/1935/85 1840/2079/85 1839/2067/85
f 1697/1936/85 1698/1922/85 1784/2068/85 1783/2080/85
f 1704/1937/85 1705/1923/85 1791/2069/85 1790/2081/85
f 1713/1938/85 1714/1924/85 1800/2070/85 1799/2082/85
f 1722/1939/85 1723/1933/85 1809/2077/85 1808/2083/85
f 1772/1926/85 1773/1940/85 1859/2084/85 1858/2072/85
f 1739/1941/85 1740/1928/85 1826/2073/85 1825/2085/85
f 1766/1929/85 1767/1942/85 1853/2006/85 1852/2074/85
f 1747/1932/85 1748/1943/85 1834/2086/85 1833/2076/85
f 1712/1944/85 1713/1938/85 1799/2082/85 1798/2087/85
f 1621/1878/85 1622/1863/85 1708/1997/85 1707/1913/85
f 1658/1861/85 1659/1877/85 1745/1912/85 1744/1995/85
f 1613/1876/85 1614/1859/85 1700/1994/85 1699/1921/85
f 1665/1858/85 1666/1875/85 1752/1920/85 1751/1993/85
f 1671/1874/85 1672/1851/85 1758/1986/85 1757/2054/85
f 1655/1873/85 1656/1868/85 1742/2047/85 1741/1927/85
f 1649/1872/85 1650/1857/85 1736/1992/85 1735/1917/85
f 1640/1871/85 1641/1866/85 1727/1998/85 1726/1915/85
f 1673/1850/85 1674/1870/85 1760/1910/85 1759/1985/85
f 1678/1829/85 1679/1869/85 1765/1930/85 1764/1966/85
f 1656/1868/85 1657/1862/85 1743/1996/85 1742/2047/85
f 1683/1849/85 1684/1867/85 1770/1908/85 1769/1984/85
f 1792/2064/85 1793/2059/85 1879/2088/85 1878/2089/85
f 1811/2065/85 1812/2051/85 1898/2090/85 1897/2091/85
f 1820/2066/85 1821/2052/85 1907/2092/85 1906/2093/85
f 1838/2056/85 1839/2067/85 1925/2094/85 1924/2095/85
f 1784/2068/85 1785/2057/85 1871/2096/85 1870/2097/85
f 1791/2069/85 1792/2064/85 1878/2089/85 1877/2098/85
f 1800/2070/85 1801/2060/85 1887/2099/85 1886/2100/85
f 1810/2071/85 1811/2065/85 1897/2091/85 1896/2101/85
f 1857/2061/85 1858/2072/85 1944/2102/85 1943/2103/85
f 1826/2073/85 1827/2053/85 1913/2104/85 1912/2105/85
f 1851/2049/85 1852/2074/85 1938/2106/85 1937/2107/85
f 1847/2062/85 1848/2075/85 1934/2108/85 1933/2109/85
f 1832/2063/85 1833/2076/85 1919/2110/85 1918/2111/85
f 1809/2077/85 1810/2071/85 1896/2101/85 1895/2112/85
f 1819/2078/85 1820/2066/85 1906/2093/85 1905/2113/85
f 1839/2067/85 1840/2079/85 1926/2114/85 1925/2094/85
f 1783/2080/85 1784/2068/85 1870/2097/85 1869/2115/85
f 1790/2081/85 1791/2069/85 1877/2098/85 1876/2116/85
f 1799/2082/85 1800/2070/85 1886/2100/85 1885/2117/85
f 1808/2083/85 1809/2077/85 1895/2112/85 1894/2118/85
f 1858/2072/85 1859/2084/85 1945/2119/85 1944/2102/85
f 1825/2085/85 1826/2073/85 1912/2105/85 1911/2120/85
f 1852/2074/85 1853/2006/85 1939/2121/85 1938/2106/85
f 1833/2076/85 1834/2086/85 1920/2122/85 1919/2110/85
f 1798/2087/85 1799/2082/85 1885/2117/85 1884/2123/85
f 1807/2124/85 1808/2083/85 1894/2118/85 1893/2125/85
f 1818/2001/85 1819/2078/85 1905/2113/85 1904/2126/85
f 1848/2075/85 1849/2008/85 1935/2127/85 1934/2108/85
f 1840/2079/85 1841/2128/85 1927/2129/85 1926/2114/85
f 1782/2130/85 1783/2080/85 1869/2115/85 1868/2131/85
f 1789/2132/85 1790/2081/85 1876/2116/85 1875/2133/85
f 1806/1999/85 1807/2124/85 1893/2125/85 1892/2134/85
f 1859/2084/85 1860/2135/85 1946/2136/85 1945/2119/85
f 1824/2015/85 1825/2085/85 1911/2120/85 1910/2137/85
f 1834/2086/85 1835/2021/85 1921/2138/85 1920/2122/85
f 1788/2022/85 1789/2132/85 1875/2133/85 1874/2139/85
f 1797/2024/85 1798/2087/85 1884/2123/85 1883/2140/85
f 1805/2000/85 1806/1999/85 1892/2134/85 1891/2141/85
f 1817/2002/85 1818/2001/85 1904/2126/85 1903/2142/85
f 1860/2004/85 1782/2003/85 1868/2143/85 1946/2144/85
f 1853/2006/85 1854/2005/85 1940/2145/85 1939/2121/85
f 1849/2008/85 1850/2007/85 1936/2146/85 1935/2127/85
f 1841/2010/85 1817/2009/85 1903/2147/85 1927/2148/85
f 1861/2011/85 1860/2004/85 1946/2144/85 1947/2149/85
f 1804/2012/85 1805/2000/85 1891/2141/85 1890/2150/85
f 1842/2013/85 1841/2010/85 1927/2148/85 1928/2151/85
f 1867/2014/85 1861/2011/85 1947/2149/85 1953/2152/85
f 1823/2016/85 1824/2015/85 1910/2137/85 1909/2153/85
f 1816/2017/85 1842/2013/85 1928/2151/85 1902/2154/85
f 1866/2019/85 1865/2018/85 1951/2155/85 1952/2156/85
f 1835/2021/85 1836/2020/85 1922/2157/85 1921/2138/85
f 1787/2023/85 1788/2022/85 1874/2139/85 1873/2158/85
f 1796/2025/85 1797/2024/85 1883/2140/85 1882/2159/85
f 1803/2026/85 1804/2012/85 1890/2150/85 1889/2160/85
f 1843/2027/85 1842/2013/85 1928/2151/85 1929/2161/85
f 1863/2029/85 1862/2028/85 1948/2162/85 1949/2163/85
f 1854/2005/85 1855/2030/85 1941/2164/85 1940/2145/85
f 1844/2032/85 1845/2031/85 1931/2165/85 1930/2166/85
f 1815/2033/85 1843/2027/85 1929/2161/85 1901/2167/85
f 1864/2034/85 1863/2029/85 1949/2163/85 1950/2168/85
f 1795/2035/85 1796/2025/85 1882/2159/85 1881/2169/85
f 1814/2037/85 1815/2036/85 1901/2170/85 1900/2171/85
f 1822/2038/85 1823/2016/85 1909/2153/85 1908/2172/85
f 1836/2020/85 1837/2039/85 1923/2173/85 1922/2157/85
f 1786/2040/85 1787/2023/85 1873/2158/85 1872/2174/85
f 1829/2042/85 1830/2041/85 1916/2175/85 1915/2176/85
f 1794/2043/85 1795/2035/85 1881/2169/85 1880/2177/85
f 1802/2044/85 1803/2026/85 1889/2160/85 1888/2178/85
f 1813/2045/85 1814/2037/85 1900/2171/85 1899/2179/85
f 1855/2030/85 1856/2046/85 1942/2180/85 1941/2164/85
f 1828/2048/85 1829/2042/85 1915/2176/85 1914/2181/85
f 1850/2007/85 1851/2049/85 1937/2107/85 1936/2146/85
f 1845/2031/85 1846/2050/85 1932/2182/85 1931/2165/85
f 1711/1960/85 1712/1944/85 1798/2087/85 1797/2024/85
f 1702/1959/85 1703/1953/85 1789/2132/85 1788/2022/85
f 1748/1943/85 1749/1958/85 1835/2021/85 1834/2086/85
f 1738/1957/85 1739/1941/85 1825/2085/85 1824/2015/85
f 1773/1940/85 1774/1956/85 1860/2135/85 1859/2084/85
f 1720/1954/85 1721/1946/85 1807/2124/85 1806/1999/85
f 1703/1953/85 1704/1937/85 1790/2081/85 1789/2132/85
f 1696/1952/85 1697/1936/85 1783/2080/85 1782/2130/85
f 1754/1935/85 1755/1950/85 1841/2128/85 1840/2079/85
f 1762/1931/85 1763/1948/85 1849/2008/85 1848/2075/85
f 1732/1947/85 1733/1934/85 1819/2078/85 1818/2001/85
f 1721/1946/85 1722/1939/85 1808/2083/85 1807/2124/85
f 1935/2127/85 1936/2146/85 2022/2183/85 2021/2184/85
f 1927/2148/85 1903/2147/85 1989/2185/85 2013/2186/85
f 1947/2149/85 1946/2144/85 2032/2187/85 2033/2188/85
f 1890/2150/85 1891/2141/85 1977/2189/85 1976/2190/85
f 1928/2151/85 1927/2148/85 2013/2186/85 2014/2191/85
f 1953/2152/85 1947/2149/85 2033/2188/85 2039/2192/85
f 1909/2153/85 1910/2137/85 1996/2193/85 1995/2194/85
f 1902/2154/85 1928/2151/85 2014/2191/85 1988/2195/85
f 1952/2156/85 1951/2155/85 2037/2196/85 2038/2197/85
f 1921/2138/85 1922/2157/85 2008/2198/85 2007/2199/85
f 1873/2158/85 1874/2139/85 1960/2200/85 1959/2201/85
f 1882/2159/85 1883/2140/85 1969/2202/85 1968/2203/85
f 1889/2160/85 1890/2150/85 1976/2190/85 1975/2204/85
f 1929/2161/85 1928/2151/85 2014/2191/85 2015/2205/85
f 1949/2163/85 1948/2162/85 2034/2206/85 2035/2207/85
f 1940/2145/85 1941/2164/85 2027/2208/85 2026/2209/85
f 1930/2166/85 1931/2165/85 2017/2210/85 2016/2211/85
f 1901/2167/85 1929/2161/85 2015/2205/85 1987/2212/85
f 1950/2168/85 1949/2163/85 2035/2207/85 2036/2213/85
f 1881/2169/85 1882/2159/85 1968/2203/85 1967/2214/85
f 1900/2171/85 1901/2170/85 1987/2215/85 1986/2216/85
f 1908/2172/85 1909/2153/85 1995/2194/85 1994/2217/85
f 1922/2157/85 1923/2173/85 2009/2218/85 2008/2198/85
f 1872/2174/85 1873/2158/85 1959/2201/85 1958/2219/85
f 1915/2176/85 1916/2175/85 2002/2220/85 2001/2221/85
f 1880/2177/85 1881/2169/85 1967/2214/85 1966/2222/85
f 1888/2178/85 1889/2160/85 1975/2204/85 1974/2223/85
f 1899/2179/85 1900/2171/85 1986/2216/85 1985/2224/85
f 1941/2164/85 1942/2180/85 2028/2225/85 2027/2208/85
f 1914/2181/85 1915/2176/85 2001/2221/85 2000/2226/85
f 1936/2146/85 1937/2107/85 2023/2227/85 2022/2183/85
f 1931/2165/85 1932/2182/85 2018/2228/85 2017/2210/85
f 1898/2090/85 1899/2179/85 1985/2224/85 1984/2229/85
f 1907/2092/85 1908/2172/85 1994/2217/85 1993/2230/85
f 1913/2104/85 1914/2181/85 2000/2226/85 1999/2231/85
f 1929/2232/85 1930/2166/85 2016/2211/85 2015/2233/85
f 1923/2173/85 1924/2095/85 2010/2234/85 2009/2218/85
f 1871/2096/85 1872/2174/85 1958/2219/85 1957/2235/85
f 1916/2175/85 1917/2236/85 2003/2237/85 2002/2220/85
f 1879/2088/85 1880/2177/85 1966/2222/85 1965/2238/85
f 1887/2099/85 1888/2178/85 1974/2223/85 1973/2239/85
f 1942/2180/85 1943/2103/85 2029/2240/85 2028/2225/85
f 1932/2182/85 1933/2109/85 2019/2241/85 2018/2228/85
f 1917/2236/85 1918/2111/85 2004/2242/85 2003/2237/85
f 1878/2089/85 1879/2088/85 1965/2238/85 1964/2243/85
f 1897/2091/85 1898/2090/85 1984/2229/85 1983/2244/85
f 1906/2093/85 1907/2092/85 1993/2230/85 1992/2245/85
f 1924/2095/85 1925/2094/85 2011/2246/85 2010/2234/85
f 1870/2097/85 1871/2096/85 1957/2235/85 1956/2247/85
f 1877/2098/85 1878/2089/85 1964/2243/85 1963/2248/85
f 1886/2100/85 1887/2099/85 1973/2239/85 1972/2249/85
f 1896/2101/85 1897/2091/85 1983/2244/85 1982/2250/85
f 1943/2103/85 1944/2102/85 2030/2251/85 2029/2240/85
f 1912/2105/85 1913/2104/85 1999/2231/85 1998/2252/85
f 1937/2107/85 1938/2106/85 2024/2253/85 2023/2227/85
f 1933/2109/85 1934/2108/85 2020/2254/85 2019/2241/85
f 1918/2111/85 1919/2110/85 2005/2255/85 2004/2242/85
f 1895/2112/85 1896/2101/85 1982/2250/85 1981/2256/85
f 1905/2113/85 1906/2093/85 1992/2245/85 1991/2257/85
f 1925/2094/85 1926/2114/85 2012/2258/85 2011/2246/85
f 1869/2115/85 1870/2097/85 1956/2247/85 1955/2259/85
f 1876/2116/85 1877/2098/85 1963/2248/85 1962/2260/85
f 1885/2117/85 1886/2100/85 1972/2249/85 1971/2261/85
f 1894/2118/85 1895/2112/85 1981/2256/85 1980/2262/85
f 1944/2102/85 1945/2119/85 2031/2263/85 2030/2251/85
f 1911/2120/85 1912/2105/85 1998/2252/85 1997/2264/85
f 1938/2106/85 1939/2121/85 2025/2265/85 2024/2253/85
f 1919/2110/85 1920/2122/85 2006/2266/85 2005/2255/85
f 1884/2123/85 1885/2117/85 1971/2261/85 1970/2267/85
f 1893/2125/85 1894/2118/85 1980/2262/85 1979/2268/85
f 1904/2126/85 1905/2113/85 1991/2257/85 1990/2269/85
f 1934/2108/85 1935/2127/85 2021/2184/85 2020/2254/85
f 1926/2114/85 1927/2129/85 2013/2270/85 2012/2258/85
f 1831/2058/85 1832/2063/85 1918/2111/85 1917/2236/85
f 1846/2050/85 1847/2062/85 1933/2109/85 1932/2182/85
f 1856/2046/85 1857/2061/85 1943/2103/85 1942/2180/85
f 1801/2060/85 1802/2044/85 1888/2178/85 1887/2099/85
f 1793/2059/85 1794/2043/85 1880/2177/85 1879/2088/85
f 1830/2041/85 1831/2058/85 1917/2236/85 1916/2175/85
f 1785/2057/85 1786/2040/85 1872/2174/85 1871/2096/85
f 1837/2039/85 1838/2056/85 1924/2095/85 1923/2173/85
f 1843/2055/85 1844/2032/85 1930/2166/85 1929/2232/85
f 1827/2053/85 1828/2048/85 1914/2181/85 1913/2104/85
f 1821/2052/85 1822/2038/85 1908/2172/85 1907/2092/85
f 1812/2051/85 1813/2045/85 1899/2179/85 1898/2090/85
f 2039/2192/85 2033/2188/85 2119/2271/85 2125/2272/85
f 2015/2233/85 2016/2211/85 2102/2273/85 2101/2274/85
f 2009/2218/85 2010/2234/85 2096/2275/85 2095/2276/85
f 2002/2220/85 2003/2237/85 2089/2277/85 2088/2278/85
f 2038/2197/85 2037/2196/85 2123/2279/85 2124/2280/85
f 1959/2201/85 1960/2200/85 2046/2281/85 2045/2282/85
f 1968/2203/85 1969/2202/85 2055/2283/85 2054/2284/85
f 2035/2207/85 2034/2206/85 2120/2285/85 2121/2286/85
f 2026/2209/85 2027/2208/85 2113/2287/85 2112/2288/85
f 2003/2237/85 2004/2242/85 2090/2289/85 2089/2277/85
f 2036/2213/85 2035/2207/85 2121/2286/85 2122/2290/85
f 1983/2244/85 1984/2229/85 2070/2291/85 2069/2292/85
f 1992/2245/85 1993/2230/85 2079/2293/85 2078/2294/85
f 1967/2214/85 1968/2203/85 2054/2284/85 2053/2295/85
f 2010/2234/85 2011/2246/85 2097/2296/85 2096/2275/85
f 1982/2250/85 1983/2244/85 2069/2292/85 2068/2297/85
f 1958/2219/85 1959/2201/85 2045/2282/85 2044/2298/85
f 1966/2222/85 1967/2214/85 2053/2295/85 2052/2299/85
f 1998/2252/85 1999/2231/85 2085/2300/85 2084/2301/85
f 1974/2223/85 1975/2204/85 2061/2302/85 2060/2303/85
f 2027/2208/85 2028/2225/85 2114/2304/85 2113/2287/85
f 2022/2183/85 2023/2227/85 2109/2305/85 2108/2306/85
f 2004/2242/85 2005/2255/85 2091/2307/85 2090/2289/85
f 2017/2210/85 2018/2228/85 2104/2308/85 2103/2309/85
f 1981/2256/85 1982/2250/85 2068/2297/85 2067/2310/85
f 1991/2257/85 1992/2245/85 2078/2294/85 2077/2311/85
f 2011/2246/85 2012/2258/85 2098/2312/85 2097/2296/85
f 1980/2262/85 1981/2256/85 2067/2310/85 2066/2313/85
f 1957/2235/85 1958/2219/85 2044/2298/85 2043/2314/85
f 1965/2238/85 1966/2222/85 2052/2299/85 2051/2315/85
f 1997/2264/85 1998/2252/85 2084/2301/85 2083/2316/85
f 1973/2239/85 1974/2223/85 2060/2303/85 2059/2317/85
f 2028/2225/85 2029/2240/85 2115/2318/85 2114/2304/85
f 2005/2255/85 2006/2266/85 2092/2319/85 2091/2307/85
f 2018/2228/85 2019/2241/85 2105/2320/85 2104/2308/85
f 1979/2268/85 1980/2262/85 2066/2313/85 2065/2321/85
f 1990/2269/85 1991/2257/85 2077/2311/85 2076/2322/85
f 1964/2243/85 1965/2238/85 2051/2315/85 2050/2323/85
f 2012/2258/85 2013/2270/85 2099/2324/85 2098/2312/85
f 1978/2325/85 1979/2268/85 2065/2321/85 2064/2326/85
f 1956/2247/85 1957/2235/85 2043/2314/85 2042/2327/85
f 1963/2248/85 1964/2243/85 2050/2323/85 2049/2328/85
f 1996/2193/85 1997/2264/85 2083/2316/85 2082/2329/85
f 1972/2249/85 1973/2239/85 2059/2317/85 2058/2330/85
f 2029/2240/85 2030/2251/85 2116/2331/85 2115/2318/85
f 2023/2227/85 2024/2253/85 2110/2332/85 2109/2305/85
f 2006/2266/85 2007/2199/85 2093/2333/85 2092/2319/85
f 2019/2241/85 2020/2254/85 2106/2334/85 2105/2320/85
f 1977/2189/85 1978/2325/85 2064/2326/85 2063/2335/85
f 1989/2336/85 1990/2269/85 2076/2322/85 2075/2337/85
f 2013/2186/85 1989/2185/85 2075/2338/85 2099/2339/85
f 1976/2190/85 1977/2189/85 2063/2335/85 2062/2340/85
f 1955/2259/85 1956/2247/85 2042/2327/85 2041/2341/85
f 2014/2191/85 2013/2186/85 2099/2339/85 2100/2342/85
f 1962/2260/85 1963/2248/85 2049/2328/85 2048/2343/85
f 1995/2194/85 1996/2193/85 2082/2329/85 2081/2344/85
f 1971/2261/85 1972/2249/85 2058/2330/85 2057/2345/85
f 2030/2251/85 2031/2263/85 2117/2346/85 2116/2331/85
f 1988/2195/85 2014/2191/85 2100/2342/85 2074/2347/85
f 2024/2253/85 2025/2265/85 2111/2348/85 2110/2332/85
f 2007/2199/85 2008/2198/85 2094/2349/85 2093/2333/85
f 1975/2204/85 1976/2190/85 2062/2340/85 2061/2302/85
f 2015/2205/85 2014/2191/85 2100/2342/85 2101/2350/85
f 1970/2267/85 1971/2261/85 2057/2345/85 2056/2351/85
f 2016/2211/85 2017/2210/85 2103/2309/85 2102/2273/85
f 1987/2212/85 2015/2205/85 2101/2350/85 2073/2352/85
f 2020/2254/85 2021/2184/85 2107/2353/85 2106/2334/85
f 1954/2354/85 1955/2259/85 2041/2341/85 2040/2355/85
f 1986/2216/85 1987/2215/85 2073/2356/85 2072/2357/85
f 1961/2358/85 1962/2260/85 2048/2343/85 2047/2359/85
f 1994/2217/85 1995/2194/85 2081/2344/85 2080/2360/85
f 2031/2263/85 2032/2361/85 2118/2362/85 2117/2346/85
f 2008/2198/85 2009/2218/85 2095/2276/85 2094/2349/85
f 1939/2121/85 1940/2145/85 2026/2209/85 2025/2265/85
f 1946/2144/85 1868/2143/85 1954/2363/85 2032/2187/85
f 1903/2142/85 1904/2126/85 1990/2269/85 1989/2336/85
f 1891/2141/85 1892/2134/85 1978/2325/85 1977/2189/85
f 1883/2140/85 1884/2123/85 1970/2267/85 1969/2202/85
f 1874/2139/85 1875/2133/85 1961/2358/85 1960/2200/85
f 1920/2122/85 1921/2138/85 2007/2199/85 2006/2266/85
f 1910/2137/85 1911/2120/85 1997/2264/85 1996/2193/85
f 1945/2119/85 1946/2136/85 2032/2361/85 2031/2263/85
f 1892/2134/85 1893/2125/85 1979/2268/85 1978/2325/85
f 1875/2133/85 1876/2116/85 1962/2260/85 1961/2358/85
f 1868/2131/85 1869/2115/85 1955/2259/85 1954/2354/85
f 2046/2281/86 2047/2359/86 2133/2364/86 2132/2365/86
f 2055/2283/87 2056/2351/87 2142/2366/87 2141/2367/87
f 2063/2335/88 2064/2326/88 2150/2368/88 2149/2369/88
f 2075/2337/89 2076/2322/89 2162/2370/89 2161/2371/89
f 2118/2372/90 2040/2373/90 2126/2374/90 2204/2375/90
f 2111/2348/91 2112/2288/91 2198/2376/91 2197/2377/91
f 2107/2353/92 2108/2306/92 2194/2378/92 2193/2379/92
f 2099/2339/93 2075/2338/93 2161/2380/93 2185/2381/93
f 2119/2271/94 2118/2372/94 2204/2375/94 2205/2382/94
f 2062/2340/95 2063/2335/95 2149/2369/95 2148/2383/95
f 2100/2342/96 2099/2339/96 2185/2381/96 2186/2384/96
f 2125/2272/97 2119/2271/97 2205/2382/97 2211/2385/97
f 2081/2344/98 2082/2329/98 2168/2386/98 2167/2387/98
f 2074/2347/99 2100/2342/99 2186/2384/99 2160/2388/99
f 2124/2280/100 2123/2279/100 2209/2389/100 2210/2390/100
f 2093/2333/101 2094/2349/101 2180/2391/101 2179/2392/101
f 2045/2282/102 2046/2281/102 2132/2365/102 2131/2393/102
f 2054/2284/87 2055/2283/87 2141/2367/87 2140/2394/87
f 2061/2302/87 2062/2340/87 2148/2383/87 2147/2395/87
f 2101/2350/103 2100/2342/103 2186/2384/103 2187/2396/103
f 2121/2286/104 2120/2285/104 2206/2397/104 2207/2398/104
f 2112/2288/105 2113/2287/105 2199/2399/105 2198/2376/105
f 2102/2273/106 2103/2309/106 2189/2400/106 2188/2401/106
f 2073/2352/99 2101/2350/99 2187/2396/99 2159/2402/99
f 2122/2290/107 2121/2286/107 2207/2398/107 2208/2403/107
f 2053/2295/87 2054/2284/87 2140/2394/87 2139/2404/87
f 2072/2357/108 2073/2356/108 2159/2405/108 2158/2406/108
f 2080/2360/109 2081/2344/109 2167/2387/109 2166/2407/109
f 2094/2349/110 2095/2276/110 2181/2408/110 2180/2391/110
f 2044/2298/111 2045/2282/111 2131/2393/111 2130/2409/111
f 2087/2410/112 2088/2278/112 2174/2411/112 2173/2412/112
f 2052/2299/87 2053/2295/87 2139/2404/87 2138/2413/87
f 2060/2303/87 2061/2302/87 2147/2395/87 2146/2414/87
f 2071/2415/113 2072/2357/113 2158/2406/113 2157/2416/113
f 2113/2287/114 2114/2304/114 2200/2417/114 2199/2399/114
f 2086/2418/115 2087/2410/115 2173/2412/115 2172/2419/115
f 2108/2306/116 2109/2305/116 2195/2420/116 2194/2378/116
f 2103/2309/117 2104/2308/117 2190/2421/117 2189/2400/117
f 2070/2291/118 2071/2415/118 2157/2416/118 2156/2422/118
f 2079/2293/119 2080/2360/119 2166/2407/119 2165/2423/119
f 2085/2300/120 2086/2418/120 2172/2419/120 2171/2424/120
f 2101/2274/121 2102/2273/121 2188/2401/121 2187/2425/121
f 2095/2276/122 2096/2275/122 2182/2426/122 2181/2408/122
f 2043/2314/123 2044/2298/123 2130/2409/123 2129/2427/123
f 2088/2278/124 2089/2277/124 2175/2428/124 2174/2411/124
f 2051/2315/87 2052/2299/87 2138/2413/87 2137/2429/87
f 2059/2317/87 2060/2303/87 2146/2414/87 2145/2430/87
f 2114/2304/125 2115/2318/125 2201/2431/125 2200/2417/125
f 2104/2308/126 2105/2320/126 2191/2432/126 2190/2421/126
f 2089/2277/127 2090/2289/127 2176/2433/127 2175/2428/127
f 2050/2323/87 2051/2315/87 2137/2429/87 2136/2434/87
f 2069/2292/128 2070/2291/128 2156/2422/128 2155/2435/128
f 2078/2294/129 2079/2293/129 2165/2423/129 2164/2436/129
f 2096/2275/130 2097/2296/130 2183/2437/130 2182/2426/130
f 2042/2327/131 2043/2314/131 2129/2427/131 2128/2438/131
f 2049/2328/132 2050/2323/132 2136/2434/132 2135/2439/132
f 2058/2330/87 2059/2317/87 2145/2430/87 2144/2440/87
f 2068/2297/133 2069/2292/133 2155/2435/133 2154/2441/133
f 2115/2318/134 2116/2331/134 2202/2442/134 2201/2431/134
f 2084/2301/135 2085/2300/135 2171/2424/135 2170/2443/135
f 2109/2305/136 2110/2332/136 2196/2444/136 2195/2420/136
f 2105/2320/137 2106/2334/137 2192/2445/137 2191/2432/137
f 2090/2289/138 2091/2307/138 2177/2446/138 2176/2433/138
f 2067/2310/139 2068/2297/139 2154/2441/139 2153/2447/139
f 2077/2311/140 2078/2294/140 2164/2436/140 2163/2448/140
f 2097/2296/141 2098/2312/141 2184/2449/141 2183/2437/141
f 2041/2341/142 2042/2327/142 2128/2438/142 2127/2450/142
f 2048/2343/143 2049/2328/143 2135/2439/143 2134/2451/143
f 2057/2345/87 2058/2330/87 2144/2440/87 2143/2452/87
f 2066/2313/144 2067/2310/144 2153/2447/144 2152/2453/144
f 2116/2331/145 2117/2346/145 2203/2454/145 2202/2442/145
f 2083/2316/146 2084/2301/146 2170/2443/146 2169/2455/146
f 2110/2332/147 2111/2348/147 2197/2377/147 2196/2444/147
f 1999/2231/85 2000/2226/85 2086/2418/85 2085/2300/85
f 1993/2230/85 1994/2217/85 2080/2360/85 2079/2293/85
f 1984/2229/85 1985/2224/85 2071/2415/85 2070/2291/85
f 2033/2188/85 2032/2187/85 2118/2372/85 2119/2271/85
f 2021/2184/85 2022/2183/85 2108/2306/85 2107/2353/85
f 2025/2265/85 2026/2209/85 2112/2288/85 2111/2348/85
f 2032/2187/85 1954/2363/85 2040/2373/85 2118/2372/85
f 2000/2226/85 2001/2221/85 2087/2410/85 2086/2418/85
f 1969/2202/85 1970/2267/85 2056/2351/85 2055/2283/85
f 1960/2200/85 1961/2358/85 2047/2359/85 2046/2281/85
f 1985/2224/85 1986/2216/85 2072/2357/85 2071/2415/85
f 2001/2221/85 2002/2220/85 2088/2278/85 2087/2410/85
f 2126/2374/84 2203/2456/84 2204/2375/84
f 2127/2457/84 2203/2456/84 2126/2374/84
f 2127/2457/84 2202/2458/84 2203/2456/84
f 2128/2459/84 2202/2458/84 2127/2457/84
f 2128/2459/84 2201/2460/84 2202/2458/84
f 2129/2461/84 2201/2460/84 2128/2459/84
f 2129/2461/84 2200/2462/84 2201/2460/84
f 2130/2463/84 2200/2462/84 2129/2461/84
f 2130/2463/84 2199/2464/84 2200/2462/84
f 2131/2465/84 2199/2464/84 2130/2463/84
f 2131/2465/84 2198/2466/84 2199/2464/84
f 2132/2467/84 2198/2466/84 2131/2465/84
f 2132/2467/84 2197/2468/84 2198/2466/84
f 2133/2469/84 2197/2468/84 2132/2467/84
f 2134/2470/84 2197/2468/84 2133/2469/84
f 2134/2470/84 2196/2471/84 2197/2468/84
f 2135/2472/84 2196/2471/84 2134/2470/84
f 2135/2472/84 2195/2473/84 2196/2471/84
f 2136/2474/84 2195/2473/84 2135/2472/84
f 2137/2475/84 2195/2473/84 2136/2474/84
f 2138/2476/84 2195/2473/84 2137/2475/84
f 2138/2476/84 2194/2477/84 2195/2473/84
f 2139/2478/84 2194/2477/84 2138/2476/84
f 2140/2479/84 2194/2477/84 2139/2478/84
f 2141/2480/84 2194/2477/84 2140/2479/84
f 2141/2480/84 2193/2481/84 2194/2477/84
f 2142/2482/84 2193/2481/84 2141/2480/84
f 2142/2482/84 2192/2483/84 2193/2481/84
f 2143/2484/84 2192/2483/84 2142/2482/84
f 2144/2485/84 2192/2483/84 2143/2484/84
f 2144/2485/84 2191/2486/84 2192/2483/84
f 2145/2487/84 2191/2486/84 2144/2485/84
f 2145/2487/84 2190/2488/84 2191/2486/84
f 2146/2489/84 2190/2488/84 2145/2487/84
f 2146/2489/84 2189/2490/84 2190/2488/84
f 2147/2491/84 2189/2490/84 2146/2489/84
f 2147/2491/84 2188/2492/84 2189/2490/84
f 2148/2493/84 2188/2492/84 2147/2491/84
f 2149/2494/84 2188/2492/84 2148/2493/84
f 2150/2495/84 2188/2492/84 2149/2494/84
f 2151/2496/84 2188/2492/84 2150/2495/84
f 2152/2497/148 2188/2492/148 2151/2496/148
f 2153/2498/84 2188/2492/84 2152/2497/84
f 2154/2499/84 2188/2492/84 2153/2498/84
f 2155/2500/84 2188/2492/84 2154/2499/84
f 2156/2501/84 2188/2492/84 2155/2500/84
f 2156/2501/84 2187/2396/84 2188/2492/84
f 2157/2502/84 2187/2396/84 2156/2501/84
f 2158/2503/84 2187/2396/84 2157/2502/84
f 2159/2402/84 2187/2396/84 2158/2503/84
f 2162/2504/84 2185/2381/84 2161/2380/84
f 2162/2504/84 2184/2505/84 2185/2381/84
f 2163/2506/84 2184/2505/84 2162/2504/84
f 2163/2506/84 2183/2507/84 2184/2505/84
f 2164/2508/84 2183/2507/84 2163/2506/84
f 2164/2508/84 2182/2509/84 2183/2507/84
f 2165/2510/84 2182/2509/84 2164/2508/84
f 2165/2510/84 2181/2511/84 2182/2509/84
f 2166/2512/84 2181/2511/84 2165/2510/84
f 2166/2512/84 2180/2513/84 2181/2511/84
f 2167/2514/84 2180/2513/84 2166/2512/84
f 2167/2514/84 2179/2515/84 2180/2513/84
f 2168/2516/84 2179/2515/84 2167/2514/84
f 2168/2516/84 2178/2517/84 2179/2515/84
f 2169/2518/84 2178/2517/84 2168/2516/84
f 2169/2518/84 2177/2519/84 2178/2517/84
f 2170/2520/84 2177/2519/84 2169/2518/84
f 2170/2520/84 2176/2521/84 2177/2519/84
f 2171/2522/84 2176/2521/84 2170/2520/84
f 2171/2522/84 2175/2523/84 2176/2521/84
f 2171/2522/148 2174/2524/148 2175/2523/148
f 2172/2525/149 2174/2524/149 2171/2522/149
f 2172/2525/150 2173/2526/150 2174/2524/150
f 2092/2319/151 2093/2333/151 2179/2392/151 2178/2527/151
f 2082/2329/152 2083/2316/152 2169/2455/152 2168/2386/152
f 2117/2346/153 2118/2362/153 2204/2528/153 2203/2454/153
f 2064/2326/154 2065/2321/154 2151/2529/154 2150/2368/154
f 2047/2359/155 2048/2343/155 2134/2451/155 2133/2364/155
f 2040/2355/156 2041/2341/156 2127/2450/156 2126/2530/156
f 2098/2312/157 2099/2324/157 2185/2531/157 2184/2449/157
f 2106/2334/158 2107/2353/158 2193/2379/158 2192/2445/158
f 2076/2322/159 2077/2311/159 2163/2448/159 2162/2370/159
f 2065/2321/160 2066/2313/160 2152/2453/160 2151/2529/160
f 2056/2351/87 2057/2345/87 2143/2452/87 2142/2366/87
f 2091/2307/161 2092/2319/161 2178/2527/161 2177/2446/161
o Curve.003
v 2.867124 -0.029425 -0.509547
v 2.865376 -0.029425 -0.500041
v 2.863714 -0.029425 -0.475785
v 2.862152 -0.029425 -0.437819
v 2.860702 -0.029425 -0.387176
v 2.859376 -0.029425 -0.324893
v 2.858186 -0.029425 -0.252007
v 2.857146 -0.029425 -0.169553
v 2.856266 -0.029425 -0.078567
v 2.855561 -0.029425 0.019913
v 2.855042 -0.029425 0.124853
v 2.854721 -0.029425 0.235215
v 2.854612 -0.029425 0.349964
v 2.854612 -0.029425 0.366594
v 2.854612 -0.029425 0.412572
v 2.854612 -0.029425 0.482028
v 2.854612 -0.029425 0.569093
v 2.854612 -0.029425 0.667897
v 2.854612 -0.029425 0.772571
v 2.854612 -0.029425 0.877245
v 2.854612 -0.029425 0.976048
v 2.854612 -0.029425 1.063113
v 2.854612 -0.029425 1.132570
v 2.854612 -0.029425 1.178548
v 2.854612 -0.029425 1.195178
v 2.002070 -0.029425 1.198752
v 1.147740 -0.029425 1.204113
v 1.147740 -0.029425 2.142248
v 1.147761 -0.029425 2.355152
v 1.147906 -0.029425 2.533138
v 1.148299 -0.029425 2.679330
v 1.149065 -0.029425 2.796858
v 1.150327 -0.029425 2.888847
v 1.152209 -0.029425 2.958425
v 1.154837 -0.029425 3.008720
v 1.158333 -0.029425 3.042858
v 1.162822 -0.029425 3.063966
v 1.168428 -0.029425 3.075171
v 1.175275 -0.029425 3.079601
v 1.183486 -0.029425 3.080383
v 1.191702 -0.029425 3.079591
v 1.198570 -0.029425 3.075237
v 1.204235 -0.029425 3.064356
v 1.208839 -0.029425 3.043983
v 1.212524 -0.029425 3.011150
v 1.215433 -0.029425 2.962893
v 1.217710 -0.029425 2.896245
v 1.219496 -0.029425 2.808241
v 1.220934 -0.029425 2.695915
v 1.222168 -0.029425 2.556301
v 1.223341 -0.029425 2.386434
v 1.224594 -0.029425 2.183347
v 1.224665 -0.029425 2.165662
v 1.224859 -0.029425 2.116768
v 1.225152 -0.029425 2.042906
v 1.225521 -0.029425 1.950319
v 1.225938 -0.029425 1.845248
v 1.226381 -0.029425 1.733936
v 1.226823 -0.029425 1.622623
v 1.227241 -0.029425 1.517552
v 1.227609 -0.029425 1.424965
v 1.227903 -0.029425 1.351104
v 1.228097 -0.029425 1.302210
v 1.228169 -0.029425 1.284524
v 2.082498 -0.029425 1.280951
v 2.935041 -0.029425 1.275590
v 2.935041 -0.029425 0.382128
v 2.934958 -0.029425 0.198252
v 2.934669 -0.029425 0.041057
v 2.934119 -0.029425 -0.091518
v 2.933254 -0.029425 -0.201534
v 2.932016 -0.029425 -0.291050
v 2.930350 -0.029425 -0.362126
v 2.928200 -0.029425 -0.416821
v 2.925509 -0.029425 -0.457196
v 2.922224 -0.029425 -0.485311
v 2.918286 -0.029425 -0.503226
v 2.913641 -0.029425 -0.513000
v 2.908232 -0.029425 -0.516695
v 2.904181 -0.029425 -0.517066
v 2.900099 -0.029425 -0.517282
v 2.896029 -0.029425 -0.517337
v 2.892014 -0.029425 -0.517224
v 2.888099 -0.029425 -0.516938
v 2.884327 -0.029425 -0.516471
v 2.880742 -0.029425 -0.515818
v 2.877385 -0.029425 -0.514974
v 2.874301 -0.029425 -0.513930
v 2.871534 -0.029425 -0.512682
v 2.869127 -0.029425 -0.511223
v 2.867124 -0.029425 -0.509547
v 2.865376 -0.029425 -0.500041
v 2.863714 -0.029425 -0.475785
v 2.862152 -0.029425 -0.437819
v 2.860702 -0.029425 -0.387176
v 2.859376 -0.029425 -0.324893
v 2.858186 -0.029425 -0.252007
v 2.857146 -0.029425 -0.169553
v 2.856266 -0.029425 -0.078567
v 2.855561 -0.029425 0.019913
v 2.855042 -0.029425 0.124853
v 2.854721 -0.029425 0.235215
v 2.854612 -0.029425 0.349964
v 2.854612 -0.029425 0.366594
v 2.854612 -0.029425 0.412572
v 2.854612 -0.029425 0.482028
v 2.854612 -0.029425 0.569093
v 2.854612 -0.029425 0.667897
v 2.854612 -0.029425 0.772571
v 2.854612 -0.029425 0.877245
v 2.854612 -0.029425 0.976048
v 2.854612 -0.029425 1.063113
v 2.854612 -0.029425 1.132570
v 2.854612 -0.029425 1.178548
v 2.854612 -0.029425 1.195178
v 2.002070 -0.029425 1.198752
v 1.147740 -0.029425 1.204113
v 1.147740 -0.029425 2.142248
v 1.147761 -0.029425 2.355152
v 1.147906 -0.029425 2.533138
v 1.148299 -0.029425 2.679330
v 1.149065 -0.029425 2.796858
v 1.150327 -0.029425 2.888847
v 1.152209 -0.029425 2.958425
v 1.154837 -0.029425 3.008720
v 1.158333 -0.029425 3.042858
v 1.162822 -0.029425 3.063966
v 1.175275 -0.029425 3.079601
v 1.183486 -0.029425 3.080383
v 1.198570 -0.029425 3.075237
v 1.204235 -0.029425 3.064356
v 1.208839 -0.029425 3.043983
v 1.212524 -0.029425 3.011150
v 1.215433 -0.029425 2.962893
v 1.217710 -0.029425 2.896245
v 1.219496 -0.029425 2.808241
v 1.220934 -0.029425 2.695915
v 1.222168 -0.029425 2.556301
v 1.223341 -0.029425 2.386434
v 1.224594 -0.029425 2.183347
v 1.224665 -0.029425 2.165662
v 1.224859 -0.029425 2.116768
v 1.225152 -0.029425 2.042906
v 1.225521 -0.029425 1.950319
v 1.225938 -0.029425 1.845248
v 1.226381 -0.029425 1.733936
v 1.226823 -0.029425 1.622623
v 1.227241 -0.029425 1.517552
v 1.227609 -0.029425 1.424965
v 1.227903 -0.029425 1.351104
v 1.228097 -0.029425 1.302210
v 1.228169 -0.029425 1.284524
v 2.082498 -0.029425 1.280951
v 2.935041 -0.029425 1.275590
v 2.935041 -0.029425 0.382128
v 2.934958 -0.029425 0.198252
v 2.934669 -0.029425 0.041057
v 2.934119 -0.029425 -0.091518
v 2.933254 -0.029425 -0.201534
v 2.932016 -0.029425 -0.291050
v 2.930350 -0.029425 -0.362126
v 2.928200 -0.029425 -0.416821
v 2.925509 -0.029425 -0.457196
v 2.922224 -0.029425 -0.485311
v 2.918286 -0.029425 -0.503226
v 2.913641 -0.029425 -0.513000
v 2.908232 -0.029425 -0.516695
v 2.892014 -0.029425 -0.517224
v 2.880742 -0.029425 -0.515818
v 2.877385 -0.029425 -0.514974
v 2.869127 -0.029425 -0.511223
v 2.867124 -0.029425 -0.509547
v 2.865376 -0.029425 -0.500041
v 2.863714 -0.029425 -0.475785
v 2.862152 -0.029425 -0.437819
v 2.860702 -0.029425 -0.387176
v 2.859376 -0.029425 -0.324893
v 2.858186 -0.029425 -0.252007
v 2.857146 -0.029425 -0.169553
v 2.856266 -0.029425 -0.078567
v 2.855561 -0.029425 0.019913
v 2.855042 -0.029425 0.124853
v 2.854721 -0.029425 0.235215
v 2.854612 -0.029425 0.349964
v 2.854612 -0.029425 0.366594
v 2.854612 -0.029425 0.412572
v 2.854612 -0.029425 0.482028
v 2.854612 -0.029425 0.569093
v 2.854612 -0.029425 0.667897
v 2.854612 -0.029425 0.772571
v 2.854612 -0.029425 0.877245
v 2.854612 -0.029425 0.976048
v 2.854612 -0.029425 1.063113
v 2.854612 -0.029425 1.132570
v 2.854612 -0.029425 1.178548
v 2.854612 -0.029425 1.195178
v 2.002070 -0.029425 1.198752
v 1.147740 -0.029425 1.204113
v 1.147740 -0.029425 2.142248
v 1.147761 -0.029425 2.355152
v 1.147906 -0.029425 2.533138
v 1.148299 -0.029425 2.679330
v 1.149065 -0.029425 2.796858
v 1.150327 -0.029425 2.888847
v 1.152209 -0.029425 2.958425
v 1.154837 -0.029425 3.008720
v 1.158333 -0.029425 3.042858
v 1.162822 -0.029425 3.063966
v 1.175275 -0.029425 3.079601
v 1.183486 -0.029425 3.080383
v 1.198570 -0.029425 3.075237
v 1.204235 -0.029425 3.064356
v 1.208839 -0.029425 3.043983
v 1.212524 -0.029425 3.011150
v 1.215433 -0.029425 2.962893
v 1.217710 -0.029425 2.896245
v 1.219496 -0.029425 2.808241
v 1.220934 -0.029425 2.695915
v 1.222168 -0.029425 2.556301
v 1.223341 -0.029425 2.386434
v 1.224594 -0.029425 2.183347
v 1.224665 -0.029425 2.165662
v 1.224859 -0.029425 2.116768
v 1.225152 -0.029425 2.042906
v 1.225521 -0.029425 1.950319
v 1.225938 -0.029425 1.845248
v 1.226381 -0.029425 1.733936
v 1.226823 -0.029425 1.622623
v 1.227241 -0.029425 1.517552
v 1.227609 -0.029425 1.424965
v 1.227903 -0.029425 1.351104
v 1.228097 -0.029425 1.302210
v 1.228169 -0.029425 1.284524
v 2.082498 -0.029425 1.280951
v 2.935041 -0.029425 1.275590
v 2.935041 -0.029425 0.382128
v 2.934958 -0.029425 0.198252
v 2.934669 -0.029425 0.041057
v 2.934119 -0.029425 -0.091518
v 2.933254 -0.029425 -0.201534
v 2.932016 -0.029425 -0.291050
v 2.930350 -0.029425 -0.362126
v 2.928200 -0.029425 -0.416821
v 2.925509 -0.029425 -0.457196
v 2.922224 -0.029425 -0.485311
v 2.918286 -0.029425 -0.503226
v 2.913641 -0.029425 -0.513000
v 2.908232 -0.029425 -0.516695
v 2.892014 -0.029425 -0.517224
v 2.880742 -0.029425 -0.515818
v 2.877385 -0.029425 -0.514974
v 2.869127 -0.029425 -0.511223
v 2.867124 -0.029425 -0.509547
v 2.865376 -0.029425 -0.500041
v 2.863714 -0.029425 -0.475785
v 2.862152 -0.029425 -0.437819
v 2.860702 -0.029425 -0.387176
v 2.859376 -0.029425 -0.324893
v 2.858186 -0.029425 -0.252007
v 2.857146 -0.029425 -0.169553
v 2.856266 -0.029425 -0.078567
v 2.855561 -0.029425 0.019913
v 2.855042 -0.029425 0.124853
v 2.854721 -0.029425 0.235215
v 2.854612 -0.029425 0.349964
v 2.854612 -0.029425 0.366594
v 2.854612 -0.029425 0.412572
v 2.854612 -0.029425 0.482028
v 2.854612 -0.029425 0.569093
v 2.854612 -0.029425 0.667897
v 2.854612 -0.029425 0.772571
v 2.854612 -0.029425 0.877245
v 2.854612 -0.029425 0.976048
v 2.854612 -0.029425 1.063113
v 2.854612 -0.029425 1.132570
v 2.854612 -0.029425 1.178548
v 2.854612 -0.029425 1.195178
v 2.002070 -0.029425 1.198752
v 1.147740 -0.029425 1.204113
v 1.147740 -0.029425 2.142248
v 1.147761 -0.029425 2.355152
v 1.147906 -0.029425 2.533138
v 1.148299 -0.029425 2.679330
v 1.149065 -0.029425 2.796858
v 1.150327 -0.029425 2.888847
v 1.152209 -0.029425 2.958425
v 1.154837 -0.029425 3.008720
v 1.158333 -0.029425 3.042858
v 1.162822 -0.029425 3.063966
v 1.175275 -0.029425 3.079601
v 1.183486 -0.029425 3.080383
v 1.198570 -0.029425 3.075237
v 1.204235 -0.029425 3.064356
v 1.208839 -0.029425 3.043983
v 1.212524 -0.029425 3.011150
v 1.215433 -0.029425 2.962893
v 1.217710 -0.029425 2.896245
v 1.219496 -0.029425 2.808241
v 1.220934 -0.029425 2.695915
v 1.222168 -0.029425 2.556301
v 1.223341 -0.029425 2.386434
v 1.224594 -0.029425 2.183347
v 1.224665 -0.029425 2.165662
v 1.224859 -0.029425 2.116768
v 1.225152 -0.029425 2.042906
v 1.225521 -0.029425 1.950319
v 1.225938 -0.029425 1.845248
v 1.226381 -0.029425 1.733936
v 1.226823 -0.029425 1.622623
v 1.227241 -0.029425 1.517552
v 1.227609 -0.029425 1.424965
v 1.227903 -0.029425 1.351104
v 1.228097 -0.029425 1.302210
v 1.228169 -0.029425 1.284524
v 2.082498 -0.029425 1.280951
v 2.935041 -0.029425 1.275590
v 2.935041 -0.029425 0.382128
v 2.934958 -0.029425 0.198252
v 2.934669 -0.029425 0.041057
v 2.934119 -0.029425 -0.091518
v 2.933254 -0.029425 -0.201534
v 2.932016 -0.029425 -0.291050
v 2.930350 -0.029425 -0.362126
v 2.928200 -0.029425 -0.416821
v 2.925509 -0.029425 -0.457196
v 2.922224 -0.029425 -0.485311
v 2.918286 -0.029425 -0.503226
v 2.913641 -0.029425 -0.513000
v 2.908232 -0.029425 -0.516695
v 2.892014 -0.029425 -0.517224
v 2.880742 -0.029425 -0.515818
v 2.877385 -0.029425 -0.514974
v 2.869127 -0.029425 -0.511223
v 2.867124 -0.029425 -0.509547
v 2.865376 -0.029425 -0.500041
v 2.863714 -0.029425 -0.475785
v 2.862152 -0.029425 -0.437819
v 2.860702 -0.029425 -0.387176
v 2.859376 -0.029425 -0.324893
v 2.858186 -0.029425 -0.252007
v 2.857146 -0.029425 -0.169553
v 2.856266 -0.029425 -0.078567
v 2.855561 -0.029425 0.019913
v 2.855042 -0.029425 0.124853
v 2.854721 -0.029425 0.235215
v 2.854612 -0.029425 0.349964
v 2.854612 -0.029425 0.366594
v 2.854612 -0.029425 0.412572
v 2.854612 -0.029425 0.482028
v 2.854612 -0.029425 0.569093
v 2.854612 -0.029425 0.667897
v 2.854612 -0.029425 0.772571
v 2.854612 -0.029425 0.877245
v 2.854612 -0.029425 0.976048
v 2.854612 -0.029425 1.063113
v 2.854612 -0.029425 1.132570
v 2.854612 -0.029425 1.178548
v 2.854612 -0.029425 1.195178
v 2.002070 -0.029425 1.198752
v 1.147740 -0.029425 1.204113
v 1.147740 -0.029425 2.142248
v 1.147761 -0.029425 2.355152
v 1.147906 -0.029425 2.533138
v 1.148299 -0.029425 2.679330
v 1.149065 -0.029425 2.796858
v 1.150327 -0.029425 2.888847
v 1.152209 -0.029425 2.958425
v 1.154837 -0.029425 3.008720
v 1.158333 -0.029425 3.042858
v 1.162822 -0.029425 3.063966
v 1.175275 -0.029425 3.079601
v 1.183486 -0.029425 3.080383
v 1.198570 -0.029425 3.075237
v 1.204235 -0.029425 3.064356
v 1.208839 -0.029425 3.043983
v 1.212524 -0.029425 3.011150
v 1.215433 -0.029425 2.962893
v 1.217710 -0.029425 2.896245
v 1.219496 -0.029425 2.808241
v 1.220934 -0.029425 2.695915
v 1.222168 -0.029425 2.556301
v 1.223341 -0.029425 2.386434
v 1.224594 -0.029425 2.183347
v 1.224665 -0.029425 2.165662
v 1.224859 -0.029425 2.116768
v 1.225152 -0.029425 2.042906
v 1.225521 -0.029425 1.950319
v 1.225938 -0.029425 1.845248
v 1.226381 -0.029425 1.733936
v 1.226823 -0.029425 1.622623
v 1.227241 -0.029425 1.517552
v 1.227609 -0.029425 1.424965
v 1.227903 -0.029425 1.351104
v 1.228097 -0.029425 1.302210
v 1.228169 -0.029425 1.284524
v 2.082498 -0.029425 1.280951
v 2.935041 -0.029425 1.275590
v 2.935041 -0.029425 0.382128
v 2.934958 -0.029425 0.198252
v 2.934669 -0.029425 0.041057
v 2.934119 -0.029425 -0.091518
v 2.933254 -0.029425 -0.201534
v 2.932016 -0.029425 -0.291050
v 2.930350 -0.029425 -0.362126
v 2.928200 -0.029425 -0.416821
v 2.925509 -0.029425 -0.457196
v 2.922224 -0.029425 -0.485311
v 2.918286 -0.029425 -0.503226
v 2.913641 -0.029425 -0.513000
v 2.908232 -0.029425 -0.516695
v 2.892014 -0.029425 -0.517224
v 2.880742 -0.029425 -0.515818
v 2.877385 -0.029425 -0.514974
v 2.869127 -0.029425 -0.511223
v 2.867124 -0.029425 -0.509547
v 2.865376 -0.029425 -0.500041
v 2.863714 -0.029425 -0.475785
v 2.862152 -0.029425 -0.437819
v 2.860702 -0.029425 -0.387176
v 2.859376 -0.029425 -0.324893
v 2.858186 -0.029425 -0.252007
v 2.857146 -0.029425 -0.169553
v 2.856266 -0.029425 -0.078567
v 2.855561 -0.029425 0.019913
v 2.855042 -0.029425 0.124853
v 2.854721 -0.029425 0.235215
v 2.854612 -0.029425 0.349964
v 2.854612 -0.029425 0.366594
v 2.854612 -0.029425 0.412572
v 2.854612 -0.029425 0.482028
v 2.854612 -0.029425 0.569093
v 2.854612 -0.029425 0.667897
v 2.854612 -0.029425 0.772571
v 2.854612 -0.029425 0.877245
v 2.854612 -0.029425 0.976048
v 2.854612 -0.029425 1.063113
v 2.854612 -0.029425 1.132570
v 2.854612 -0.029425 1.178548
v 2.854612 -0.029425 1.195178
v 2.002070 -0.029425 1.198752
v 1.147740 -0.029425 1.204113
v 1.147740 -0.029425 2.142248
v 1.147761 -0.029425 2.355152
v 1.147906 -0.029425 2.533138
v 1.148299 -0.029425 2.679330
v 1.149065 -0.029425 2.796858
v 1.150327 -0.029425 2.888847
v 1.152209 -0.029425 2.958425
v 1.154837 -0.029425 3.008720
v 1.158333 -0.029425 3.042858
v 1.162822 -0.029425 3.063966
v 1.175275 -0.029425 3.079601
v 1.183486 -0.029425 3.080383
v 1.198570 -0.029425 3.075237
v 1.204235 -0.029425 3.064356
v 1.208839 -0.029425 3.043983
v 1.212524 -0.029425 3.011150
v 1.215433 -0.029425 2.962893
v 1.217710 -0.029425 2.896245
v 1.219496 -0.029425 2.808241
v 1.220934 -0.029425 2.695915
v 1.222168 -0.029425 2.556301
v 1.223341 -0.029425 2.386434
v 1.224594 -0.029425 2.183347
v 1.224665 -0.029425 2.165662
v 1.224859 -0.029425 2.116768
v 1.225152 -0.029425 2.042906
v 1.225521 -0.029425 1.950319
v 1.225938 -0.029425 1.845248
v 1.226381 -0.029425 1.733936
v 1.226823 -0.029425 1.622623
v 1.227241 -0.029425 1.517552
v 1.227609 -0.029425 1.424965
v 1.227903 -0.029425 1.351104
v 1.228097 -0.029425 1.302210
v 1.228169 -0.029425 1.284524
v 2.082498 -0.029425 1.280951
v 2.935041 -0.029425 1.275590
v 2.935041 -0.029425 0.382128
v 2.934958 -0.029425 0.198252
v 2.934669 -0.029425 0.041057
v 2.934119 -0.029425 -0.091518
v 2.933254 -0.029425 -0.201534
v 2.932016 -0.029425 -0.291050
v 2.930350 -0.029425 -0.362126
v 2.928200 -0.029425 -0.416821
v 2.925509 -0.029425 -0.457196
v 2.922224 -0.029425 -0.485311
v 2.918286 -0.029425 -0.503226
v 2.913641 -0.029425 -0.513000
v 2.908232 -0.029425 -0.516695
v 2.892014 -0.029425 -0.517224
v 2.880742 -0.029425 -0.515818
v 2.877385 -0.029425 -0.514974
v 2.869127 -0.029425 -0.511223
v 2.867124 -0.029425 -0.509547
v 2.865376 -0.029425 -0.500041
v 2.863714 -0.029425 -0.475785
v 2.862152 -0.029425 -0.437819
v 2.860702 -0.029425 -0.387176
v 2.859376 -0.029425 -0.324893
v 2.858186 -0.029425 -0.252007
v 2.857146 -0.029425 -0.169553
v 2.856266 -0.029425 -0.078567
v 2.855561 -0.029425 0.019913
v 2.855042 -0.029425 0.124853
v 2.854721 -0.029425 0.235215
v 2.854612 -0.029425 0.349964
v 2.854612 -0.029425 0.366594
v 2.854612 -0.029425 0.412572
v 2.854612 -0.029425 0.482028
v 2.854612 -0.029425 0.569093
v 2.854612 -0.029425 0.667897
v 2.854612 -0.029425 0.772571
v 2.854612 -0.029425 0.877245
v 2.854612 -0.029425 0.976048
v 2.854612 -0.029425 1.063113
v 2.854612 -0.029425 1.132570
v 2.854612 -0.029425 1.178548
v 2.854612 -0.029425 1.195178
v 2.002070 -0.029425 1.198752
v 1.147740 -0.029425 1.204113
v 1.147740 -0.029425 2.142248
v 1.147761 -0.029425 2.355152
v 1.147906 -0.029425 2.533138
v 1.148299 -0.029425 2.679330
v 1.149065 -0.029425 2.796858
v 1.150327 -0.029425 2.888847
v 1.152209 -0.029425 2.958425
v 1.154837 -0.029425 3.008720
v 1.158333 -0.029425 3.042858
v 1.162822 -0.029425 3.063966
v 1.175275 -0.029425 3.079601
v 1.183486 -0.029425 3.080383
v 1.198570 -0.029425 3.075237
v 1.204235 -0.029425 3.064356
v 1.208839 -0.029425 3.043983
v 1.212524 -0.029425 3.011150
v 1.215433 -0.029425 2.962893
v 1.217710 -0.029425 2.896245
v 1.219496 -0.029425 2.808241
v 1.220934 -0.029425 2.695915
v 1.222168 -0.029425 2.556301
v 1.223341 -0.029425 2.386434
v 1.224594 -0.029425 2.183347
v 1.224665 -0.029425 2.165662
v 1.224859 -0.029425 2.116768
v 1.225152 -0.029425 2.042906
v 1.225521 -0.029425 1.950319
v 1.225938 -0.029425 1.845248
v 1.226381 -0.029425 1.733936
v 1.226823 -0.029425 1.622623
v 1.227241 -0.029425 1.517552
v 1.227609 -0.029425 1.424965
v 1.227903 -0.029425 1.351104
v 1.228097 -0.029425 1.302210
v 1.228169 -0.029425 1.284524
v 2.082498 -0.029425 1.280951
v 2.935041 -0.029425 1.275590
v 2.935041 -0.029425 0.382128
v 2.934958 -0.029425 0.198252
v 2.934669 -0.029425 0.041057
v 2.934119 -0.029425 -0.091518
v 2.933254 -0.029425 -0.201534
v 2.932016 -0.029425 -0.291050
v 2.930350 -0.029425 -0.362126
v 2.928200 -0.029425 -0.416821
v 2.925509 -0.029425 -0.457196
v 2.922224 -0.029425 -0.485311
v 2.918286 -0.029425 -0.503226
v 2.913641 -0.029425 -0.513000
v 2.908232 -0.029425 -0.516695
v 2.892014 -0.029425 -0.517224
v 2.880742 -0.029425 -0.515818
v 2.877385 -0.029425 -0.514974
v 2.869127 -0.029425 -0.511223
v 2.867124 -0.029425 -0.509547
v 2.865376 -0.029425 -0.500041
v 2.863714 -0.029425 -0.475785
v 2.862152 -0.029425 -0.437819
v 2.860702 -0.029425 -0.387176
v 2.859376 -0.029425 -0.324893
v 2.858186 -0.029425 -0.252007
v 2.857146 -0.029425 -0.169553
v 2.856266 -0.029425 -0.078567
v 2.855561 -0.029425 0.019913
v 2.855042 -0.029425 0.124853
v 2.854721 -0.029425 0.235215
v 2.854612 -0.029425 0.349964
v 2.854612 -0.029425 0.366594
v 2.854612 -0.029425 0.412572
v 2.854612 -0.029425 0.482028
v 2.854612 -0.029425 0.569093
v 2.854612 -0.029425 0.667897
v 2.854612 -0.029425 0.772571
v 2.854612 -0.029425 0.877245
v 2.854612 -0.029425 0.976048
v 2.854612 -0.029425 1.063113
v 2.854612 -0.029425 1.132570
v 2.854612 -0.029425 1.178548
v 2.854612 -0.029425 1.195178
v 2.002070 -0.029425 1.198752
v 1.147740 -0.029425 1.204113
v 1.147740 -0.029425 2.142248
v 1.147761 -0.029425 2.355152
v 1.147906 -0.029425 2.533138
v 1.148299 -0.029425 2.679330
v 1.149065 -0.029425 2.796858
v 1.150327 -0.029425 2.888847
v 1.152209 -0.029425 2.958425
v 1.154837 -0.029425 3.008720
v 1.158333 -0.029425 3.042858
v 1.162822 -0.029425 3.063966
v 1.175275 -0.029425 3.079601
v 1.183486 -0.029425 3.080383
v 1.198570 -0.029425 3.075237
v 1.204235 -0.029425 3.064356
v 1.208839 -0.029425 3.043983
v 1.212524 -0.029425 3.011150
v 1.215433 -0.029425 2.962893
v 1.217710 -0.029425 2.896245
v 1.219496 -0.029425 2.808241
v 1.220934 -0.029425 2.695915
v 1.222168 -0.029425 2.556301
v 1.223341 -0.029425 2.386434
v 1.224594 -0.029425 2.183347
v 1.224665 -0.029425 2.165662
v 1.224859 -0.029425 2.116768
v 1.225152 -0.029425 2.042906
v 1.225521 -0.029425 1.950319
v 1.225938 -0.029425 1.845248
v 1.226381 -0.029425 1.733936
v 1.226823 -0.029425 1.622623
v 1.227241 -0.029425 1.517552
v 1.227609 -0.029425 1.424965
v 1.227903 -0.029425 1.351104
v 1.228097 -0.029425 1.302210
v 1.228169 -0.029425 1.284524
v 2.082498 -0.029425 1.280951
v 2.935041 -0.029425 1.275590
v 2.935041 -0.029425 0.382128
v 2.934958 -0.029425 0.198252
v 2.934669 -0.029425 0.041057
v 2.934119 -0.029425 -0.091518
v 2.933254 -0.029425 -0.201534
v 2.932016 -0.029425 -0.291050
v 2.930350 -0.029425 -0.362126
v 2.928200 -0.029425 -0.416821
v 2.925509 -0.029425 -0.457196
v 2.922224 -0.029425 -0.485311
v 2.918286 -0.029425 -0.503226
v 2.913641 -0.029425 -0.513000
v 2.908232 -0.029425 -0.516695
v 2.892014 -0.029425 -0.517224
v 2.880742 -0.029425 -0.515818
v 2.877385 -0.029425 -0.514974
v 2.869127 -0.029425 -0.511223
v 2.867124 -0.029425 -0.509547
v 2.865376 -0.029425 -0.500041
v 2.863714 -0.029425 -0.475785
v 2.862152 -0.029425 -0.437819
v 2.860702 -0.029425 -0.387176
v 2.859376 -0.029425 -0.324893
v 2.858186 -0.029425 -0.252007
v 2.857146 -0.029425 -0.169553
v 2.856266 -0.029425 -0.078567
v 2.855561 -0.029425 0.019913
v 2.855042 -0.029425 0.124853
v 2.854721 -0.029425 0.235215
v 2.854612 -0.029425 0.349964
v 2.854612 -0.029425 0.366594
v 2.854612 -0.029425 0.412572
v 2.854612 -0.029425 0.482028
v 2.854612 -0.029425 0.569093
v 2.854612 -0.029425 0.667897
v 2.854612 -0.029425 0.772571
v 2.854612 -0.029425 0.877245
v 2.854612 -0.029425 0.976048
v 2.854612 -0.029425 1.063113
v 2.854612 -0.029425 1.132570
v 2.854612 -0.029425 1.178548
v 2.854612 -0.029425 1.195178
v 2.002070 -0.029425 1.198752
v 1.147740 -0.029425 1.204113
v 1.147740 -0.029425 2.142248
v 1.147761 -0.029425 2.355152
v 1.147906 -0.029425 2.533138
v 1.148299 -0.029425 2.679330
v 1.149065 -0.029425 2.796858
v 1.150327 -0.029425 2.888847
v 1.152209 -0.029425 2.958425
v 1.154837 -0.029425 3.008720
v 1.158333 -0.029425 3.042858
v 1.162822 -0.029425 3.063966
v 1.175275 -0.029425 3.079601
v 1.183486 -0.029425 3.080383
v 1.198570 -0.029425 3.075237
v 1.204235 -0.029425 3.064356
v 1.208839 -0.029425 3.043983
v 1.212524 -0.029425 3.011150
v 1.215433 -0.029425 2.962893
v 1.217710 -0.029425 2.896245
v 1.219496 -0.029425 2.808241
v 1.220934 -0.029425 2.695915
v 1.222168 -0.029425 2.556301
v 1.223341 -0.029425 2.386434
v 1.224594 -0.029425 2.183347
v 1.224665 -0.029425 2.165662
v 1.224859 -0.029425 2.116768
v 1.225152 -0.029425 2.042906
v 1.225521 -0.029425 1.950319
v 1.225938 -0.029425 1.845248
v 1.226381 -0.029425 1.733936
v 1.226823 -0.029425 1.622623
v 1.227241 -0.029425 1.517552
v 1.227609 -0.029425 1.424965
v 1.227903 -0.029425 1.351104
v 1.228097 -0.029425 1.302210
v 1.228169 -0.029425 1.284524
v 2.082498 -0.029425 1.280951
v 2.935041 -0.029425 1.275590
v 2.935041 -0.029425 0.382128
v 2.934958 -0.029425 0.198252
v 2.934669 -0.029425 0.041057
v 2.934119 -0.029425 -0.091518
v 2.933254 -0.029425 -0.201534
v 2.932016 -0.029425 -0.291050
v 2.930350 -0.029425 -0.362126
v 2.928200 -0.029425 -0.416821
v 2.925509 -0.029425 -0.457196
v 2.922224 -0.029425 -0.485311
v 2.918286 -0.029425 -0.503226
v 2.913641 -0.029425 -0.513000
v 2.908232 -0.029425 -0.516695
v 2.892014 -0.029425 -0.517224
v 2.880742 -0.029425 -0.515818
v 2.877385 -0.029425 -0.514974
v 2.869127 -0.029425 -0.511223
v 2.867124 -0.029425 -0.509547
v 2.865376 -0.029425 -0.500041
v 2.863714 -0.029425 -0.475785
v 2.862152 -0.029425 -0.437819
v 2.860702 -0.029425 -0.387176
v 2.859376 -0.029425 -0.324893
v 2.858186 -0.029425 -0.252007
v 2.857146 -0.029425 -0.169553
v 2.856266 -0.029425 -0.078567
v 2.855561 -0.029425 0.019913
v 2.855042 -0.029425 0.124853
v 2.854721 -0.029425 0.235215
v 2.854612 -0.029425 0.349964
v 2.854612 -0.029425 0.366594
v 2.854612 -0.029425 0.412572
v 2.854612 -0.029425 0.482028
v 2.854612 -0.029425 0.569093
v 2.854612 -0.029425 0.667897
v 2.854612 -0.029425 0.772571
v 2.854612 -0.029425 0.877245
v 2.854612 -0.029425 0.976048
v 2.854612 -0.029425 1.063113
v 2.854612 -0.029425 1.132570
v 2.854612 -0.029425 1.178548
v 2.854612 -0.029425 1.195178
v 2.002070 -0.029425 1.198752
v 1.147740 -0.029425 1.204113
v 1.147740 -0.029425 2.142248
v 1.147761 -0.029425 2.355152
v 1.147906 -0.029425 2.533138
v 1.148299 -0.029425 2.679330
v 1.149065 -0.029425 2.796858
v 1.150327 -0.029425 2.888847
v 1.152209 -0.029425 2.958425
v 1.154837 -0.029425 3.008720
v 1.158333 -0.029425 3.042858
v 1.162822 -0.029425 3.063966
v 1.175275 -0.029425 3.079601
v 1.183486 -0.029425 3.080383
v 1.198570 -0.029425 3.075237
v 1.204235 -0.029425 3.064356
v 1.208839 -0.029425 3.043983
v 1.212524 -0.029425 3.011150
v 1.215433 -0.029425 2.962893
v 1.217710 -0.029425 2.896245
v 1.219496 -0.029425 2.808241
v 1.220934 -0.029425 2.695915
v 1.222168 -0.029425 2.556301
v 1.223341 -0.029425 2.386434
v 1.224594 -0.029425 2.183347
v 1.224665 -0.029425 2.165662
v 1.224859 -0.029425 2.116768
v 1.225152 -0.029425 2.042906
v 1.225521 -0.029425 1.950319
v 1.225938 -0.029425 1.845248
v 1.226381 -0.029425 1.733936
v 1.226823 -0.029425 1.622623
v 1.227241 -0.029425 1.517552
v 1.227609 -0.029425 1.424965
v 1.227903 -0.029425 1.351104
v 1.228097 -0.029425 1.302210
v 1.228169 -0.029425 1.284524
v 2.082498 -0.029425 1.280951
v 2.935041 -0.029425 1.275590
v 2.935041 -0.029425 0.382128
v 2.934958 -0.029425 0.198252
v 2.934669 -0.029425 0.041057
v 2.934119 -0.029425 -0.091518
v 2.933254 -0.029425 -0.201534
v 2.932016 -0.029425 -0.291050
v 2.930350 -0.029425 -0.362126
v 2.928200 -0.029425 -0.416821
v 2.925509 -0.029425 -0.457196
v 2.922224 -0.029425 -0.485311
v 2.918286 -0.029425 -0.503226
v 2.913641 -0.029425 -0.513000
v 2.908232 -0.029425 -0.516695
v 2.892014 -0.029425 -0.517224
v 2.880742 -0.029425 -0.515818
v 2.877385 -0.029425 -0.514974
v 2.869127 -0.029425 -0.511223
v 2.867124 -0.029425 -0.509547
v 2.865376 -0.029425 -0.500041
v 2.863714 -0.029425 -0.475785
v 2.862152 -0.029425 -0.437819
v 2.860702 -0.029425 -0.387176
v 2.859376 -0.029425 -0.324893
v 2.858186 -0.029425 -0.252007
v 2.857146 -0.029425 -0.169553
v 2.856266 -0.029425 -0.078567
v 2.855561 -0.029425 0.019913
v 2.855042 -0.029425 0.124853
v 2.854721 -0.029425 0.235215
v 2.854612 -0.029425 0.349964
v 2.854612 -0.029425 0.366594
v 2.854612 -0.029425 0.412572
v 2.854612 -0.029425 0.482028
v 2.854612 -0.029425 0.569093
v 2.854612 -0.029425 0.667897
v 2.854612 -0.029425 0.772571
v 2.854612 -0.029425 0.877245
v 2.854612 -0.029425 0.976048
v 2.854612 -0.029425 1.063113
v 2.854612 -0.029425 1.132570
v 2.854612 -0.029425 1.178548
v 2.854612 -0.029425 1.195178
v 2.002070 -0.029425 1.198752
v 1.147740 -0.029425 1.204113
v 1.147740 -0.029425 2.142248
v 1.147761 -0.029425 2.355152
v 1.147906 -0.029425 2.533138
v 1.148299 -0.029425 2.679330
v 1.149065 -0.029425 2.796858
v 1.150327 -0.029425 2.888847
v 1.152209 -0.029425 2.958425
v 1.154837 -0.029425 3.008720
v 1.158333 -0.029425 3.042858
v 1.162822 -0.029425 3.063966
v 1.175275 -0.029425 3.079601
v 1.183486 -0.029425 3.080383
v 1.198570 -0.029425 3.075237
v 1.204235 -0.029425 3.064356
v 1.208839 -0.029425 3.043983
v 1.212524 -0.029425 3.011150
v 1.215433 -0.029425 2.962893
v 1.217710 -0.029425 2.896245
v 1.219496 -0.029425 2.808241
v 1.220934 -0.029425 2.695915
v 1.222168 -0.029425 2.556301
v 1.223341 -0.029425 2.386434
v 1.224594 -0.029425 2.183347
v 1.224665 -0.029425 2.165662
v 1.224859 -0.029425 2.116768
v 1.225152 -0.029425 2.042906
v 1.225521 -0.029425 1.950319
v 1.225938 -0.029425 1.845248
v 1.226381 -0.029425 1.733936
v 1.226823 -0.029425 1.622623
v 1.227241 -0.029425 1.517552
v 1.227609 -0.029425 1.424965
v 1.227903 -0.029425 1.351104
v 1.228097 -0.029425 1.302210
v 1.228169 -0.029425 1.284524
v 2.082498 -0.029425 1.280951
v 2.935041 -0.029425 1.275590
v 2.935041 -0.029425 0.382128
v 2.934958 -0.029425 0.198252
v 2.934669 -0.029425 0.041057
v 2.934119 -0.029425 -0.091518
v 2.933254 -0.029425 -0.201534
v 2.932016 -0.029425 -0.291050
v 2.930350 -0.029425 -0.362126
v 2.928200 -0.029425 -0.416821
v 2.925509 -0.029425 -0.457196
v 2.922224 -0.029425 -0.485311
v 2.918286 -0.029425 -0.503226
v 2.913641 -0.029425 -0.513000
v 2.908232 -0.029425 -0.516695
v 2.892014 -0.029425 -0.517224
v 2.880742 -0.029425 -0.515818
v 2.877385 -0.029425 -0.514974
v 2.869127 -0.029425 -0.511223
v 2.867124 0.759334 -0.509547
v 2.865376 0.759334 -0.500041
v 2.863714 0.759334 -0.475785
v 2.862152 0.759334 -0.437819
v 2.860702 0.759334 -0.387176
v 2.859376 0.759334 -0.324893
v 2.858186 0.759334 -0.252007
v 2.857146 0.759334 -0.169553
v 2.856266 0.759334 -0.078567
v 2.855561 0.759334 0.019913
v 2.855042 0.759334 0.124853
v 2.854721 0.759334 0.235215
v 2.854612 0.759334 0.349964
v 2.854612 0.759334 0.366594
v 2.854612 0.759334 0.412572
v 2.854612 0.759334 0.482028
v 2.854612 0.759334 0.569093
v 2.854612 0.759334 0.667897
v 2.854612 0.759334 0.772571
v 2.854612 0.759334 0.877245
v 2.854612 0.759334 0.976048
v 2.854612 0.759334 1.063113
v 2.854612 0.759334 1.132570
v 2.854612 0.759334 1.178548
v 2.854612 0.759334 1.195178
v 2.002070 0.759334 1.198752
v 1.147740 0.759334 1.204113
v 1.147740 0.759334 2.142248
v 1.147761 0.759334 2.355152
v 1.147906 0.759334 2.533138
v 1.148299 0.759334 2.679330
v 1.149065 0.759334 2.796858
v 1.150327 0.759334 2.888847
v 1.152209 0.759334 2.958425
v 1.154837 0.759334 3.008720
v 1.158333 0.759334 3.042858
v 1.162822 0.759334 3.063966
v 1.175275 0.759334 3.079601
v 1.183486 0.759334 3.080383
v 1.198570 0.759334 3.075237
v 1.204235 0.759334 3.064356
v 1.208839 0.759334 3.043983
v 1.212524 0.759334 3.011150
v 1.215433 0.759334 2.962893
v 1.217710 0.759334 2.896245
v 1.219496 0.759334 2.808241
v 1.220934 0.759334 2.695915
v 1.222168 0.759334 2.556301
v 1.223341 0.759334 2.386434
v 1.224594 0.759334 2.183347
v 1.224665 0.759334 2.165662
v 1.224859 0.759334 2.116768
v 1.225152 0.759334 2.042906
v 1.225521 0.759334 1.950319
v 1.225938 0.759334 1.845248
v 1.226381 0.759334 1.733936
v 1.226823 0.759334 1.622623
v 1.227241 0.759334 1.517552
v 1.227609 0.759334 1.424965
v 1.227903 0.759334 1.351104
v 1.228097 0.759334 1.302210
v 1.228169 0.759334 1.284524
v 2.082498 0.759334 1.280951
v 2.935041 0.759334 1.275590
v 2.935041 0.759334 0.382128
v 2.934958 0.759334 0.198252
v 2.934669 0.759334 0.041057
v 2.934119 0.759334 -0.091518
v 2.933254 0.759334 -0.201534
v 2.932016 0.759334 -0.291050
v 2.930350 0.759334 -0.362126
v 2.928200 0.759334 -0.416821
v 2.925509 0.759334 -0.457196
v 2.922224 0.759334 -0.485311
v 2.918286 0.759334 -0.503226
v 2.913641 0.759334 -0.513000
v 2.908232 0.759334 -0.516695
v 2.892014 0.759334 -0.517224
v 2.880742 0.759334 -0.515818
v 2.877385 0.759334 -0.514974
v 2.869127 0.759334 -0.511223
vt 0.921348 0.000000
vt 0.898876 0.000000
vt 0.910112 0.000000
vt 0.887640 0.000000
vt 0.932584 0.000000
vt 0.876405 0.000000
vt 0.943820 0.000000
vt 0.865169 0.000000
vt 0.955056 0.000000
vt 0.000000 0.000000
vt 0.000000 0.000000
vt 0.000000 0.000000
vt 0.000000 0.000000
vt 0.977528 0.000000
vt 0.966292 0.000000
vt 0.988764 0.000000
vt 0.853933 0.000000
vt 1.000000 0.000000
vt 0.000000 0.000000
vt 0.000000 0.000000
vt 0.000000 0.000000
vt 0.000000 0.000000
vt 0.000000 0.000000
vt 0.000000 0.000000
vt 0.000000 0.000000
vt 0.000000 0.000000
vt 0.000000 0.000000
vt 0.000000 0.000000
vt 0.000000 0.000000
vt 0.000000 0.000000
vt 0.426966 0.000000
vt 0.460674 0.000000
vt 0.460674 0.000000
vt 0.426966 0.000000
vt 0.000000 0.000000
vt 0.000000 0.000000
vt 0.000000 0.000000
vt 0.000000 0.000000
vt 0.955056 0.000000
vt 0.865169 0.000000
vt 0.000000 0.000000
vt 0.000000 0.000000
vt 0.000000 0.000000
vt 0.000000 0.000000
vt 0.000000 0.000000
vt 0.000000 0.000000
vt 0.471910 0.000000
vt 0.471910 0.000000
vt 0.000000 0.000000
vt 0.000000 0.000000
vt 0.000000 0.000000
vt 0.000000 0.000000
vt 0.000000 0.000000
vt 0.000000 0.000000
vt 0.876405 0.000000
vt 0.000000 0.000000
vt 0.000000 0.000000
vt 0.000000 0.000000
vt 0.000000 0.000000
vt 0.000000 0.000000
vt 0.000000 0.000000
vt 0.000000 0.000000
vt 0.000000 0.000000
vt 0.000000 0.000000
vt 0.000000 0.000000
vt 0.000000 0.000000
vt 0.000000 0.000000
vt 0.000000 0.000000
vt 0.000000 0.000000
vt 0.000000 0.000000
vt 0.000000 0.000000
vt 0.000000 0.000000
vt 0.000000 0.000000
vt 0.000000 0.000000
vt 0.000000 0.000000
vt 0.000000 0.000000
vt 0.000000 0.000000
vt 0.000000 0.000000
vt 0.000000 0.000000
vt 0.000000 0.000000
vt 0.000000 0.000000
vt 0.000000 0.000000
vt 0.000000 0.000000
vt 0.000000 0.000000
vt 0.000000 0.000000
vt 0.000000 0.000000
vt 0.000000 0.000000
vt 0.404494 0.000000
vt 0.404494 0.000000
vt 0.000000 0.000000
vt 0.000000 0.000000
vt 0.000000 0.000000
vt 0.000000 0.000000
vt 0.000000 0.000000
vt 0.000000 0.000000
vt 0.000000 0.000000
vt 0.000000 0.000000
vt 0.000000 0.000000
vt 0.000000 0.000000
vt 0.000000 0.000000
vt 0.000000 0.000000
vt 0.000000 0.000000
vt 0.000000 0.000000
vt 0.000000 0.000000
vt 0.000000 0.000000
vt 0.000000 0.000000
vt 0.000000 0.000000
vt 0.000000 0.000000
vt 0.000000 0.000000
vt 0.000000 0.000000
vt 0.000000 0.000000
vt 0.000000 0.000000
vt 0.000000 0.000000
vt 0.000000 0.000000
vt 0.000000 0.000000
vt 0.000000 0.000000
vt 0.000000 0.000000
vt 0.000000 0.000000
vt 0.000000 0.000000
vt 0.000000 0.000000
vt 0.000000 0.000000
vt 0.000000 0.000000
vt 0.000000 0.000000
vt 0.000000 0.000000
vt 0.000000 0.000000
vt 0.000000 0.000000
vt 0.000000 0.000000
vt 0.000000 0.000000
vt 0.000000 0.000000
vt 0.000000 0.000000
vt 0.000000 0.000000
vt 0.000000 0.000000
vt 0.000000 0.000000
vt 0.000000 0.000000
vt 0.000000 0.000000
vt 0.000000 0.000000
vt 0.000000 0.000000
vt 0.000000 0.000000
vt 0.000000 0.000000
vt 0.000000 0.000000
vt 0.000000 0.000000
vt 0.000000 0.000000
vt 0.000000 0.000000
vt 0.000000 0.000000
vt 0.000000 0.000000
vt 0.000000 0.000000
vt 0.000000 0.000000
vt 1.000000 0.000000
vt 0.853933 0.000000
vt 0.000000 0.000000
vt 0.000000 0.000000
vt 0.000000 0.000000
vt 0.000000 0.000000
vt 0.000000 0.000000
vt 0.000000 0.000000
vt 0.000000 0.000000
vt 0.000000 0.000000
vt 0.000000 0.000000
vt 0.000000 0.000000
vt 0.000000 0.000000
vt 0.000000 0.000000
vt 0.000000 0.000000
vt 0.000000 0.000000
vt 0.000000 0.000000
vt 0.000000 0.000000
vt 0.000000 0.000000
vt 0.000000 0.000000
vt 0.000000 0.000000
vt 0.000000 0.000000
vt 0.000000 0.000000
vt 0.000000 0.000000
vt 0.000000 0.000000
vt 0.000000 0.000000
vt 0.000000 0.000000
vt 0.000000 0.000000
vt 0.415730 0.000000
vt 0.449438 0.000000
vt 0.438202 0.000000
vt 0.000000 0.000000
vt 0.000000 0.000000
vt 0.000000 0.000000
vt 0.000000 0.000000
vt 0.000000 0.000000
vt 0.000000 0.000000
vt 0.000000 0.000000
vt 0.000000 0.000000
vt 0.000000 0.000000
vt 0.000000 0.000000
vt 0.000000 0.000000
vt 0.000000 0.000000
vt 0.000000 0.000000
vt 0.438202 0.000000
vt 0.426966 0.000000
vt 0.438202 0.000000
vt 0.000000 0.000000
vt 0.000000 0.000000
vt 0.000000 0.000000
vt 0.000000 0.000000
vt 0.000000 0.000000
vt 0.460674 0.000000
vt 0.000000 0.000000
vt 0.471910 0.000000
vt 0.000000 0.000000
vt 0.000000 0.000000
vt 0.000000 0.000000
vt 0.000000 0.000000
vt 0.000000 0.000000
vt 0.000000 0.000000
vt 0.000000 0.000000
vt 0.000000 0.000000
vt 0.404494 0.000000
vt 0.000000 0.000000
vt 0.000000 0.000000
vt 0.000000 0.000000
vt 0.000000 0.000000
vt 0.000000 0.000000
vt 0.000000 0.000000
vt 0.000000 0.000000
vt 0.000000 0.000000
vt 0.000000 0.000000
vt 0.000000 0.000000
vt 0.000000 0.000000
vt 0.000000 0.000000
vt 0.000000 0.000000
vt 0.000000 0.000000
vt 0.000000 0.000000
vt 0.000000 0.000000
vt 0.000000 0.000000
vt 0.000000 0.000000
vt 0.000000 0.000000
vt 0.000000 0.000000
vt 0.000000 0.000000
vt 0.000000 0.000000
vt 0.000000 0.000000
vt 0.000000 0.000000
vt 0.000000 0.000000
vt 0.000000 0.000000
vt 0.000000 0.000000
vt 0.000000 0.000000
vt 0.000000 0.000000
vt 1.000000 0.000000
vt 0.853933 0.000000
vt 0.000000 0.000000
vt 0.000000 0.000000
vt 0.000000 0.000000
vt 0.000000 0.000000
vt 0.865169 0.000000
vt 0.000000 0.000000
vt 0.000000 0.000000
vt 0.966292 0.000000
vt 0.966292 0.000000
vt 0.000000 0.000000
vt 0.000000 0.000000
vt 0.000000 0.000000
vt 0.000000 0.000000
vt 0.000000 0.000000
vt 0.000000 0.000000
vt 0.955056 0.000000
vt 0.000000 0.000000
vt 0.000000 0.000000
vt 0.000000 0.000000
vt 0.876405 0.000000
vt 0.000000 0.000000
vt 0.000000 0.000000
vt 0.000000 0.000000
vt 0.000000 0.000000
vt 0.000000 0.000000
vt 0.460674 0.000000
vt 0.426966 0.000000
vt 0.000000 0.000000
vt 0.000000 0.000000
vt 0.471910 0.000000
vt 0.000000 0.000000
vt 0.000000 0.000000
vt 0.000000 0.000000
vt 0.000000 0.000000
vt 0.000000 0.000000
vt 0.000000 0.000000
vt 0.000000 0.000000
vt 0.000000 0.000000
vt 0.000000 0.000000
vt 0.000000 0.000000
vt 0.000000 0.000000
vt 0.000000 0.000000
vt 0.000000 0.000000
vt 0.404494 0.000000
vt 0.000000 0.000000
vt 0.000000 0.000000
vt 0.000000 0.000000
vt 0.000000 0.000000
vt 0.000000 0.000000
vt 0.000000 0.000000
vt 0.000000 0.000000
vt 0.000000 0.000000
vt 0.000000 0.000000
vt 0.000000 0.000000
vt 0.000000 0.000000
vt 0.000000 0.000000
vt 0.000000 0.000000
vt 0.000000 0.000000
vt 0.000000 0.000000
vt 0.000000 0.000000
vt 0.000000 0.000000
vt 0.000000 0.000000
vt 0.000000 0.000000
vt 0.000000 0.000000
vt 0.000000 0.000000
vt 0.000000 0.000000
vt 0.000000 0.000000
vt 0.000000 0.000000
vt 0.000000 0.000000
vt 0.000000 0.000000
vt 0.000000 0.000000
vt 0.000000 0.000000
vt 0.000000 0.000000
vt 0.000000 0.000000
vt 0.000000 0.000000
vt 1.000000 0.000000
vt 0.853933 0.000000
vt 0.000000 0.000000
vt 0.000000 0.000000
vt 0.000000 0.000000
vt 0.000000 0.000000
vt 0.865169 0.000000
vt 0.000000 0.000000
vt 0.000000 0.000000
vt 0.966292 0.000000
vt 0.000000 0.000000
vt 0.000000 0.000000
vt 0.000000 0.000000
vt 0.000000 0.000000
vt 0.000000 0.000000
vt 0.000000 0.000000
vt 0.955056 0.000000
vt 0.000000 0.000000
vt 0.000000 0.000000
vt 0.000000 0.000000
vt 0.876405 0.000000
vt 0.000000 0.000000
vt 0.000000 0.000000
vt 0.000000 0.000000
vt 0.000000 0.000000
vt 0.000000 0.000000
vt 0.000000 0.000000
vt 0.000000 0.000000
vt 0.000000 0.000000
vt 0.000000 0.000000
vt 0.000000 0.000000
vt 0.000000 0.000000
vt 0.000000 0.000000
vt 0.000000 0.000000
vt 0.000000 0.000000
vt 0.000000 0.000000
vt 0.000000 0.000000
vt 0.000000 0.000000
vt 0.000000 0.000000
vt 0.000000 0.000000
vt 0.000000 0.000000
vt 0.000000 0.000000
vt 0.000000 0.000000
vt 0.000000 0.000000
vt 0.000000 0.000000
vt 0.000000 0.000000
vt 0.000000 0.000000
vt 0.000000 0.000000
vt 0.000000 0.000000
vt 0.000000 0.000000
vt 0.000000 0.000000
vt 0.000000 0.000000
vt 0.000000 0.000000
vt 0.000000 0.000000
vt 0.000000 0.000000
vt 0.000000 0.000000
vt 0.000000 0.000000
vt 0.000000 0.000000
vt 0.000000 0.000000
vt 0.000000 0.000000
vt 0.000000 0.000000
vt 0.000000 0.000000
vt 0.000000 0.000000
vt 0.000000 0.000000
vt 0.000000 0.000000
vt 0.000000 0.000000
vt 0.000000 0.000000
vt 0.000000 0.000000
vt 1.000000 0.000000
vt 0.853933 0.000000
vt 0.000000 0.000000
vt 0.000000 0.000000
vt 0.000000 0.000000
vt 0.000000 0.000000
vt 0.865169 0.000000
vt 0.000000 0.000000
vt 0.000000 0.000000
vt 0.966292 0.000000
vt 0.000000 0.000000
vt 0.000000 0.000000
vt 0.000000 0.000000
vt 0.000000 0.000000
vt 0.000000 0.000000
vt 0.000000 0.000000
vt 0.955056 0.000000
vt 0.000000 0.000000
vt 0.000000 0.000000
vt 0.000000 0.000000
vt 0.876405 0.000000
vt 0.000000 0.000000
vt 0.000000 0.000000
vt 0.000000 0.000000
vt 0.000000 0.000000
vt 0.000000 0.000000
vt 0.000000 0.000000
vt 0.000000 0.000000
vt 0.000000 0.000000
vt 0.000000 0.000000
vt 0.000000 0.000000
vt 0.000000 0.000000
vt 0.000000 0.000000
vt 0.000000 0.000000
vt 0.000000 0.000000
vt 0.000000 0.000000
vt 0.000000 0.000000
vt 0.000000 0.000000
vt 0.000000 0.000000
vt 0.000000 0.000000
vt 0.438202 0.000000
vt 0.426966 0.000000
vt 0.438202 0.000000
vt 0.000000 0.000000
vt 0.000000 0.000000
vt 0.000000 0.000000
vt 0.460674 0.000000
vt 0.000000 0.000000
vt 0.471910 0.000000
vt 0.000000 0.000000
vt 0.000000 0.000000
vt 0.000000 0.000000
vt 0.000000 0.000000
vt 0.000000 0.000000
vt 0.000000 0.000000
vt 0.000000 0.000000
vt 0.000000 0.000000
vt 0.000000 0.000000
vt 0.000000 0.000000
vt 0.000000 0.000000
vt 0.000000 0.000000
vt 0.000000 0.000000
vt 0.000000 0.000000
vt 0.000000 0.000000
vt 0.000000 0.000000
vt 0.000000 0.000000
vt 1.000000 0.000000
vt 0.853933 0.000000
vt 0.000000 0.000000
vt 0.000000 0.000000
vt 0.000000 0.000000
vt 0.000000 0.000000
vt 0.000000 0.000000
vt 0.000000 0.000000
vt 0.000000 0.000000
vt 0.000000 0.000000
vt 0.865169 0.000000
vt 0.000000 0.000000
vt 0.000000 0.000000
vt 0.966292 0.000000
vt 0.000000 0.000000
vt 0.000000 0.000000
vt 0.000000 0.000000
vt 0.000000 0.000000
vt 0.000000 0.000000
vt 0.000000 0.000000
vt 0.955056 0.000000
vt 0.000000 0.000000
vt 0.000000 0.000000
vt 0.000000 0.000000
vt 0.876405 0.000000
vt 0.000000 0.000000
vt 0.000000 0.000000
vt 0.000000 0.000000
vt 0.000000 0.000000
vt 0.000000 0.000000
vt 0.000000 0.000000
vt 0.000000 0.000000
vt 0.000000 0.000000
vt 0.000000 0.000000
vt 0.000000 0.000000
vt 0.000000 0.000000
vt 0.000000 0.000000
vt 0.000000 0.000000
vt 0.000000 0.000000
vt 0.000000 0.000000
vt 0.000000 0.000000
vt 0.000000 0.000000
vt 0.000000 0.000000
vt 0.000000 0.000000
vt 0.426966 0.000000
vt 0.438202 0.000000
vt 0.000000 0.000000
vt 0.000000 0.000000
vt 0.000000 0.000000
vt 0.460674 0.000000
vt 0.000000 0.000000
vt 0.471910 0.000000
vt 0.000000 0.000000
vt 0.000000 0.000000
vt 0.000000 0.000000
vt 0.000000 0.000000
vt 0.000000 0.000000
vt 0.000000 0.000000
vt 0.000000 0.000000
vt 0.000000 0.000000
vt 0.404494 0.000000
vt 0.404494 0.000000
vt 0.000000 0.000000
vt 0.000000 0.000000
vt 0.000000 0.000000
vt 0.000000 0.000000
vt 0.000000 0.000000
vt 0.000000 0.000000
vt 0.000000 0.000000
vt 0.000000 0.000000
vt 0.000000 0.000000
vt 0.000000 0.000000
vt 0.000000 0.000000
vt 0.000000 0.000000
vt 0.000000 0.000000
vt 0.000000 0.000000
vt 0.865169 0.000000
vt 0.966292 0.000000
vt 0.000000 0.000000
vt 0.000000 0.000000
vt 0.000000 0.000000
vt 0.000000 0.000000
vt 0.000000 0.000000
vt 0.000000 0.000000
vt 0.000000 0.000000
vt 0.000000 0.000000
vt 0.000000 0.000000
vt 0.955056 0.000000
vt 0.000000 0.000000
vt 0.000000 0.000000
vt 0.000000 0.000000
vt 0.000000 0.000000
vt 0.000000 0.000000
vt 0.876405 0.000000
vt 0.000000 0.000000
vt 0.000000 0.000000
vt 0.000000 0.000000
vt 0.000000 0.000000
vt 0.000000 0.000000
vt 0.000000 0.000000
vt 0.000000 0.000000
vt 0.000000 0.000000
vt 0.000000 0.000000
vt 0.000000 0.000000
vt 0.000000 0.000000
vt 0.000000 0.000000
vt 0.000000 0.000000
vt 0.000000 0.000000
vt 0.000000 0.000000
vt 0.000000 0.000000
vt 0.000000 0.000000
vt 0.000000 0.000000
vt 0.000000 0.000000
vt 0.000000 0.000000
vt 0.000000 0.000000
vt 0.426966 0.000000
vt 0.438202 0.000000
vt 0.000000 0.000000
vt 0.000000 0.000000
vt 0.000000 0.000000
vt 0.460674 0.000000
vt 0.000000 0.000000
vt 0.471910 0.000000
vt 0.000000 0.000000
vt 0.000000 0.000000
vt 0.000000 0.000000
vt 0.000000 0.000000
vt 0.000000 0.000000
vt 0.000000 0.000000
vt 0.000000 0.000000
vt 0.000000 0.000000
vt 0.404494 0.000000
vt 0.000000 0.000000
vt 0.000000 0.000000
vt 0.000000 0.000000
vt 0.000000 0.000000
vt 0.000000 0.000000
vt 0.000000 0.000000
vt 0.000000 0.000000
vt 0.000000 0.000000
vt 0.000000 0.000000
vt 0.000000 0.000000
vt 0.000000 0.000000
vt 0.000000 0.000000
vt 0.000000 0.000000
vt 0.000000 0.000000
vt 0.000000 0.000000
vt 0.000000 0.000000
vt 0.000000 0.000000
vt 0.000000 0.000000
vt 0.000000 0.000000
vt 0.000000 0.000000
vt 0.000000 0.000000
vt 0.000000 0.000000
vt 0.000000 0.000000
vt 0.000000 0.000000
vt 0.000000 0.000000
vt 0.000000 0.000000
vt 0.000000 0.000000
vt 0.000000 0.000000
vt 0.000000 0.000000
vt 0.000000 0.000000
vt 0.000000 0.000000
vt 0.000000 0.000000
vt 0.000000 0.000000
vt 0.000000 0.000000
vt 0.000000 0.000000
vt 0.000000 0.000000
vt 0.000000 0.000000
vt 0.000000 0.000000
vt 0.000000 0.000000
vt 0.000000 0.000000
vt 0.000000 0.000000
vt 0.000000 0.000000
vt 0.000000 0.000000
vt 0.000000 0.000000
vt 0.000000 0.000000
vt 0.000000 0.000000
vt 0.000000 0.000000
vt 0.000000 0.000000
vt 0.426966 0.000000
vt 0.438202 0.000000
vt 0.000000 0.000000
vt 0.000000 0.000000
vt 0.000000 0.000000
vt 0.460674 0.000000
vt 0.000000 0.000000
vt 0.471910 0.000000
vt 0.000000 0.000000
vt 0.000000 0.000000
vt 0.000000 0.000000
vt 0.000000 0.000000
vt 0.000000 0.000000
vt 0.000000 0.000000
vt 0.000000 0.000000
vt 0.000000 0.000000
vt 0.404494 0.000000
vt 0.000000 0.000000
vt 0.000000 0.000000
vt 0.000000 0.000000
vt 0.000000 0.000000
vt 0.000000 0.000000
vt 0.000000 0.000000
vt 0.000000 0.000000
vt 0.000000 0.000000
vt 0.000000 0.000000
vt 0.000000 0.000000
vt 0.000000 0.000000
vt 0.000000 0.000000
vt 0.000000 0.000000
vt 0.000000 0.000000
vt 0.000000 0.000000
vt 0.000000 0.000000
vt 0.000000 0.000000
vt 0.000000 0.000000
vt 0.000000 0.000000
vt 0.000000 0.000000
vt 0.000000 0.000000
vt 0.000000 0.000000
vt 0.000000 0.000000
vt 0.000000 0.000000
vt 0.000000 0.000000
vt 0.000000 0.000000
vt 0.000000 0.000000
vt 0.000000 0.000000
vt 0.000000 0.000000
vt 0.853933 0.000000
vt 1.000000 0.000000
vt 1.000000 0.000000
vt 0.853933 0.000000
vt 0.000000 0.000000
vt 0.000000 0.000000
vt 0.000000 0.000000
vt 0.865169 0.000000
vt 0.000000 0.000000
vt 0.000000 0.000000
vt 0.966292 0.000000
vt 0.000000 0.000000
vt 0.000000 0.000000
vt 0.000000 0.000000
vt 0.000000 0.000000
vt 0.000000 0.000000
vt 0.000000 0.000000
vt 0.955056 0.000000
vt 0.000000 0.000000
vt 0.000000 0.000000
vt 0.000000 0.000000
vt 0.000000 0.000000
vt 0.000000 0.000000
vt 0.000000 0.000000
vt 0.460674 0.000000
vt 0.426966 0.000000
vt 0.000000 0.000000
vt 0.000000 0.000000
vt 0.471910 0.000000
vt 0.000000 0.000000
vt 0.000000 0.000000
vt 0.000000 0.000000
vt 0.000000 0.000000
vt 0.000000 0.000000
vt 0.000000 0.000000
vt 0.000000 0.000000
vt 0.000000 0.000000
vt 0.000000 0.000000
vt 0.000000 0.000000
vt 0.000000 0.000000
vt 0.000000 0.000000
vt 0.404494 0.000000
vt 0.000000 0.000000
vt 0.000000 0.000000
vt 0.000000 0.000000
vt 0.000000 0.000000
vt 0.000000 0.000000
vt 0.000000 0.000000
vt 0.000000 0.000000
vt 0.000000 0.000000
vt 0.000000 0.000000
vt 0.000000 0.000000
vt 0.000000 0.000000
vt 0.000000 0.000000
vt 0.000000 0.000000
vt 0.000000 0.000000
vt 0.000000 0.000000
vt 0.000000 0.000000
vt 0.000000 0.000000
vt 0.000000 0.000000
vt 0.000000 0.000000
vt 0.000000 0.000000
vt 0.000000 0.000000
vt 0.000000 0.000000
vt 0.000000 0.000000
vt 0.000000 0.000000
vt 0.000000 0.000000
vt 0.000000 0.000000
vt 0.000000 0.000000
vt 0.000000 0.000000
vt 0.000000 0.000000
vt 1.000000 0.000000
vt 0.853933 0.000000
vt 0.000000 0.000000
vt 0.000000 0.000000
vt 0.000000 0.000000
vt 0.000000 0.000000
vt 0.865169 0.000000
vt 0.000000 0.000000
vt 0.000000 0.000000
vt 0.966292 0.000000
vt 0.000000 0.000000
vt 0.000000 0.000000
vt 0.000000 0.000000
vt 0.000000 0.000000
vt 0.000000 0.000000
vt 0.000000 0.000000
vt 0.955056 0.000000
vt 0.000000 0.000000
vt 0.000000 0.000000
vt 0.000000 0.000000
vt 0.000000 0.000000
vt 0.876405 0.000000
vt 0.876405 0.000000
vt 0.000000 0.000000
vt 0.000000 0.000000
vt 0.000000 0.000000
vt 0.000000 0.000000
vt 0.000000 0.000000
vt 0.000000 0.000000
vt 0.000000 0.000000
vt 0.000000 0.000000
vt 0.000000 0.000000
vt 0.000000 0.000000
vt 0.000000 0.000000
vt 0.000000 0.000000
vt 0.000000 0.000000
vt 0.000000 0.000000
vt 0.000000 0.000000
vt 0.000000 0.000000
vt 0.000000 0.000000
vt 0.000000 0.000000
vt 0.000000 0.000000
vt 0.000000 0.000000
vt 0.000000 0.000000
vt 0.000000 0.000000
vt 0.000000 0.000000
vt 0.000000 0.000000
vt 0.000000 0.000000
vt 0.000000 0.000000
vt 0.000000 0.000000
vt 0.000000 0.000000
vt 0.000000 0.000000
vt 0.000000 0.000000
vt 0.000000 0.000000
vt 0.000000 0.000000
vt 0.000000 0.000000
vt 0.000000 0.000000
vt 0.000000 0.000000
vt 0.000000 0.000000
vt 0.000000 0.000000
vt 0.000000 0.000000
vt 0.000000 0.000000
vt 0.000000 0.000000
vt 0.000000 0.000000
vt 0.000000 0.000000
vt 0.000000 0.000000
vt 0.000000 0.000000
vt 0.000000 0.000000
vt 0.000000 0.000000
vt 0.000000 0.000000
vt 0.000000 0.000000
vt 0.000000 0.000000
vt 1.000000 0.000000
vt 0.853933 0.000000
vt 0.000000 0.000000
vt 0.000000 0.000000
vt 0.000000 0.000000
vt 0.000000 0.000000
vt 0.865169 0.000000
vt 0.000000 0.000000
vt 0.000000 0.000000
vt 0.966292 0.000000
vt 0.000000 0.000000
vt 0.000000 0.000000
vt 0.000000 0.000000
vt 0.000000 0.000000
vt 0.000000 0.000000
vt 0.000000 0.000000
vt 0.955056 0.000000
vt 0.000000 0.000000
vt 0.000000 0.000000
vt 0.000000 0.000000
vt 0.876405 0.000000
vt 0.000000 0.000000
vt 0.000000 0.000000
vt 0.000000 0.000000
vt 0.000000 0.000000
vt 0.000000 0.000000
vt 0.000000 0.000000
vt 0.000000 0.000000
vt 0.000000 0.000000
vt 0.000000 0.000000
vt 0.000000 0.000000
vt 0.000000 0.000000
vt 0.000000 0.000000
vt 0.000000 0.000000
vt 0.000000 0.000000
vt 0.000000 0.000000
vt 0.000000 0.000000
vt 0.000000 0.000000
vt 0.000000 0.000000
vt 0.000000 0.000000
vt 0.000000 0.000000
vt 0.438202 0.000000
vt 0.426966 0.000000
vt 0.438202 0.000000
vt 0.000000 0.000000
vt 0.460674 0.000000
vt 0.000000 0.000000
vt 0.000000 0.000000
vt 0.000000 0.000000
vt 0.000000 0.000000
vt 0.000000 0.000000
vt 0.000000 0.000000
vt 0.000000 0.000000
vt 0.000000 0.000000
vt 0.000000 0.000000
vt 0.000000 0.000000
vt 0.000000 0.000000
vt 0.000000 0.000000
vt 0.000000 0.000000
vt 0.000000 0.000000
vt 0.000000 0.000000
vt 0.000000 0.000000
vt 0.000000 0.000000
vt 0.000000 0.000000
vt 0.000000 0.000000
vt 0.000000 0.000000
vt 0.000000 0.000000
vt 0.000000 0.000000
vt 1.000000 0.000000
vt 0.853933 0.000000
vt 0.000000 0.000000
vt 0.000000 0.000000
vt 0.000000 0.000000
vt 0.000000 0.000000
vt 0.865169 0.000000
vt 0.000000 0.000000
vt 0.000000 0.000000
vt 0.966292 0.000000
vt 0.000000 0.000000
vt 0.000000 0.000000
vt 0.000000 0.000000
vt 0.000000 0.000000
vt 0.000000 0.000000
vt 0.000000 0.000000
vt 0.955056 0.000000
vt 0.000000 0.000000
vt 0.000000 0.000000
vt 0.000000 0.000000
vt 0.876405 0.000000
vt 0.000000 0.000000
vt 0.000000 0.000000
vt 0.000000 0.000000
vt 0.000000 0.000000
vt 0.000000 0.000000
vt 0.000000 0.000000
vt 0.000000 0.000000
vt 0.000000 0.000000
vt 0.000000 0.000000
vt 0.000000 0.000000
vt 0.000000 0.000000
vt 0.000000 0.000000
vt 0.000000 0.000000
vt 0.000000 0.000000
vt 0.000000 0.000000
vt 0.000000 0.000000
vt 0.000000 0.000000
vt 0.000000 0.000000
vt 0.000000 0.000000
vt 0.426966 0.000000
vt 0.438202 0.000000
vt 0.000000 0.000000
vt 0.000000 0.000000
vt 0.000000 0.000000
vt 0.460674 0.000000
vt 0.000000 0.000000
vt 0.471910 0.000000
vt 0.471910 0.000000
vt 0.000000 0.000000
vt 0.000000 0.000000
vt 0.000000 0.000000
vt 0.000000 0.000000
vt 0.000000 0.000000
vt 0.000000 0.000000
vt 0.000000 0.000000
vt 0.000000 0.000000
vt 0.000000 0.000000
vt 0.404494 0.000000
vt 0.404494 0.000000
vt 0.000000 0.000000
vt 0.000000 0.000000
vt 0.000000 0.000000
vt 0.000000 0.000000
vt 0.000000 0.000000
vt 0.000000 0.000000
vt 0.000000 0.000000
vt 0.000000 0.000000
vt 0.000000 0.000000
vt 0.000000 0.000000
vt 0.000000 0.000000
vt 0.000000 0.000000
vt 0.000000 0.000000
vt 0.000000 0.000000
vt 0.471910 0.000000
vt 0.404494 0.000000
vt 0.000000 0.000000
vt 0.000000 0.000000
vt 0.000000 0.000000
vt 0.000000 0.000000
vt 0.000000 0.000000
vt 0.000000 0.000000
vt 0.000000 0.000000
vt 0.000000 0.000000
vt 0.000000 0.000000
vt 0.000000 0.000000
vt 0.000000 0.000000
vt 0.000000 0.000000
vt 0.955056 0.000000
vt 0.865169 0.000000
vt 0.000000 0.000000
vt 0.000000 0.000000
vt 0.000000 0.000000
vt 0.000000 0.000000
vt 0.000000 0.000000
vt 0.000000 0.000000
vt 0.000000 0.000000
vt 0.876405 0.000000
vt 0.000000 0.000000
vt 0.000000 0.000000
vt 0.000000 0.000000
vt 0.000000 0.000000
vt 0.000000 0.000000
vt 0.000000 0.000000
vt 0.000000 0.000000
vt 0.000000 0.000000
vt 0.000000 0.000000
vt 0.000000 0.000000
vt 0.000000 0.000000
vt 0.000000 0.000000
vt 0.000000 0.000000
vt 0.000000 0.000000
vt 0.000000 0.000000
vt 0.000000 0.000000
vt 0.000000 0.000000
vt 0.000000 0.000000
vt 0.000000 0.000000
vt 1.000000 0.000000
vt 0.853933 0.000000
vt 0.000000 0.000000
vt 0.000000 0.000000
vt 0.000000 0.000000
vt 0.000000 0.000000
vt 0.000000 0.000000
vt 0.000000 0.000000
vt 0.966292 0.000000
vt 0.000000 0.000000
vt 0.000000 0.000000
vt 0.000000 0.000000
vt 0.000000 0.000000
vt 0.000000 0.000000
vt 0.000000 0.000000
vt 0.000000 0.000000
vt 0.000000 0.000000
vt 0.000000 0.000000
vt 0.000000 0.000000
vt 0.000000 0.000000
vt 0.000000 0.000000
vt 0.000000 0.000000
vt 0.000000 0.000000
vt 0.000000 0.000000
vt 0.000000 0.000000
vt 0.000000 0.000000
vt 0.000000 0.000000
vt 0.000000 0.000000
vt 0.000000 0.000000
vt 0.000000 0.000000
vt 0.000000 0.000000
vt 0.000000 0.000000
vt 0.426966 0.000000
vt 0.438202 0.000000
vt 0.011236 0.000000
vt 0.842697 0.000000
vt 0.022472 0.000000
vt 0.831461 0.000000
vt 0.033708 0.000000
vt 0.820225 0.000000
vt 0.044944 0.000000
vt 0.808989 0.000000
vt 0.056180 0.000000
vt 0.797753 0.000000
vt 0.067416 0.000000
vt 0.786517 0.000000
vt 0.078652 0.000000
vt 0.775281 0.000000
vt 0.089888 0.000000
vt 0.764045 0.000000
vt 0.101124 0.000000
vt 0.112360 0.000000
vt 0.752809 0.000000
vt 0.123596 0.000000
vt 0.741573 0.000000
vt 0.134831 0.000000
vt 0.146067 0.000000
vt 0.157303 0.000000
vt 0.730337 0.000000
vt 0.168539 0.000000
vt 0.179775 0.000000
vt 0.191011 0.000000
vt 0.202247 0.000000
vt 0.213483 0.000000
vt 0.224719 0.000000
vt 0.235955 0.000000
vt 0.247191 0.000000
vt 0.258427 0.000000
vt 0.269663 0.000000
vt 0.280899 0.000000
vt 0.292135 0.000000
vt 0.303371 0.000000
vt 0.707865 0.000000
vt 0.719101 0.000000
vt 0.696629 0.000000
vt 0.685393 0.000000
vt 0.674157 0.000000
vt 0.662921 0.000000
vt 0.651685 0.000000
vt 0.640449 0.000000
vt 0.629214 0.000000
vt 0.617977 0.000000
vt 0.606742 0.000000
vt 0.595506 0.000000
vt 0.584270 0.000000
vt 0.314607 0.000000
vt 0.573034 0.000000
vt 0.561798 0.000000
vt 0.325843 0.000000
vt 0.550562 0.000000
vt 0.337079 0.000000
vt 0.539326 0.000000
vt 0.348315 0.000000
vt 0.528090 0.000000
vt 0.359551 0.000000
vt 0.516854 0.000000
vt 0.370787 0.000000
vt 0.505618 0.000000
vt 0.382022 0.000000
vt 0.494382 0.000000
vt 0.393258 0.000000
vt 0.483146 0.000000
vt 0.000000 0.000000
vt 0.000000 0.000000
vt 0.460674 0.000000
vn 0.0000 1.0000 -0.0000
vn 0.0000 0.0000 1.0000
vn -1.0000 0.0000 -0.0049
vn -1.0000 0.0000 0.0000
vn -1.0000 0.0000 0.0027
vn 0.9932 0.0000 -0.1161
vn -0.0094 0.0000 1.0000
vn 1.0000 0.0000 0.0040
vn 1.0000 0.0000 0.0069
vn -1.0000 0.0000 -0.0072
vn -0.2440 0.0000 -0.9698
vn -0.9781 0.0000 0.2080
vn 1.0000 0.0000 -0.0041
vn 0.0853 0.0000 -0.9964
vn -0.9977 0.0000 -0.0684
vn 0.9938 0.0000 0.1115
vn -0.5640 0.0000 0.8258
vn -1.0000 0.0000 0.0008
vn 0.9767 0.0000 -0.2147
vn 1.0000 0.0000 0.0041
vn 1.0000 0.0000 0.0062
vn -1.0000 0.0000 -0.0097
vn -0.9948 0.0000 0.1019
vn 1.0000 0.0000 -0.0079
vn 0.0063 0.0000 1.0000
vn -0.9835 0.0000 -0.1809
vn 0.9982 0.0000 0.0602
vn 0.0042 0.0000 1.0000
vn -0.6419 0.0000 -0.7668
vn -0.9999 0.0000 -0.0126
vn -1.0000 0.0000 0.0001
vn 0.1606 0.0000 -0.9870
vn -0.9986 0.0000 0.0522
vn 0.9999 0.0000 -0.0138
vn 1.0000 0.0000 0.0000
vn -0.9032 0.0000 0.4292
vn 0.9994 0.0000 0.0341
vn -0.0544 0.0000 0.9985
vn -0.9999 0.0000 -0.0163
vn -0.0063 0.0000 -1.0000
vn -0.9996 0.0000 0.0270
vn 0.9997 0.0000 -0.0234
vn 0.9998 0.0000 0.0203
vn -0.0042 0.0000 -1.0000
vn -0.9998 0.0000 -0.0213
vn -1.0000 0.0000 -0.0009
vn -0.9999 0.0000 0.0137
vn 0.9992 0.0000 -0.0393
vn 1.0000 0.0000 -0.0005
vn 0.9999 0.0000 0.0128
vn -0.9996 0.0000 -0.0286
vn -1.0000 0.0000 -0.0029
vn -1.0000 0.0000 0.0065
vn 0.9978 0.0000 -0.0665
vn 0.0948 0.0000 -0.9955
vn 0.0000 1.0000 -0.0001
vn 0.9754 0.0000 0.2204
vn -0.9992 0.0000 -0.0411
vn -0.8870 0.0000 -0.4618
vn 0.1841 0.0000 0.9829
vn 1.0000 0.0000 0.0088
vn 1.0000 0.0000 -0.0018
usemtl SVGMat.001
s off
f 2294/2532/162 2292/2533/162 2293/2534/162
f 2294/2532/162 2291/2535/162 2292/2533/162
f 2295/2536/162 2291/2535/162 2294/2532/162
f 2295/2536/162 2290/2537/162 2291/2535/162
f 2296/2538/162 2290/2537/162 2295/2536/162
f 2296/2538/162 2289/2539/162 2290/2537/162
f 2297/2540/162 2289/2539/162 2296/2538/162
f 2278/2541/163 2279/2542/163 2367/2543/163 2366/2544/163
f 2299/2545/162 2289/2539/162 2298/2546/162
f 2300/2547/162 2289/2539/162 2299/2545/162
f 2300/2547/162 2288/2548/162 2289/2539/162
f 2301/2549/162 2288/2548/162 2300/2547/162
f 2268/2550/163 2269/2551/163 2357/2552/163 2356/2553/163
f 2297/2554/163 2298/2555/163 2381/2556/163 2380/2557/163
f 2259/2558/163 2260/2559/163 2348/2560/163 2347/2561/163
f 2250/2562/163 2253/2563/163 2341/2564/163 2339/2565/163
f 2234/2566/163 2235/2567/163 2325/2568/163 2324/2569/163
f 2289/2539/163 2297/2540/163 2380/2570/163 2377/2571/163
f 2269/2551/163 2270/2572/163 2358/2573/163 2357/2552/163
f 2215/2574/163 2216/2575/163 2306/2576/163 2305/2577/163
f 2254/2578/163 2253/2563/163 2341/2564/163 2342/2579/163
f 2222/2580/163 2223/2581/163 2313/2582/163 2312/2583/163
f 2233/2584/163 2234/2566/163 2324/2569/163 2323/2585/163
f 2290/2537/163 2289/2539/163 2377/2571/163 2378/2586/163
f 2242/2587/163 2243/2588/163 2333/2589/163 2332/2590/163
f 2285/2591/163 2286/2592/163 2374/2593/163 2373/2594/163
f 2279/2542/163 2280/2595/163 2368/2596/163 2367/2543/163
f 2270/2572/163 2271/2597/163 2359/2598/163 2358/2573/163
f 2260/2559/163 2261/2599/163 2349/2600/163 2348/2560/163
f 2232/2601/163 2233/2584/163 2323/2585/163 2322/2602/163
f 2271/2597/163 2272/2603/163 2360/2604/163 2359/2598/163
f 2214/2605/163 2215/2574/163 2305/2577/163 2304/2606/163
f 2254/2607/163 2255/2608/163 2343/2609/163 2342/2610/163
f 2221/2611/163 2222/2580/163 2312/2583/163 2311/2612/163
f 2231/2613/163 2232/2601/163 2322/2602/163 2321/2614/163
f 2241/2615/163 2242/2587/163 2332/2590/163 2331/2616/163
f 2286/2592/163 2287/2617/163 2375/2618/163 2374/2593/163
f 2248/2619/163 2254/2578/163 2342/2579/163 2338/2620/163
f 2272/2603/163 2273/2621/163 2361/2622/163 2360/2604/163
f 2261/2599/163 2262/2623/163 2350/2624/163 2349/2600/163
f 2220/2625/163 2221/2611/163 2311/2612/163 2310/2626/163
f 2230/2627/163 2231/2613/163 2321/2614/163 2320/2628/163
f 2247/2629/163 2248/2630/163 2338/2631/163 2337/2632/163
f 2280/2595/163 2281/2633/163 2369/2634/163 2368/2596/163
f 2273/2621/163 2274/2635/163 2362/2636/163 2361/2622/163
f 2213/2637/163 2214/2605/163 2304/2606/163 2303/2638/163
f 2255/2608/163 2256/2639/163 2344/2640/163 2343/2609/163
f 2229/2641/163 2230/2627/163 2320/2628/163 2319/2642/163
f 2240/2643/163 2241/2615/163 2331/2616/163 2330/2644/163
f 2287/2617/163 2288/2645/163 2376/2646/163 2375/2618/163
f 2274/2635/163 2275/2647/163 2363/2648/163 2362/2636/163
f 2262/2623/163 2263/2649/163 2351/2650/163 2350/2624/163
f 2219/2651/163 2220/2625/163 2310/2626/163 2309/2652/163
f 2228/2653/163 2229/2641/163 2319/2642/163 2318/2654/163
f 2246/2655/163 2247/2629/163 2337/2632/163 2336/2656/163
f 2281/2633/163 2282/2657/163 2370/2658/163 2369/2634/163
f 2276/2659/163 2277/2660/163 2365/2661/163 2364/2662/163
f 2263/2649/163 2264/2663/163 2352/2664/163 2351/2650/163
f 2212/2665/163 2213/2637/163 2303/2638/163 2302/2666/163
f 2256/2639/163 2257/2667/163 2345/2668/163 2344/2640/163
f 2227/2669/163 2228/2653/163 2318/2654/163 2317/2670/163
f 2275/2647/163 2276/2659/163 2364/2662/163 2363/2648/163
f 2301/2671/163 2212/2665/163 2302/2666/163 2382/2672/163
f 2218/2673/163 2219/2651/163 2309/2652/163 2308/2674/163
f 2226/2675/163 2227/2669/163 2317/2670/163 2316/2676/163
f 2239/2677/163 2240/2643/163 2330/2644/163 2329/2678/163
f 2288/2548/163 2301/2549/163 2382/2679/163 2376/2680/163
f 2245/2681/163 2246/2655/163 2336/2656/163 2335/2682/163
f 2282/2657/163 2283/2683/163 2371/2684/163 2370/2658/163
f 2277/2660/163 2278/2541/163 2366/2544/163 2365/2661/163
f 2264/2663/163 2265/2685/163 2353/2686/163 2352/2664/163
f 2257/2667/163 2258/2687/163 2346/2688/163 2345/2668/163
f 2238/2689/163 2239/2677/163 2329/2678/163 2328/2690/163
f 2289/2539/163 2288/2548/163 2376/2680/163 2377/2571/163
f 2265/2685/163 2266/2691/163 2354/2692/163 2353/2686/163
f 2217/2693/163 2218/2673/163 2308/2674/163 2307/2694/163
f 2225/2695/163 2226/2675/163 2316/2676/163 2315/2696/163
f 2237/2697/163 2238/2689/163 2328/2690/163 2327/2698/163
f 2244/2699/163 2245/2681/163 2335/2682/163 2334/2700/163
f 2283/2683/163 2284/2701/163 2372/2702/163 2371/2684/163
f 2266/2691/163 2267/2703/163 2355/2704/163 2354/2692/163
f 2258/2687/163 2259/2558/163 2347/2561/163 2346/2688/163
f 2224/2705/163 2225/2695/163 2315/2696/163 2314/2706/163
f 2249/2707/162 2254/2578/162 2248/2619/162
f 2249/2707/162 2253/2563/162 2254/2578/162
f 2250/2562/162 2253/2563/162 2249/2707/162
f 2250/2562/162 2252/2708/162 2253/2563/162
f 2250/2562/162 2251/2709/162 2252/2708/162
f 2324/2569/163 2325/2568/163 2406/2710/163 2405/2711/163
f 2357/2552/163 2358/2573/163 2439/2712/163 2438/2713/163
f 2305/2577/163 2306/2576/163 2387/2714/163 2386/2715/163
f 2312/2583/163 2313/2582/163 2394/2716/163 2393/2717/163
f 2323/2585/163 2324/2569/163 2405/2711/163 2404/2718/163
f 2332/2590/163 2333/2589/163 2414/2719/163 2413/2720/163
f 2373/2594/163 2374/2593/163 2455/2721/163 2454/2722/163
f 2340/2723/163 2339/2565/163 2420/2724/163 2421/2725/163
f 2367/2543/163 2368/2596/163 2449/2726/163 2448/2727/163
f 2358/2573/163 2359/2598/163 2440/2728/163 2439/2712/163
f 2348/2560/163 2349/2600/163 2430/2729/163 2429/2730/163
f 2339/2565/163 2341/2564/163 2422/2731/163 2420/2724/163
f 2322/2602/163 2323/2585/163 2404/2718/163 2403/2732/163
f 2342/2579/163 2341/2564/163 2422/2731/163 2423/2733/163
f 2359/2598/163 2360/2604/163 2441/2734/163 2440/2728/163
f 2304/2606/163 2305/2577/163 2386/2715/163 2385/2735/163
f 2342/2610/163 2343/2609/163 2424/2736/163 2423/2737/163
f 2311/2612/163 2312/2583/163 2393/2717/163 2392/2738/163
f 2321/2614/163 2322/2602/163 2403/2732/163 2402/2739/163
f 2331/2616/163 2332/2590/163 2413/2720/163 2412/2740/163
f 2374/2593/163 2375/2618/163 2456/2741/163 2455/2721/163
f 2338/2620/163 2342/2579/163 2423/2733/163 2419/2742/163
f 2360/2604/163 2361/2622/163 2442/2743/163 2441/2734/163
f 2349/2600/163 2350/2624/163 2431/2744/163 2430/2729/163
f 2310/2626/163 2311/2612/163 2392/2738/163 2391/2745/163
f 2320/2628/163 2321/2614/163 2402/2739/163 2401/2746/163
f 2337/2632/163 2338/2631/163 2419/2747/163 2418/2748/163
f 2368/2596/163 2369/2634/163 2450/2749/163 2449/2726/163
f 2361/2622/163 2362/2636/163 2443/2750/163 2442/2743/163
f 2303/2638/163 2304/2606/163 2385/2735/163 2384/2751/163
f 2343/2609/163 2344/2640/163 2425/2752/163 2424/2736/163
f 2319/2642/163 2320/2628/163 2401/2746/163 2400/2753/163
f 2330/2644/163 2331/2616/163 2412/2740/163 2411/2754/163
f 2375/2618/163 2376/2646/163 2457/2755/163 2456/2741/163
f 2362/2636/163 2363/2648/163 2444/2756/163 2443/2750/163
f 2350/2624/163 2351/2650/163 2432/2757/163 2431/2744/163
f 2309/2652/163 2310/2626/163 2391/2745/163 2390/2758/163
f 2318/2654/163 2319/2642/163 2400/2753/163 2399/2759/163
f 2336/2656/163 2337/2632/163 2418/2748/163 2417/2760/163
f 2369/2634/163 2370/2658/163 2451/2761/163 2450/2749/163
f 2364/2662/163 2365/2661/163 2446/2762/163 2445/2763/163
f 2351/2650/163 2352/2664/163 2433/2764/163 2432/2757/163
f 2302/2666/163 2303/2638/163 2384/2751/163 2383/2765/163
f 2344/2640/163 2345/2668/163 2426/2766/163 2425/2752/163
f 2317/2670/163 2318/2654/163 2399/2759/163 2398/2767/163
f 2363/2648/163 2364/2662/163 2445/2763/163 2444/2756/163
f 2382/2672/163 2302/2666/163 2383/2765/163 2463/2768/163
f 2308/2674/163 2309/2652/163 2390/2758/163 2389/2769/163
f 2316/2676/163 2317/2670/163 2398/2767/163 2397/2770/163
f 2329/2678/163 2330/2644/163 2411/2754/163 2410/2771/163
f 2376/2680/163 2382/2679/163 2463/2772/163 2457/2773/163
f 2335/2682/163 2336/2656/163 2417/2760/163 2416/2774/163
f 2370/2658/163 2371/2684/163 2452/2775/163 2451/2761/163
f 2365/2661/163 2366/2544/163 2447/2776/163 2446/2762/163
f 2352/2664/163 2353/2686/163 2434/2777/163 2433/2764/163
f 2377/2571/163 2376/2680/163 2457/2773/163 2458/2778/163
f 2345/2668/163 2346/2688/163 2427/2779/163 2426/2766/163
f 2328/2690/163 2329/2678/163 2410/2771/163 2409/2780/163
f 2381/2781/163 2377/2571/163 2458/2778/163 2462/2782/163
f 2353/2686/163 2354/2692/163 2435/2783/163 2434/2777/163
f 2380/2557/163 2381/2556/163 2462/2784/163 2461/2785/163
f 2307/2694/163 2308/2674/163 2389/2769/163 2388/2786/163
f 2315/2696/163 2316/2676/163 2397/2770/163 2396/2787/163
f 2327/2698/163 2328/2690/163 2409/2780/163 2408/2788/163
f 2377/2571/163 2380/2570/163 2461/2789/163 2458/2778/163
f 2334/2700/163 2335/2682/163 2416/2774/163 2415/2790/163
f 2371/2684/163 2372/2702/163 2453/2791/163 2452/2775/163
f 2354/2692/163 2355/2704/163 2436/2792/163 2435/2783/163
f 2378/2586/163 2377/2571/163 2458/2778/163 2459/2793/163
f 2346/2688/163 2347/2561/163 2428/2794/163 2427/2779/163
f 2314/2706/163 2315/2696/163 2396/2787/163 2395/2795/163
f 2326/2796/163 2327/2698/163 2408/2788/163 2407/2797/163
f 2284/2701/163 2285/2591/163 2373/2594/163 2372/2702/163
f 2243/2588/163 2244/2699/163 2334/2700/163 2333/2589/163
f 2298/2546/163 2289/2539/163 2377/2571/163 2381/2781/163
f 2235/2567/163 2236/2798/163 2326/2796/163 2325/2568/163
f 2223/2581/163 2224/2705/163 2314/2706/163 2313/2582/163
f 2216/2575/163 2217/2693/163 2307/2694/163 2306/2576/163
f 2267/2703/163 2268/2550/163 2356/2553/163 2355/2704/163
f 2251/2709/163 2250/2562/163 2339/2565/163 2340/2723/163
f 2236/2798/163 2237/2697/163 2327/2698/163 2326/2796/163
f 2420/2724/163 2422/2731/163 2503/2799/163 2501/2800/163
f 2403/2732/163 2404/2718/163 2485/2801/163 2484/2802/163
f 2423/2733/163 2422/2731/163 2503/2799/163 2504/2803/163
f 2440/2728/163 2441/2734/163 2522/2804/163 2521/2805/163
f 2385/2735/163 2386/2715/163 2467/2806/163 2466/2807/163
f 2423/2737/163 2424/2736/163 2505/2808/163 2504/2809/163
f 2392/2738/163 2393/2717/163 2474/2810/163 2473/2811/163
f 2402/2739/163 2403/2732/163 2484/2802/163 2483/2812/163
f 2412/2740/163 2413/2720/163 2494/2813/163 2493/2814/163
f 2455/2721/163 2456/2741/163 2537/2815/163 2536/2816/163
f 2419/2742/163 2423/2733/163 2504/2803/163 2500/2817/163
f 2441/2734/163 2442/2743/163 2523/2818/163 2522/2804/163
f 2430/2729/163 2431/2744/163 2512/2819/163 2511/2820/163
f 2391/2745/163 2392/2738/163 2473/2811/163 2472/2821/163
f 2401/2746/163 2402/2739/163 2483/2812/163 2482/2822/163
f 2418/2748/163 2419/2747/163 2500/2823/163 2499/2824/163
f 2449/2726/163 2450/2749/163 2531/2825/163 2530/2826/163
f 2442/2743/163 2443/2750/163 2524/2827/163 2523/2818/163
f 2384/2751/163 2385/2735/163 2466/2807/163 2465/2828/163
f 2424/2736/163 2425/2752/163 2506/2829/163 2505/2808/163
f 2400/2753/163 2401/2746/163 2482/2822/163 2481/2830/163
f 2411/2754/163 2412/2740/163 2493/2814/163 2492/2831/163
f 2456/2741/163 2457/2755/163 2538/2832/163 2537/2815/163
f 2443/2750/163 2444/2756/163 2525/2833/163 2524/2827/163
f 2431/2744/163 2432/2757/163 2513/2834/163 2512/2819/163
f 2390/2758/163 2391/2745/163 2472/2821/163 2471/2835/163
f 2399/2759/163 2400/2753/163 2481/2830/163 2480/2836/163
f 2417/2760/163 2418/2748/163 2499/2824/163 2498/2837/163
f 2450/2749/163 2451/2761/163 2532/2838/163 2531/2825/163
f 2445/2763/163 2446/2762/163 2527/2839/163 2526/2840/163
f 2432/2757/163 2433/2764/163 2514/2841/163 2513/2834/163
f 2383/2765/163 2384/2751/163 2465/2828/163 2464/2842/163
f 2425/2752/163 2426/2766/163 2507/2843/163 2506/2829/163
f 2398/2767/163 2399/2759/163 2480/2836/163 2479/2844/163
f 2444/2756/163 2445/2763/163 2526/2840/163 2525/2833/163
f 2463/2768/163 2383/2765/163 2464/2842/163 2544/2845/163
f 2389/2769/163 2390/2758/163 2471/2835/163 2470/2846/163
f 2397/2770/163 2398/2767/163 2479/2844/163 2478/2847/163
f 2410/2771/163 2411/2754/163 2492/2831/163 2491/2848/163
f 2457/2773/163 2463/2772/163 2544/2849/163 2538/2850/163
f 2416/2774/163 2417/2760/163 2498/2837/163 2497/2851/163
f 2451/2761/163 2452/2775/163 2533/2852/163 2532/2838/163
f 2446/2762/163 2447/2776/163 2528/2853/163 2527/2839/163
f 2433/2764/163 2434/2777/163 2515/2854/163 2514/2841/163
f 2458/2778/163 2457/2773/163 2538/2850/163 2539/2855/163
f 2426/2766/163 2427/2779/163 2508/2856/163 2507/2843/163
f 2409/2780/163 2410/2771/163 2491/2848/163 2490/2857/163
f 2462/2782/163 2458/2778/163 2539/2855/163 2543/2858/163
f 2434/2777/163 2435/2783/163 2516/2859/163 2515/2854/163
f 2461/2785/163 2462/2784/163 2543/2860/163 2542/2861/163
f 2388/2786/163 2389/2769/163 2470/2846/163 2469/2862/163
f 2396/2787/163 2397/2770/163 2478/2847/163 2477/2863/163
f 2408/2788/163 2409/2780/163 2490/2857/163 2489/2864/163
f 2458/2778/163 2461/2789/163 2542/2865/163 2539/2855/163
f 2415/2790/163 2416/2774/163 2497/2851/163 2496/2866/163
f 2452/2775/163 2453/2791/163 2534/2867/163 2533/2852/163
f 2435/2783/163 2436/2792/163 2517/2868/163 2516/2859/163
f 2459/2793/163 2458/2778/163 2539/2855/163 2540/2869/163
f 2427/2779/163 2428/2794/163 2509/2870/163 2508/2856/163
f 2395/2795/163 2396/2787/163 2477/2863/163 2476/2871/163
f 2407/2797/163 2408/2788/163 2489/2864/163 2488/2872/163
f 2436/2792/163 2437/2873/163 2518/2874/163 2517/2868/163
f 2387/2714/163 2388/2786/163 2469/2862/163 2468/2875/163
f 2394/2716/163 2395/2795/163 2476/2871/163 2475/2876/163
f 2406/2710/163 2407/2797/163 2488/2872/163 2487/2877/163
f 2414/2719/163 2415/2790/163 2496/2866/163 2495/2878/163
f 2453/2791/163 2454/2722/163 2535/2879/163 2534/2867/163
f 2447/2776/163 2448/2727/163 2529/2880/163 2528/2853/163
f 2437/2873/163 2438/2713/163 2519/2881/163 2518/2874/163
f 2428/2794/163 2429/2730/163 2510/2882/163 2509/2870/163
f 2405/2711/163 2406/2710/163 2487/2877/163 2486/2883/163
f 2438/2713/163 2439/2712/163 2520/2884/163 2519/2881/163
f 2347/2561/163 2348/2560/163 2429/2730/163 2428/2794/163
f 2356/2553/163 2357/2552/163 2438/2713/163 2437/2873/163
f 2366/2544/163 2367/2543/163 2448/2727/163 2447/2776/163
f 2372/2702/163 2373/2594/163 2454/2722/163 2453/2791/163
f 2333/2589/163 2334/2700/163 2415/2790/163 2414/2719/163
f 2325/2568/163 2326/2796/163 2407/2797/163 2406/2710/163
f 2313/2582/163 2314/2706/163 2395/2795/163 2394/2716/163
f 2306/2576/163 2307/2694/163 2388/2786/163 2387/2714/163
f 2355/2704/163 2356/2553/163 2437/2873/163 2436/2792/163
f 2523/2818/163 2524/2827/163 2605/2885/163 2604/2886/163
f 2465/2828/163 2466/2807/163 2547/2887/163 2546/2888/163
f 2505/2808/163 2506/2829/163 2587/2889/163 2586/2890/163
f 2481/2830/163 2482/2822/163 2563/2891/163 2562/2892/163
f 2492/2831/163 2493/2814/163 2574/2893/163 2573/2894/163
f 2537/2815/163 2538/2832/163 2619/2895/163 2618/2896/163
f 2524/2827/163 2525/2833/163 2606/2897/163 2605/2885/163
f 2512/2819/163 2513/2834/163 2594/2898/163 2593/2899/163
f 2471/2835/163 2472/2821/163 2553/2900/163 2552/2901/163
f 2480/2836/163 2481/2830/163 2562/2892/163 2561/2902/163
f 2498/2837/163 2499/2824/163 2580/2903/163 2579/2904/163
f 2531/2825/163 2532/2838/163 2613/2905/163 2612/2906/163
f 2526/2840/163 2527/2839/163 2608/2907/163 2607/2908/163
f 2513/2834/163 2514/2841/163 2595/2909/163 2594/2898/163
f 2464/2842/163 2465/2828/163 2546/2888/163 2545/2910/163
f 2506/2829/163 2507/2843/163 2588/2911/163 2587/2889/163
f 2479/2844/163 2480/2836/163 2561/2902/163 2560/2912/163
f 2525/2833/163 2526/2840/163 2607/2908/163 2606/2897/163
f 2544/2845/163 2464/2842/163 2545/2910/163 2625/2913/163
f 2470/2846/163 2471/2835/163 2552/2901/163 2551/2914/163
f 2478/2847/163 2479/2844/163 2560/2912/163 2559/2915/163
f 2491/2848/163 2492/2831/163 2573/2894/163 2572/2916/163
f 2538/2850/163 2544/2849/163 2625/2917/163 2619/2918/163
f 2497/2851/163 2498/2837/163 2579/2904/163 2578/2919/163
f 2532/2838/163 2533/2852/163 2614/2920/163 2613/2905/163
f 2527/2839/163 2528/2853/163 2609/2921/163 2608/2907/163
f 2514/2841/163 2515/2854/163 2596/2922/163 2595/2909/163
f 2539/2855/163 2538/2850/163 2619/2918/163 2620/2923/163
f 2507/2843/163 2508/2856/163 2589/2924/163 2588/2911/163
f 2490/2857/163 2491/2848/163 2572/2916/163 2571/2925/163
f 2543/2858/163 2539/2855/163 2620/2923/163 2624/2926/163
f 2515/2854/163 2516/2859/163 2597/2927/163 2596/2922/163
f 2542/2861/163 2543/2860/163 2624/2928/163 2623/2929/163
f 2469/2862/163 2470/2846/163 2551/2914/163 2550/2930/163
f 2477/2863/163 2478/2847/163 2559/2915/163 2558/2931/163
f 2489/2864/163 2490/2857/163 2571/2925/163 2570/2932/163
f 2539/2855/163 2542/2865/163 2623/2933/163 2620/2923/163
f 2496/2866/163 2497/2851/163 2578/2919/163 2577/2934/163
f 2533/2852/163 2534/2867/163 2615/2935/163 2614/2920/163
f 2516/2859/163 2517/2868/163 2598/2936/163 2597/2927/163
f 2540/2869/163 2539/2855/163 2620/2923/163 2621/2937/163
f 2508/2856/163 2509/2870/163 2590/2938/163 2589/2924/163
f 2476/2871/163 2477/2863/163 2558/2931/163 2557/2939/163
f 2488/2872/163 2489/2864/163 2570/2932/163 2569/2940/163
f 2517/2868/163 2518/2874/163 2599/2941/163 2598/2936/163
f 2468/2875/163 2469/2862/163 2550/2930/163 2549/2942/163
f 2475/2876/163 2476/2871/163 2557/2939/163 2556/2943/163
f 2487/2877/163 2488/2872/163 2569/2940/163 2568/2944/163
f 2495/2878/163 2496/2866/163 2577/2934/163 2576/2945/163
f 2534/2867/163 2535/2879/163 2616/2946/163 2615/2935/163
f 2528/2853/163 2529/2880/163 2610/2947/163 2609/2921/163
f 2518/2874/163 2519/2881/163 2600/2948/163 2599/2941/163
f 2509/2870/163 2510/2882/163 2591/2949/163 2590/2938/163
f 2486/2883/163 2487/2877/163 2568/2944/163 2567/2950/163
f 2519/2881/163 2520/2884/163 2601/2951/163 2600/2948/163
f 2467/2806/163 2468/2875/163 2549/2942/163 2548/2952/163
f 2474/2810/163 2475/2876/163 2556/2943/163 2555/2953/163
f 2485/2801/163 2486/2883/163 2567/2950/163 2566/2954/163
f 2494/2813/163 2495/2878/163 2576/2945/163 2575/2955/163
f 2535/2879/163 2536/2816/163 2617/2956/163 2616/2946/163
f 2502/2957/163 2501/2800/163 2582/2958/163 2583/2959/163
f 2529/2880/163 2530/2826/163 2611/2960/163 2610/2947/163
f 2520/2884/163 2521/2805/163 2602/2961/163 2601/2951/163
f 2510/2882/163 2511/2820/163 2592/2962/163 2591/2949/163
f 2501/2800/163 2503/2799/163 2584/2963/163 2582/2958/163
f 2484/2802/163 2485/2801/163 2566/2954/163 2565/2964/163
f 2504/2803/163 2503/2799/163 2584/2963/163 2585/2965/163
f 2521/2805/163 2522/2804/163 2603/2966/163 2602/2961/163
f 2466/2807/163 2467/2806/163 2548/2952/163 2547/2887/163
f 2504/2809/163 2505/2808/163 2586/2890/163 2585/2967/163
f 2473/2811/163 2474/2810/163 2555/2953/163 2554/2968/163
f 2483/2812/163 2484/2802/163 2565/2964/163 2564/2969/163
f 2429/2730/163 2430/2729/163 2511/2820/163 2510/2882/163
f 2439/2712/163 2440/2728/163 2521/2805/163 2520/2884/163
f 2448/2727/163 2449/2726/163 2530/2826/163 2529/2880/163
f 2421/2725/163 2420/2724/163 2501/2800/163 2502/2957/163
f 2454/2722/163 2455/2721/163 2536/2816/163 2535/2879/163
f 2413/2720/163 2414/2719/163 2495/2878/163 2494/2813/163
f 2404/2718/163 2405/2711/163 2486/2883/163 2485/2801/163
f 2393/2717/163 2394/2716/163 2475/2876/163 2474/2810/163
f 2386/2715/163 2387/2714/163 2468/2875/163 2467/2806/163
f 2587/2889/163 2588/2911/163 2669/2970/163 2668/2971/163
f 2560/2912/163 2561/2902/163 2642/2972/163 2641/2973/163
f 2606/2897/163 2607/2908/163 2688/2974/163 2687/2975/163
f 2625/2913/163 2545/2910/163 2626/2976/163 2706/2977/163
f 2551/2914/163 2552/2901/163 2633/2978/163 2632/2979/163
f 2559/2915/163 2560/2912/163 2641/2973/163 2640/2980/163
f 2572/2916/163 2573/2894/163 2654/2981/163 2653/2982/163
f 2619/2918/163 2625/2917/163 2706/2983/163 2700/2984/163
f 2578/2919/163 2579/2904/163 2660/2985/163 2659/2986/163
f 2613/2905/163 2614/2920/163 2695/2987/163 2694/2988/163
f 2608/2907/163 2609/2921/163 2690/2989/163 2689/2990/163
f 2595/2909/163 2596/2922/163 2677/2991/163 2676/2992/163
f 2620/2923/163 2619/2918/163 2700/2984/163 2701/2993/163
f 2588/2911/163 2589/2924/163 2670/2994/163 2669/2970/163
f 2571/2925/163 2572/2916/163 2653/2982/163 2652/2995/163
f 2624/2926/163 2620/2923/163 2701/2993/163 2705/2996/163
f 2596/2922/163 2597/2927/163 2678/2997/163 2677/2991/163
f 2623/2929/163 2624/2928/163 2705/2998/163 2704/2999/163
f 2550/2930/163 2551/2914/163 2632/2979/163 2631/3000/163
f 2558/2931/163 2559/2915/163 2640/2980/163 2639/3001/163
f 2570/2932/163 2571/2925/163 2652/2995/163 2651/3002/163
f 2620/2923/163 2623/2933/163 2704/3003/163 2701/2993/163
f 2577/2934/163 2578/2919/163 2659/2986/163 2658/3004/163
f 2614/2920/163 2615/2935/163 2696/3005/163 2695/2987/163
f 2597/2927/163 2598/2936/163 2679/3006/163 2678/2997/163
f 2621/2937/163 2620/2923/163 2701/2993/163 2702/3007/163
f 2589/2924/163 2590/2938/163 2671/3008/163 2670/2994/163
f 2557/2939/163 2558/2931/163 2639/3001/163 2638/3009/163
f 2569/2940/163 2570/2932/163 2651/3002/163 2650/3010/163
f 2598/2936/163 2599/2941/163 2680/3011/163 2679/3006/163
f 2549/2942/163 2550/2930/163 2631/3000/163 2630/3012/163
f 2556/2943/163 2557/2939/163 2638/3009/163 2637/3013/163
f 2568/2944/163 2569/2940/163 2650/3010/163 2649/3014/163
f 2576/2945/163 2577/2934/163 2658/3004/163 2657/3015/163
f 2615/2935/163 2616/2946/163 2697/3016/163 2696/3005/163
f 2609/2921/163 2610/2947/163 2691/3017/163 2690/2989/163
f 2599/2941/163 2600/2948/163 2681/3018/163 2680/3011/163
f 2590/2938/163 2591/2949/163 2672/3019/163 2671/3008/163
f 2567/2950/163 2568/2944/163 2649/3014/163 2648/3020/163
f 2600/2948/163 2601/2951/163 2682/3021/163 2681/3018/163
f 2548/2952/163 2549/2942/163 2630/3012/163 2629/3022/163
f 2555/2953/163 2556/2943/163 2637/3013/163 2636/3023/163
f 2566/2954/163 2567/2950/163 2648/3020/163 2647/3024/163
f 2575/2955/163 2576/2945/163 2657/3015/163 2656/3025/163
f 2616/2946/163 2617/2956/163 2698/3026/163 2697/3016/163
f 2583/2959/163 2582/2958/163 2663/3027/163 2664/3028/163
f 2610/2947/163 2611/2960/163 2692/3029/163 2691/3017/163
f 2601/2951/163 2602/2961/163 2683/3030/163 2682/3021/163
f 2591/2949/163 2592/2962/163 2673/3031/163 2672/3019/163
f 2582/2958/163 2584/2963/163 2665/3032/163 2663/3027/163
f 2565/2964/163 2566/2954/163 2647/3024/163 2646/3033/163
f 2585/2965/163 2584/2963/163 2665/3032/163 2666/3034/163
f 2602/2961/163 2603/2966/163 2684/3035/163 2683/3030/163
f 2547/2887/163 2548/2952/163 2629/3022/163 2628/3036/163
f 2585/2967/163 2586/2890/163 2667/3037/163 2666/3038/163
f 2554/2968/163 2555/2953/163 2636/3023/163 2635/3039/163
f 2564/2969/163 2565/2964/163 2646/3033/163 2645/3040/163
f 2574/2893/163 2575/2955/163 2656/3025/163 2655/3041/163
f 2617/2956/163 2618/2896/163 2699/3042/163 2698/3026/163
f 2581/3043/163 2585/2965/163 2666/3034/163 2662/3044/163
f 2603/2966/163 2604/2886/163 2685/3045/163 2684/3035/163
f 2592/2962/163 2593/2899/163 2674/3046/163 2673/3031/163
f 2553/2900/163 2554/2968/163 2635/3039/163 2634/3047/163
f 2563/2891/163 2564/2969/163 2645/3040/163 2644/3048/163
f 2580/2903/163 2581/3049/163 2662/3050/163 2661/3051/163
f 2611/2960/163 2612/2906/163 2693/3052/163 2692/3029/163
f 2604/2886/163 2605/2885/163 2686/3053/163 2685/3045/163
f 2546/2888/163 2547/2887/163 2628/3036/163 2627/3054/163
f 2586/2890/163 2587/2889/163 2668/2971/163 2667/3037/163
f 2562/2892/163 2563/2891/163 2644/3048/163 2643/3055/163
f 2573/2894/163 2574/2893/163 2655/3041/163 2654/2981/163
f 2618/2896/163 2619/2895/163 2700/3056/163 2699/3042/163
f 2530/2826/163 2531/2825/163 2612/2906/163 2611/2960/163
f 2499/2824/163 2500/2823/163 2581/3049/163 2580/2903/163
f 2482/2822/163 2483/2812/163 2564/2969/163 2563/2891/163
f 2472/2821/163 2473/2811/163 2554/2968/163 2553/2900/163
f 2511/2820/163 2512/2819/163 2593/2899/163 2592/2962/163
f 2522/2804/163 2523/2818/163 2604/2886/163 2603/2966/163
f 2500/2817/163 2504/2803/163 2585/2965/163 2581/3043/163
f 2536/2816/163 2537/2815/163 2618/2896/163 2617/2956/163
f 2493/2814/163 2494/2813/163 2575/2955/163 2574/2893/163
f 2652/2995/163 2653/2982/163 2734/3057/163 2733/3058/163
f 2705/2996/163 2701/2993/163 2782/3059/163 2786/3060/163
f 2677/2991/163 2678/2997/163 2759/3061/163 2758/3062/163
f 2704/2999/163 2705/2998/163 2786/3063/163 2785/3064/163
f 2631/3000/163 2632/2979/163 2713/3065/163 2712/3066/163
f 2639/3001/163 2640/2980/163 2721/3067/163 2720/3068/163
f 2651/3002/163 2652/2995/163 2733/3058/163 2732/3069/163
f 2701/2993/163 2704/3003/163 2785/3070/163 2782/3059/163
f 2658/3004/163 2659/2986/163 2740/3071/163 2739/3072/163
f 2695/2987/163 2696/3005/163 2777/3073/163 2776/3074/163
f 2678/2997/163 2679/3006/163 2760/3075/163 2759/3061/163
f 2702/3007/163 2701/2993/163 2782/3059/163 2783/3076/163
f 2670/2994/163 2671/3008/163 2752/3077/163 2751/3078/163
f 2638/3009/163 2639/3001/163 2720/3068/163 2719/3079/163
f 2650/3010/163 2651/3002/163 2732/3069/163 2731/3080/163
f 2679/3006/163 2680/3011/163 2761/3081/163 2760/3075/163
f 2630/3012/163 2631/3000/163 2712/3066/163 2711/3082/163
f 2637/3013/163 2638/3009/163 2719/3079/163 2718/3083/163
f 2649/3014/163 2650/3010/163 2731/3080/163 2730/3084/163
f 2657/3015/163 2658/3004/163 2739/3072/163 2738/3085/163
f 2696/3005/163 2697/3016/163 2778/3086/163 2777/3073/163
f 2690/2989/163 2691/3017/163 2772/3087/163 2771/3088/163
f 2680/3011/163 2681/3018/163 2762/3089/163 2761/3081/163
f 2671/3008/163 2672/3019/163 2753/3090/163 2752/3077/163
f 2648/3020/163 2649/3014/163 2730/3084/163 2729/3091/163
f 2681/3018/163 2682/3021/163 2763/3092/163 2762/3089/163
f 2629/3022/163 2630/3012/163 2711/3082/163 2710/3093/163
f 2636/3023/163 2637/3013/163 2718/3083/163 2717/3094/163
f 2647/3024/163 2648/3020/163 2729/3091/163 2728/3095/163
f 2656/3025/163 2657/3015/163 2738/3085/163 2737/3096/163
f 2697/3016/163 2698/3026/163 2779/3097/163 2778/3086/163
f 2664/3028/163 2663/3027/163 2744/3098/163 2745/3099/163
f 2691/3017/163 2692/3029/163 2773/3100/163 2772/3087/163
f 2682/3021/163 2683/3030/163 2764/3101/163 2763/3092/163
f 2672/3019/163 2673/3031/163 2754/3102/163 2753/3090/163
f 2663/3027/163 2665/3032/163 2746/3103/163 2744/3098/163
f 2646/3033/163 2647/3024/163 2728/3095/163 2727/3104/163
f 2666/3034/163 2665/3032/163 2746/3103/163 2747/3105/163
f 2683/3030/163 2684/3035/163 2765/3106/163 2764/3101/163
f 2628/3036/163 2629/3022/163 2710/3093/163 2709/3107/163
f 2666/3038/163 2667/3037/163 2748/3108/163 2747/3109/163
f 2635/3039/163 2636/3023/163 2717/3094/163 2716/3110/163
f 2645/3040/163 2646/3033/163 2727/3104/163 2726/3111/163
f 2655/3041/163 2656/3025/163 2737/3096/163 2736/3112/163
f 2698/3026/163 2699/3042/163 2780/3113/163 2779/3097/163
f 2662/3044/163 2666/3034/163 2747/3105/163 2743/3114/163
f 2684/3035/163 2685/3045/163 2766/3115/163 2765/3106/163
f 2673/3031/163 2674/3046/163 2755/3116/163 2754/3102/163
f 2634/3047/163 2635/3039/163 2716/3110/163 2715/3117/163
f 2644/3048/163 2645/3040/163 2726/3111/163 2725/3118/163
f 2661/3051/163 2662/3050/163 2743/3119/163 2742/3120/163
f 2692/3029/163 2693/3052/163 2774/3121/163 2773/3100/163
f 2685/3045/163 2686/3053/163 2767/3122/163 2766/3115/163
f 2627/3054/163 2628/3036/163 2709/3107/163 2708/3123/163
f 2667/3037/163 2668/2971/163 2749/3124/163 2748/3108/163
f 2643/3055/163 2644/3048/163 2725/3118/163 2724/3125/163
f 2654/2981/163 2655/3041/163 2736/3112/163 2735/3126/163
f 2699/3042/163 2700/3056/163 2781/3127/163 2780/3113/163
f 2686/3053/163 2687/2975/163 2768/3128/163 2767/3122/163
f 2674/3046/163 2675/3129/163 2756/3130/163 2755/3116/163
f 2633/2978/163 2634/3047/163 2715/3117/163 2714/3131/163
f 2642/2972/163 2643/3055/163 2724/3125/163 2723/3132/163
f 2660/2985/163 2661/3051/163 2742/3120/163 2741/3133/163
f 2693/3052/163 2694/2988/163 2775/3134/163 2774/3121/163
f 2688/2974/163 2689/2990/163 2770/3135/163 2769/3136/163
f 2675/3129/163 2676/2992/163 2757/3137/163 2756/3130/163
f 2626/2976/163 2627/3054/163 2708/3123/163 2707/3138/163
f 2668/2971/163 2669/2970/163 2750/3139/163 2749/3124/163
f 2641/2973/163 2642/2972/163 2723/3132/163 2722/3140/163
f 2687/2975/163 2688/2974/163 2769/3136/163 2768/3128/163
f 2706/2977/163 2626/2976/163 2707/3138/163 2787/3141/163
f 2632/2979/163 2633/2978/163 2714/3131/163 2713/3065/163
f 2545/2910/163 2546/2888/163 2627/3054/163 2626/2976/163
f 2594/2898/163 2595/2909/163 2676/2992/163 2675/3129/163
f 2607/2908/163 2608/2907/163 2689/2990/163 2688/2974/163
f 2612/2906/163 2613/2905/163 2694/2988/163 2693/3052/163
f 2579/2904/163 2580/2903/163 2661/3051/163 2660/2985/163
f 2561/2902/163 2562/2892/163 2643/3055/163 2642/2972/163
f 2552/2901/163 2553/2900/163 2634/3047/163 2633/2978/163
f 2593/2899/163 2594/2898/163 2675/3129/163 2674/3046/163
f 2605/2885/163 2606/2897/163 2687/2975/163 2686/3053/163
f 2730/3084/163 2731/3080/163 2812/3142/163 2811/3143/163
f 2738/3085/163 2739/3072/163 2820/3144/163 2819/3145/163
f 2777/3073/163 2778/3086/163 2859/3146/163 2858/3147/163
f 2771/3088/163 2772/3087/163 2853/3148/163 2852/3149/163
f 2761/3081/163 2762/3089/163 2843/3150/163 2842/3151/163
f 2752/3077/163 2753/3090/163 2834/3152/163 2833/3153/163
f 2729/3091/163 2730/3084/163 2811/3143/163 2810/3154/163
f 2762/3089/163 2763/3092/163 2844/3155/163 2843/3150/163
f 2710/3093/163 2711/3082/163 2792/3156/163 2791/3157/163
f 2717/3094/163 2718/3083/163 2799/3158/163 2798/3159/163
f 2728/3095/163 2729/3091/163 2810/3154/163 2809/3160/163
f 2737/3096/163 2738/3085/163 2819/3145/163 2818/3161/163
f 2778/3086/163 2779/3097/163 2860/3162/163 2859/3146/163
f 2745/3099/163 2744/3098/163 2825/3163/163 2826/3164/163
f 2772/3087/163 2773/3100/163 2854/3165/163 2853/3148/163
f 2763/3092/163 2764/3101/163 2845/3166/163 2844/3155/163
f 2753/3090/163 2754/3102/163 2835/3167/163 2834/3152/163
f 2744/3098/163 2746/3103/163 2827/3168/163 2825/3163/163
f 2727/3104/163 2728/3095/163 2809/3160/163 2808/3169/163
f 2747/3105/163 2746/3103/163 2827/3168/163 2828/3170/163
f 2764/3101/163 2765/3106/163 2846/3171/163 2845/3166/163
f 2709/3107/163 2710/3093/163 2791/3157/163 2790/3172/163
f 2747/3109/163 2748/3108/163 2829/3173/163 2828/3174/163
f 2716/3110/163 2717/3094/163 2798/3159/163 2797/3175/163
f 2726/3111/163 2727/3104/163 2808/3169/163 2807/3176/163
f 2736/3112/163 2737/3096/163 2818/3161/163 2817/3177/163
f 2779/3097/163 2780/3113/163 2861/3178/163 2860/3162/163
f 2743/3114/163 2747/3105/163 2828/3170/163 2824/3179/163
f 2765/3106/163 2766/3115/163 2847/3180/163 2846/3171/163
f 2754/3102/163 2755/3116/163 2836/3181/163 2835/3167/163
f 2715/3117/163 2716/3110/163 2797/3175/163 2796/3182/163
f 2725/3118/163 2726/3111/163 2807/3176/163 2806/3183/163
f 2742/3120/163 2743/3119/163 2824/3184/163 2823/3185/163
f 2773/3100/163 2774/3121/163 2855/3186/163 2854/3165/163
f 2766/3115/163 2767/3122/163 2848/3187/163 2847/3180/163
f 2708/3123/163 2709/3107/163 2790/3172/163 2789/3188/163
f 2748/3108/163 2749/3124/163 2830/3189/163 2829/3173/163
f 2724/3125/163 2725/3118/163 2806/3183/163 2805/3190/163
f 2735/3126/163 2736/3112/163 2817/3177/163 2816/3191/163
f 2780/3113/163 2781/3127/163 2862/3192/163 2861/3178/163
f 2767/3122/163 2768/3128/163 2849/3193/163 2848/3187/163
f 2755/3116/163 2756/3130/163 2837/3194/163 2836/3181/163
f 2714/3131/163 2715/3117/163 2796/3182/163 2795/3195/163
f 2723/3132/163 2724/3125/163 2805/3190/163 2804/3196/163
f 2741/3133/163 2742/3120/163 2823/3185/163 2822/3197/163
f 2774/3121/163 2775/3134/163 2856/3198/163 2855/3186/163
f 2769/3136/163 2770/3135/163 2851/3199/163 2850/3200/163
f 2756/3130/163 2757/3137/163 2838/3201/163 2837/3194/163
f 2707/3138/163 2708/3123/163 2789/3188/163 2788/3202/163
f 2749/3124/163 2750/3139/163 2831/3203/163 2830/3189/163
f 2722/3140/163 2723/3132/163 2804/3196/163 2803/3204/163
f 2768/3128/163 2769/3136/163 2850/3200/163 2849/3193/163
f 2787/3141/163 2707/3138/163 2788/3202/163 2868/3205/163
f 2713/3065/163 2714/3131/163 2795/3195/163 2794/3206/163
f 2721/3067/163 2722/3140/163 2803/3204/163 2802/3207/163
f 2734/3057/163 2735/3126/163 2816/3191/163 2815/3208/163
f 2781/3209/163 2787/3210/163 2868/3211/163 2862/3212/163
f 2740/3071/163 2741/3133/163 2822/3197/163 2821/3213/163
f 2775/3134/163 2776/3074/163 2857/3214/163 2856/3198/163
f 2770/3135/163 2771/3088/163 2852/3149/163 2851/3199/163
f 2757/3137/163 2758/3062/163 2839/3215/163 2838/3201/163
f 2782/3059/163 2781/3209/163 2862/3212/163 2863/3216/163
f 2750/3139/163 2751/3078/163 2832/3217/163 2831/3203/163
f 2733/3058/163 2734/3057/163 2815/3208/163 2814/3218/163
f 2786/3060/163 2782/3059/163 2863/3216/163 2867/3219/163
f 2758/3062/163 2759/3061/163 2840/3220/163 2839/3215/163
f 2785/3064/163 2786/3063/163 2867/3221/163 2866/3222/163
f 2712/3066/163 2713/3065/163 2794/3206/163 2793/3223/163
f 2720/3068/163 2721/3067/163 2802/3207/163 2801/3224/163
f 2732/3069/163 2733/3058/163 2814/3218/163 2813/3225/163
f 2782/3059/163 2785/3070/163 2866/3226/163 2863/3216/163
f 2739/3072/163 2740/3071/163 2821/3213/163 2820/3144/163
f 2669/2970/163 2670/2994/163 2751/3078/163 2750/3139/163
f 2701/2993/163 2700/2984/163 2781/3209/163 2782/3059/163
f 2676/2992/163 2677/2991/163 2758/3062/163 2757/3137/163
f 2689/2990/163 2690/2989/163 2771/3088/163 2770/3135/163
f 2694/2988/163 2695/2987/163 2776/3074/163 2775/3134/163
f 2659/2986/163 2660/2985/163 2741/3133/163 2740/3071/163
f 2700/2984/163 2706/2983/163 2787/3210/163 2781/3209/163
f 2653/2982/163 2654/2981/163 2735/3126/163 2734/3057/163
f 2640/2980/163 2641/2973/163 2722/3140/163 2721/3067/163
f 2853/3148/163 2854/3165/163 2935/3227/163 2934/3228/163
f 2844/3155/163 2845/3166/163 2926/3229/163 2925/3230/163
f 2834/3152/163 2835/3167/163 2916/3231/163 2915/3232/163
f 2825/3163/163 2827/3168/163 2908/3233/163 2906/3234/163
f 2808/3169/163 2809/3160/163 2890/3235/163 2889/3236/163
f 2828/3170/163 2827/3168/163 2908/3233/163 2909/3237/163
f 2845/3166/163 2846/3171/163 2927/3238/163 2926/3229/163
f 2790/3172/163 2791/3157/163 2872/3239/163 2871/3240/163
f 2828/3174/163 2829/3173/163 2910/3241/163 2909/3242/163
f 2797/3175/163 2798/3159/163 2879/3243/163 2878/3244/163
f 2807/3176/163 2808/3169/163 2889/3236/163 2888/3245/163
f 2817/3177/163 2818/3161/163 2899/3246/163 2898/3247/163
f 2860/3162/163 2861/3178/163 2942/3248/163 2941/3249/163
f 2824/3179/163 2828/3170/163 2909/3237/163 2905/3250/163
f 2846/3171/163 2847/3180/163 2928/3251/163 2927/3238/163
f 2835/3167/163 2836/3181/163 2917/3252/163 2916/3231/163
f 2796/3182/163 2797/3175/163 2878/3244/163 2877/3253/163
f 2806/3183/163 2807/3176/163 2888/3245/163 2887/3254/163
f 2823/3185/163 2824/3184/163 2905/3255/163 2904/3256/163
f 2854/3165/163 2855/3186/163 2936/3257/163 2935/3227/163
f 2847/3180/163 2848/3187/163 2929/3258/163 2928/3251/163
f 2789/3188/163 2790/3172/163 2871/3240/163 2870/3259/163
f 2829/3173/163 2830/3189/163 2911/3260/163 2910/3241/163
f 2805/3190/163 2806/3183/163 2887/3254/163 2886/3261/163
f 2816/3191/163 2817/3177/163 2898/3247/163 2897/3262/163
f 2861/3178/163 2862/3192/163 2943/3263/163 2942/3248/163
f 2848/3187/163 2849/3193/163 2930/3264/163 2929/3258/163
f 2836/3181/163 2837/3194/163 2918/3265/163 2917/3252/163
f 2795/3195/163 2796/3182/163 2877/3253/163 2876/3266/163
f 2804/3196/163 2805/3190/163 2886/3261/163 2885/3267/163
f 2822/3197/163 2823/3185/163 2904/3256/163 2903/3268/163
f 2855/3186/163 2856/3198/163 2937/3269/163 2936/3257/163
f 2850/3200/163 2851/3199/163 2932/3270/163 2931/3271/163
f 2837/3194/163 2838/3201/163 2919/3272/163 2918/3265/163
f 2788/3202/163 2789/3188/163 2870/3259/163 2869/3273/163
f 2830/3189/163 2831/3203/163 2912/3274/163 2911/3260/163
f 2803/3204/163 2804/3196/163 2885/3267/163 2884/3275/163
f 2849/3193/163 2850/3200/163 2931/3271/163 2930/3264/163
f 2868/3205/163 2788/3202/163 2869/3273/163 2949/3276/163
f 2794/3206/163 2795/3195/163 2876/3266/163 2875/3277/163
f 2802/3207/163 2803/3204/163 2884/3275/163 2883/3278/163
f 2815/3208/163 2816/3191/163 2897/3262/163 2896/3279/163
f 2862/3212/163 2868/3211/163 2949/3280/163 2943/3281/163
f 2821/3213/163 2822/3197/163 2903/3268/163 2902/3282/163
f 2856/3198/163 2857/3214/163 2938/3283/163 2937/3269/163
f 2851/3199/163 2852/3149/163 2933/3284/163 2932/3270/163
f 2838/3201/163 2839/3215/163 2920/3285/163 2919/3272/163
f 2863/3216/163 2862/3212/163 2943/3281/163 2944/3286/163
f 2831/3203/163 2832/3217/163 2913/3287/163 2912/3274/163
f 2814/3218/163 2815/3208/163 2896/3279/163 2895/3288/163
f 2867/3219/163 2863/3216/163 2944/3286/163 2948/3289/163
f 2839/3215/163 2840/3220/163 2921/3290/163 2920/3285/163
f 2866/3222/163 2867/3221/163 2948/3291/163 2947/3292/163
f 2793/3223/163 2794/3206/163 2875/3277/163 2874/3293/163
f 2801/3224/163 2802/3207/163 2883/3278/163 2882/3294/163
f 2813/3225/163 2814/3218/163 2895/3288/163 2894/3295/163
f 2863/3216/163 2866/3226/163 2947/3296/163 2944/3286/163
f 2820/3144/163 2821/3213/163 2902/3282/163 2901/3297/163
f 2857/3214/163 2858/3147/163 2939/3298/163 2938/3283/163
f 2840/3220/163 2841/3299/163 2922/3300/163 2921/3290/163
f 2864/3301/163 2863/3216/163 2944/3286/163 2945/3302/163
f 2832/3217/163 2833/3153/163 2914/3303/163 2913/3287/163
f 2800/3304/163 2801/3224/163 2882/3294/163 2881/3305/163
f 2812/3142/163 2813/3225/163 2894/3295/163 2893/3306/163
f 2841/3299/163 2842/3151/163 2923/3307/163 2922/3300/163
f 2792/3156/163 2793/3223/163 2874/3293/163 2873/3308/163
f 2799/3158/163 2800/3304/163 2881/3305/163 2880/3309/163
f 2811/3143/163 2812/3142/163 2893/3306/163 2892/3310/163
f 2819/3145/163 2820/3144/163 2901/3297/163 2900/3311/163
f 2858/3147/163 2859/3146/163 2940/3312/163 2939/3298/163
f 2852/3149/163 2853/3148/163 2934/3228/163 2933/3284/163
f 2842/3151/163 2843/3150/163 2924/3313/163 2923/3307/163
f 2718/3083/163 2719/3079/163 2800/3304/163 2799/3158/163
f 2711/3082/163 2712/3066/163 2793/3223/163 2792/3156/163
f 2760/3075/163 2761/3081/163 2842/3151/163 2841/3299/163
f 2731/3080/163 2732/3069/163 2813/3225/163 2812/3142/163
f 2719/3079/163 2720/3068/163 2801/3224/163 2800/3304/163
f 2751/3078/163 2752/3077/163 2833/3153/163 2832/3217/163
f 2783/3076/163 2782/3059/163 2863/3216/163 2864/3301/163
f 2759/3061/163 2760/3075/163 2841/3299/163 2840/3220/163
f 2776/3074/163 2777/3073/163 2858/3147/163 2857/3214/163
f 2927/3238/163 2928/3251/163 3009/3314/163 3008/3315/163
f 2916/3231/163 2917/3252/163 2998/3316/163 2997/3317/163
f 2877/3253/163 2878/3244/163 2959/3318/163 2958/3319/163
f 2887/3254/163 2888/3245/163 2969/3320/163 2968/3321/163
f 2904/3256/163 2905/3255/163 2986/3322/163 2985/3323/163
f 2935/3227/163 2936/3257/163 3017/3324/163 3016/3325/163
f 2928/3251/163 2929/3258/163 3010/3326/163 3009/3314/163
f 2870/3259/163 2871/3240/163 2952/3327/163 2951/3328/163
f 2910/3241/163 2911/3260/163 2992/3329/163 2991/3330/163
f 2886/3261/163 2887/3254/163 2968/3321/163 2967/3331/163
f 2897/3262/163 2898/3247/163 2979/3332/163 2978/3333/163
f 2942/3248/163 2943/3263/163 3024/3334/163 3023/3335/163
f 2929/3258/163 2930/3264/163 3011/3336/163 3010/3326/163
f 2917/3252/163 2918/3265/163 2999/3337/163 2998/3316/163
f 2876/3266/163 2877/3253/163 2958/3319/163 2957/3338/163
f 2885/3267/163 2886/3261/163 2967/3331/163 2966/3339/163
f 2903/3268/163 2904/3256/163 2985/3323/163 2984/3340/163
f 2936/3257/163 2937/3269/163 3018/3341/163 3017/3324/163
f 2931/3271/163 2932/3270/163 3013/3342/163 3012/3343/163
f 2918/3265/163 2919/3272/163 3000/3344/163 2999/3337/163
f 2869/3273/163 2870/3259/163 2951/3328/163 2950/3345/163
f 2911/3260/163 2912/3274/163 2993/3346/163 2992/3329/163
f 2884/3275/163 2885/3267/163 2966/3339/163 2965/3347/163
f 2930/3264/163 2931/3271/163 3012/3343/163 3011/3336/163
f 2949/3276/163 2869/3273/163 2950/3345/163 3030/3348/163
f 2875/3277/163 2876/3266/163 2957/3338/163 2956/3349/163
f 2883/3278/163 2884/3275/163 2965/3347/163 2964/3350/163
f 2896/3279/163 2897/3262/163 2978/3333/163 2977/3351/163
f 2943/3281/163 2949/3280/163 3030/3352/163 3024/3353/163
f 2902/3282/163 2903/3268/163 2984/3340/163 2983/3354/163
f 2937/3269/163 2938/3283/163 3019/3355/163 3018/3341/163
f 2932/3270/163 2933/3284/163 3014/3356/163 3013/3342/163
f 2919/3272/163 2920/3285/163 3001/3357/163 3000/3344/163
f 2944/3286/163 2943/3281/163 3024/3353/163 3025/3358/163
f 2912/3274/163 2913/3287/163 2994/3359/163 2993/3346/163
f 2895/3288/163 2896/3279/163 2977/3351/163 2976/3360/163
f 2948/3289/163 2944/3286/163 3025/3358/163 3029/3361/163
f 2920/3285/163 2921/3290/163 3002/3362/163 3001/3357/163
f 2947/3292/163 2948/3291/163 3029/3363/163 3028/3364/163
f 2874/3293/163 2875/3277/163 2956/3349/163 2955/3365/163
f 2882/3294/163 2883/3278/163 2964/3350/163 2963/3366/163
f 2894/3295/163 2895/3288/163 2976/3360/163 2975/3367/163
f 2944/3286/163 2947/3296/163 3028/3368/163 3025/3358/163
f 2901/3297/163 2902/3282/163 2983/3354/163 2982/3369/163
f 2938/3283/163 2939/3298/163 3020/3370/163 3019/3355/163
f 2921/3290/163 2922/3300/163 3003/3371/163 3002/3362/163
f 2945/3302/163 2944/3286/163 3025/3358/163 3026/3372/163
f 2913/3287/163 2914/3303/163 2995/3373/163 2994/3359/163
f 2881/3305/163 2882/3294/163 2963/3366/163 2962/3374/163
f 2893/3306/163 2894/3295/163 2975/3367/163 2974/3375/163
f 2922/3300/163 2923/3307/163 3004/3376/163 3003/3371/163
f 2873/3308/163 2874/3293/163 2955/3365/163 2954/3377/163
f 2880/3309/163 2881/3305/163 2962/3374/163 2961/3378/163
f 2892/3310/163 2893/3306/163 2974/3375/163 2973/3379/163
f 2900/3311/163 2901/3297/163 2982/3369/163 2981/3380/163
f 2939/3298/163 2940/3312/163 3021/3381/163 3020/3370/163
f 2933/3284/163 2934/3228/163 3015/3382/163 3014/3356/163
f 2923/3307/163 2924/3313/163 3005/3383/163 3004/3376/163
f 2914/3303/163 2915/3232/163 2996/3384/163 2995/3373/163
f 2891/3385/163 2892/3310/163 2973/3379/163 2972/3386/163
f 2924/3313/163 2925/3230/163 3006/3387/163 3005/3383/163
f 2872/3239/163 2873/3308/163 2954/3377/163 2953/3388/163
f 2879/3243/163 2880/3309/163 2961/3378/163 2960/3389/163
f 2890/3235/163 2891/3385/163 2972/3386/163 2971/3390/163
f 2899/3246/163 2900/3311/163 2981/3380/163 2980/3391/163
f 2940/3312/163 2941/3249/163 3022/3392/163 3021/3381/163
f 2907/3393/163 2906/3234/163 2987/3394/163 2988/3395/163
f 2934/3228/163 2935/3227/163 3016/3325/163 3015/3382/163
f 2925/3230/163 2926/3229/163 3007/3396/163 3006/3387/163
f 2915/3232/163 2916/3231/163 2997/3317/163 2996/3384/163
f 2906/3234/163 2908/3233/163 2989/3397/163 2987/3394/163
f 2889/3236/163 2890/3235/163 2971/3390/163 2970/3398/163
f 2826/3164/163 2825/3163/163 2906/3234/163 2907/3393/163
f 2859/3146/163 2860/3162/163 2941/3249/163 2940/3312/163
f 2818/3161/163 2819/3145/163 2900/3311/163 2899/3246/163
f 2809/3160/163 2810/3154/163 2891/3385/163 2890/3235/163
f 2798/3159/163 2799/3158/163 2880/3309/163 2879/3243/163
f 2791/3157/163 2792/3156/163 2873/3308/163 2872/3239/163
f 2843/3150/163 2844/3155/163 2925/3230/163 2924/3313/163
f 2810/3154/163 2811/3143/163 2892/3310/163 2891/3385/163
f 2833/3153/163 2834/3152/163 2915/3232/163 2914/3303/163
f 2984/3340/163 2985/3323/163 3066/3399/163 3065/3400/163
f 3017/3324/163 3018/3341/163 3099/3401/163 3098/3402/163
f 3012/3343/163 3013/3342/163 3094/3403/163 3093/3404/163
f 2999/3337/163 3000/3344/163 3081/3405/163 3080/3406/163
f 2950/3345/163 2951/3328/163 3032/3407/163 3031/3408/163
f 2992/3329/163 2993/3346/163 3074/3409/163 3073/3410/163
f 2965/3347/163 2966/3339/163 3047/3411/163 3046/3412/163
f 3011/3336/163 3012/3343/163 3093/3404/163 3092/3413/163
f 3030/3348/163 2950/3345/163 3031/3408/163 3111/3414/163
f 2956/3349/163 2957/3338/163 3038/3415/163 3037/3416/163
f 2964/3350/163 2965/3347/163 3046/3412/163 3045/3417/163
f 2977/3351/163 2978/3333/163 3059/3418/163 3058/3419/163
f 3024/3353/163 3030/3352/163 3111/3420/163 3105/3421/163
f 2983/3354/163 2984/3340/163 3065/3400/163 3064/3422/163
f 3018/3341/163 3019/3355/163 3100/3423/163 3099/3401/163
f 3013/3342/163 3014/3356/163 3095/3424/163 3094/3403/163
f 3000/3344/163 3001/3357/163 3082/3425/163 3081/3405/163
f 3025/3358/163 3024/3353/163 3105/3421/163 3106/3426/163
f 2993/3346/163 2994/3359/163 3075/3427/163 3074/3409/163
f 2976/3360/163 2977/3351/163 3058/3419/163 3057/3428/163
f 3029/3361/163 3025/3358/163 3106/3426/163 3110/3429/163
f 3001/3357/163 3002/3362/163 3083/3430/163 3082/3425/163
f 3028/3364/163 3029/3363/163 3110/3431/163 3109/3432/163
f 2955/3365/163 2956/3349/163 3037/3416/163 3036/3433/163
f 2963/3366/163 2964/3350/163 3045/3417/163 3044/3434/163
f 2975/3367/163 2976/3360/163 3057/3428/163 3056/3435/163
f 3025/3358/163 3028/3368/163 3109/3436/163 3106/3426/163
f 2982/3369/163 2983/3354/163 3064/3422/163 3063/3437/163
f 3019/3355/163 3020/3370/163 3101/3438/163 3100/3423/163
f 3002/3362/163 3003/3371/163 3084/3439/163 3083/3430/163
f 3026/3372/163 3025/3358/163 3106/3426/163 3107/3440/163
f 2994/3359/163 2995/3373/163 3076/3441/163 3075/3427/163
f 2962/3374/163 2963/3366/163 3044/3434/163 3043/3442/163
f 2974/3375/163 2975/3367/163 3056/3435/163 3055/3443/163
f 3003/3371/163 3004/3376/163 3085/3444/163 3084/3439/163
f 2954/3377/163 2955/3365/163 3036/3433/163 3035/3445/163
f 2961/3378/163 2962/3374/163 3043/3442/163 3042/3446/163
f 2973/3379/163 2974/3375/163 3055/3443/163 3054/3447/163
f 2981/3380/163 2982/3369/163 3063/3437/163 3062/3448/163
f 3020/3370/163 3021/3381/163 3102/3449/163 3101/3438/163
f 3014/3356/163 3015/3382/163 3096/3450/163 3095/3424/163
f 3004/3376/163 3005/3383/163 3086/3451/163 3085/3444/163
f 2995/3373/163 2996/3384/163 3077/3452/163 3076/3441/163
f 2972/3386/163 2973/3379/163 3054/3447/163 3053/3453/163
f 3005/3383/163 3006/3387/163 3087/3454/163 3086/3451/163
f 2953/3388/163 2954/3377/163 3035/3445/163 3034/3455/163
f 2960/3389/163 2961/3378/163 3042/3446/163 3041/3456/163
f 2971/3390/163 2972/3386/163 3053/3453/163 3052/3457/163
f 2980/3391/163 2981/3380/163 3062/3448/163 3061/3458/163
f 3021/3381/163 3022/3392/163 3103/3459/163 3102/3449/163
f 2988/3395/163 2987/3394/163 3068/3460/163 3069/3461/163
f 3015/3382/163 3016/3325/163 3097/3462/163 3096/3450/163
f 3006/3387/163 3007/3396/163 3088/3463/163 3087/3454/163
f 2996/3384/163 2997/3317/163 3078/3464/163 3077/3452/163
f 2987/3394/163 2989/3397/163 3070/3465/163 3068/3460/163
f 2970/3398/163 2971/3390/163 3052/3457/163 3051/3466/163
f 2990/3467/163 2989/3397/163 3070/3465/163 3071/3468/163
f 3007/3396/163 3008/3315/163 3089/3469/163 3088/3463/163
f 2952/3327/163 2953/3388/163 3034/3455/163 3033/3470/163
f 2990/3471/163 2991/3330/163 3072/3472/163 3071/3473/163
f 2959/3318/163 2960/3389/163 3041/3456/163 3040/3474/163
f 2969/3320/163 2970/3398/163 3051/3466/163 3050/3475/163
f 2979/3332/163 2980/3391/163 3061/3458/163 3060/3476/163
f 3022/3392/163 3023/3335/163 3104/3477/163 3103/3459/163
f 2986/3478/163 2990/3467/163 3071/3468/163 3067/3479/163
f 3008/3315/163 3009/3314/163 3090/3480/163 3089/3469/163
f 2997/3317/163 2998/3316/163 3079/3481/163 3078/3464/163
f 2958/3319/163 2959/3318/163 3040/3474/163 3039/3482/163
f 2968/3321/163 2969/3320/163 3050/3475/163 3049/3483/163
f 2985/3323/163 2986/3322/163 3067/3484/163 3066/3399/163
f 3016/3325/163 3017/3324/163 3098/3402/163 3097/3462/163
f 3009/3314/163 3010/3326/163 3091/3485/163 3090/3480/163
f 2905/3250/163 2909/3237/163 2990/3467/163 2986/3478/163
f 2941/3249/163 2942/3248/163 3023/3335/163 3022/3392/163
f 2898/3247/163 2899/3246/163 2980/3391/163 2979/3332/163
f 2888/3245/163 2889/3236/163 2970/3398/163 2969/3320/163
f 2878/3244/163 2879/3243/163 2960/3389/163 2959/3318/163
f 2909/3242/163 2910/3241/163 2991/3330/163 2990/3471/163
f 2871/3240/163 2872/3239/163 2953/3388/163 2952/3327/163
f 2926/3229/163 2927/3238/163 3008/3315/163 3007/3396/163
f 2909/3237/163 2908/3233/163 2989/3397/163 2990/3467/163
f 3040/3474/164 3041/3456/164 3122/3486/164 3121/3487/164
f 3050/3475/165 3051/3466/165 3132/3488/165 3131/3489/165
f 3060/3476/166 3061/3458/166 3142/3490/166 3141/3491/166
f 3103/3459/167 3104/3477/167 3185/3492/167 3184/3493/167
f 3067/3479/168 3071/3468/168 3152/3494/168 3148/3495/168
f 3089/3469/169 3090/3480/169 3171/3496/169 3170/3497/169
f 3078/3464/170 3079/3481/170 3160/3498/170 3159/3499/170
f 3039/3482/171 3040/3474/171 3121/3487/171 3120/3500/171
f 3049/3483/165 3050/3475/165 3131/3489/165 3130/3501/165
f 3109/3432/172 3110/3431/172 3191/3502/172 3190/3503/172
f 3066/3399/173 3067/3484/173 3148/3504/173 3147/3505/173
f 3097/3462/174 3098/3402/174 3179/3506/174 3178/3507/174
f 3106/3426/175 3109/3436/175 3190/3508/175 3187/3509/175
f 3090/3480/169 3091/3485/169 3172/3510/169 3171/3496/169
f 3032/3407/176 3033/3470/176 3114/3511/176 3113/3512/176
f 3072/3472/177 3073/3410/177 3154/3513/177 3153/3514/177
f 3048/3515/165 3049/3483/165 3130/3501/165 3129/3516/165
f 3107/3440/178 3106/3426/178 3187/3509/178 3188/3517/178
f 3059/3418/179 3060/3476/179 3141/3491/179 3140/3518/179
f 3104/3477/180 3105/3519/180 3186/3520/180 3185/3492/180
f 3091/3485/181 3092/3413/181 3173/3521/181 3172/3510/181
f 3079/3481/182 3080/3406/182 3161/3522/182 3160/3498/182
f 3038/3415/183 3039/3482/183 3120/3500/183 3119/3523/183
f 3047/3411/165 3048/3515/165 3129/3516/165 3128/3524/165
f 3065/3400/184 3066/3399/184 3147/3505/184 3146/3525/184
f 3098/3402/185 3099/3401/185 3180/3526/185 3179/3506/185
f 3093/3404/186 3094/3403/186 3175/3527/186 3174/3528/186
f 3080/3406/169 3081/3405/169 3162/3529/169 3161/3522/169
f 3031/3408/187 3032/3407/187 3113/3512/187 3112/3530/187
f 3073/3410/188 3074/3409/188 3155/3531/188 3154/3513/188
f 3046/3412/165 3047/3411/165 3128/3524/165 3127/3532/165
f 3092/3413/189 3093/3404/189 3174/3528/189 3173/3521/189
f 3111/3414/190 3031/3408/190 3112/3530/190 3192/3533/190
f 3037/3416/191 3038/3415/191 3119/3523/191 3118/3534/191
f 3045/3417/165 3046/3412/165 3127/3532/165 3126/3535/165
f 3058/3419/192 3059/3418/192 3140/3518/192 3139/3536/192
f 3105/3421/193 3111/3420/193 3192/3537/193 3186/3538/193
f 3064/3422/194 3065/3400/194 3146/3525/194 3145/3539/194
f 3099/3401/195 3100/3423/195 3181/3540/195 3180/3526/195
f 3094/3403/196 3095/3424/196 3176/3541/196 3175/3527/196
f 3081/3405/169 3082/3425/169 3163/3542/169 3162/3529/169
f 3106/3426/197 3105/3421/197 3186/3538/197 3187/3509/197
f 3074/3409/198 3075/3427/198 3156/3543/198 3155/3531/198
f 3057/3428/165 3058/3419/165 3139/3536/165 3138/3544/165
f 3110/3429/199 3106/3426/199 3187/3509/199 3191/3545/199
f 3082/3425/169 3083/3430/169 3164/3546/169 3163/3542/169
f 3036/3433/200 3037/3416/200 3118/3534/200 3117/3547/200
f 3044/3434/165 3045/3417/165 3126/3535/165 3125/3548/165
f 3056/3435/201 3057/3428/201 3138/3544/201 3137/3549/201
f 3063/3437/202 3064/3422/202 3145/3539/202 3144/3550/202
f 3100/3423/203 3101/3438/203 3182/3551/203 3181/3540/203
f 3083/3430/169 3084/3439/169 3165/3552/169 3164/3546/169
f 3075/3427/204 3076/3441/204 3157/3553/204 3156/3543/204
f 3043/3442/165 3044/3434/165 3125/3548/165 3124/3554/165
f 3055/3443/205 3056/3435/205 3137/3549/205 3136/3555/205
f 3084/3439/169 3085/3444/169 3166/3556/169 3165/3552/169
f 3035/3445/206 3036/3433/206 3117/3547/206 3116/3557/206
f 3042/3446/207 3043/3442/207 3124/3554/207 3123/3558/207
f 3054/3447/165 3055/3443/165 3136/3555/165 3135/3559/165
f 3062/3448/208 3063/3437/208 3144/3550/208 3143/3560/208
f 3101/3438/209 3102/3449/209 3183/3561/209 3182/3551/209
f 3095/3424/210 3096/3450/210 3177/3562/210 3176/3541/210
f 3085/3444/169 3086/3451/169 3167/3563/169 3166/3556/169
f 3076/3441/211 3077/3452/211 3158/3564/211 3157/3553/211
f 3053/3453/165 3054/3447/165 3135/3559/165 3134/3565/165
f 3086/3451/169 3087/3454/169 3168/3566/169 3167/3563/169
f 3034/3455/212 3035/3445/212 3116/3557/212 3115/3567/212
f 3041/3456/213 3042/3446/213 3123/3558/213 3122/3486/213
f 3052/3457/165 3053/3453/165 3134/3565/165 3133/3568/165
f 3061/3458/214 3062/3448/214 3143/3560/214 3142/3490/214
f 3102/3449/215 3103/3459/215 3184/3493/215 3183/3561/215
f 3069/3461/216 3068/3460/216 3149/3569/216 3150/3570/216
f 2966/3339/163 2967/3331/163 3048/3515/163 3047/3411/163
f 2957/3338/163 2958/3319/163 3039/3482/163 3038/3415/163
f 2998/3316/163 2999/3337/163 3080/3406/163 3079/3481/163
f 3010/3326/163 3011/3336/163 3092/3413/163 3091/3485/163
f 3023/3335/163 3024/3334/163 3105/3519/163 3104/3477/163
f 2978/3333/163 2979/3332/163 3060/3476/163 3059/3418/163
f 2967/3331/163 2968/3321/163 3049/3483/163 3048/3515/163
f 2991/3330/163 2992/3329/163 3073/3410/163 3072/3472/163
f 2951/3328/163 2952/3327/163 3033/3470/163 3032/3407/163
f 3191/3545/217 3187/3509/217 3190/3508/217
f 3112/3530/162 3186/3538/162 3192/3537/162
f 3113/3571/162 3186/3538/162 3112/3530/162
f 3113/3571/162 3185/3572/162 3186/3538/162
f 3114/3573/162 3185/3572/162 3113/3571/162
f 3114/3573/162 3184/3574/162 3185/3572/162
f 3115/3575/162 3184/3574/162 3114/3573/162
f 3115/3575/162 3183/3576/162 3184/3574/162
f 3116/3577/162 3183/3576/162 3115/3575/162
f 3116/3577/162 3182/3578/162 3183/3576/162
f 3117/3579/162 3182/3578/162 3116/3577/162
f 3117/3579/162 3181/3580/162 3182/3578/162
f 3118/3581/162 3181/3580/162 3117/3579/162
f 3118/3581/162 3180/3582/162 3181/3580/162
f 3119/3583/162 3180/3582/162 3118/3581/162
f 3119/3583/162 3179/3584/162 3180/3582/162
f 3120/3585/162 3179/3584/162 3119/3583/162
f 3120/3585/162 3178/3586/162 3179/3584/162
f 3121/3587/162 3178/3586/162 3120/3585/162
f 3122/3588/162 3178/3586/162 3121/3587/162
f 3122/3588/162 3177/3589/162 3178/3586/162
f 3123/3590/162 3177/3589/162 3122/3588/162
f 3123/3590/162 3176/3591/162 3177/3589/162
f 3124/3592/162 3176/3591/162 3123/3590/162
f 3125/3593/162 3176/3591/162 3124/3592/162
f 3126/3594/162 3176/3591/162 3125/3593/162
f 3126/3594/162 3175/3595/162 3176/3591/162
f 3127/3596/162 3175/3595/162 3126/3594/162
f 3128/3597/162 3175/3595/162 3127/3596/162
f 3129/3598/162 3175/3595/162 3128/3597/162
f 3130/3599/162 3175/3595/162 3129/3598/162
f 3131/3600/162 3175/3595/162 3130/3599/162
f 3132/3601/162 3175/3595/162 3131/3600/162
f 3133/3602/162 3175/3595/162 3132/3601/162
f 3134/3603/162 3175/3595/162 3133/3602/162
f 3135/3604/162 3175/3595/162 3134/3603/162
f 3136/3605/162 3175/3595/162 3135/3604/162
f 3137/3606/162 3175/3595/162 3136/3605/162
f 3138/3607/162 3175/3595/162 3137/3606/162
f 3139/3608/162 3173/3609/162 3138/3607/162
f 3173/3609/162 3175/3595/162 3138/3607/162
f 3173/3609/162 3174/3610/162 3175/3595/162
f 3139/3608/162 3172/3611/162 3173/3609/162
f 3139/3608/162 3171/3612/162 3172/3611/162
f 3139/3608/162 3170/3613/162 3171/3612/162
f 3139/3608/162 3169/3614/162 3170/3613/162
f 3139/3608/162 3168/3615/162 3169/3614/162
f 3139/3608/162 3167/3616/162 3168/3615/162
f 3139/3608/162 3166/3617/162 3167/3616/162
f 3139/3608/162 3165/3618/162 3166/3617/162
f 3139/3608/162 3164/3619/162 3165/3618/162
f 3139/3608/162 3163/3620/162 3164/3619/162
f 3139/3608/162 3162/3621/162 3163/3620/162
f 3140/3622/162 3162/3621/162 3139/3608/162
f 3140/3622/162 3161/3623/162 3162/3621/162
f 3140/3622/162 3160/3624/162 3161/3623/162
f 3141/3625/162 3160/3624/162 3140/3622/162
f 3141/3625/162 3159/3626/162 3160/3624/162
f 3142/3627/162 3159/3626/162 3141/3625/162
f 3142/3627/162 3158/3628/162 3159/3626/162
f 3143/3629/162 3158/3628/162 3142/3627/162
f 3143/3629/162 3157/3630/162 3158/3628/162
f 3144/3631/162 3157/3630/162 3143/3629/162
f 3144/3631/162 3156/3632/162 3157/3630/162
f 3145/3633/162 3156/3632/162 3144/3631/162
f 3145/3633/162 3155/3634/162 3156/3632/162
f 3146/3635/162 3155/3634/162 3145/3633/162
f 3146/3635/162 3154/3636/162 3155/3634/162
f 3147/3637/162 3154/3636/162 3146/3635/162
f 3147/3637/162 3153/3638/162 3154/3636/162
f 3148/3495/162 3153/3638/162 3147/3637/162
f 3148/3495/162 3152/3494/162 3153/3638/162
f 3071/3473/218 3072/3472/218 3153/3514/218 3152/3639/218
f 3033/3470/219 3034/3455/219 3115/3567/219 3114/3511/219
f 3088/3463/169 3089/3469/169 3170/3497/169 3169/3640/169
f 3071/3468/220 3070/3465/220 3151/3641/220 3152/3494/220
f 3051/3466/165 3052/3457/165 3133/3568/165 3132/3488/165
f 3068/3460/221 3070/3465/221 3151/3641/221 3149/3569/221
f 3077/3452/222 3078/3464/222 3159/3499/222 3158/3564/222
f 3087/3454/169 3088/3463/169 3169/3640/169 3168/3566/169
f 3096/3450/223 3097/3462/223 3178/3507/223 3177/3562/223
l 2294 2379
l 2379 2460
l 2460 2541
l 2541 2622
l 2622 2703
l 2703 2784
l 2784 2865
l 2865 2946
l 2946 3027
l 3027 3108
l 3108 3189
